Year,Quarter,Region,Total_Enrollment,Telehealth_Users,Telehealth_Rate
2020,Overall,Alabama,504096.33333,206967.0,0.4204
2020,Overall,Alaska,90235.25,38164.0,0.4774
2020,Overall,Arizona,683404.66667,330868.0,0.5093
2020,Overall,Arkansas,408027.75,156778.0,0.3966
2020,Overall,California,2937567.8333,1602926.0,0.5969
2020,Overall,Colorado,448799.91667,191989.0,0.4572
2020,Overall,Connecticut,315203.25,181962.0,0.5861
2020,Overall,Delaware,159145.16667,96701.0,0.6162
2020,Overall,District Of Columbia,57945.916667,31743.0,0.5881
2020,Overall,Florida,2120377.4167,1000400.0,0.4817
2020,Overall,Georgia,882774.91667,350406.0,0.4087
2020,Overall,Hawaii,110054.16667,52125.0,0.5131
2020,Overall,Idaho,194966.33333,61565.0,0.3368
2020,Overall,Illinois,1386115.0833,610824.0,0.4574
2020,Overall,Indiana,732557.5,322339.0,0.4491
2020,Overall,Iowa,434031.08333,149052.0,0.3519
2020,Overall,Kansas,385872.91667,117844.0,0.3132
2020,Overall,Kentucky,517771.33333,231808.0,0.4588
2020,Overall,Louisiana,450725.25,188604.0,0.4245
2020,Overall,Maine,177357.5,78285.0,0.4678
2020,Overall,Maryland,777950.41667,440009.0,0.5908
2020,Overall,Massachusetts,852443.91667,577879.0,0.6927
2020,Overall,Michigan,965988.08333,456287.0,0.4871
2020,Overall,Minnesota,460879.83333,225466.0,0.5116
2020,Overall,Mississippi,427175.83333,181157.0,0.4295
2020,Overall,Missouri,655256.66667,225058.0,0.3552
2020,Overall,Montana,171261.5,49185.0,0.3084
2020,Overall,Nebraska,253796.75,69034.0,0.2814
2020,Overall,Nevada,273383.75,110315.0,0.4406
2020,Overall,New Hampshire,207632.25,108006.0,0.5513
2020,Overall,New Jersey,938807.25,509810.0,0.5565
2020,Overall,New Mexico,226952.83333,113745.0,0.545
2020,Overall,New York,1723371.4167,899888.0,0.5355
2020,Overall,North Carolina,1087702.0833,463253.0,0.4355
2020,Overall,North Dakota,96687.666667,24094.0,0.2579
2020,Overall,Ohio,1107520.0,515904.0,0.4751
2020,Overall,Oklahoma,497752.58333,196818.0,0.4073
2020,Overall,Oregon,398617.0,178742.0,0.4894
2020,Overall,Pennsylvania,1311244.4167,648854.0,0.5071
2020,Overall,Puerto Rico,47376.0,15836.0,0.3949
2020,Overall,Rhode Island,93738.333333,59970.0,0.6622
2020,Overall,South Carolina,671168.58333,249151.0,0.3773
2020,Overall,South Dakota,124379.91667,40049.0,0.3383
2020,Overall,Tennessee,700553.5,212110.0,0.3097
2020,Overall,Territories,16553.0,1752.0,0.1452
2020,Overall,Texas,2086648.4167,1010215.0,0.5081
2020,Overall,Utah,210956.33333,81868.0,0.4045
2020,Overall,Vermont,116687.25,61207.0,0.5525
2020,Overall,Virgin Islands,17865.25,4599.0,0.3112
2020,Overall,Virginia,1006405.5,446334.0,0.4559
2020,Overall,Washington,762352.75,299696.0,0.4269
2020,Overall,West Virginia,246102.25,103198.0,0.4388
2020,Overall,Wisconsin,568424.75,217375.0,0.4016
2020,Overall,Wyoming,99242.583333,27754.0,0.3014
2020,Overall,Alabama,150932.91667,56053.0,0.3791
2020,Overall,Alaska,42692.166667,17169.0,0.4535
2020,Overall,Arizona,106532.25,43229.0,0.4417
2020,Overall,Arkansas,186186.33333,66119.0,0.367
2020,Overall,California,328365.16667,162941.0,0.5412
2020,Overall,Colorado,113596.08333,39544.0,0.3789
2020,Overall,Connecticut,13949.916667,7320.0,0.5354
2020,Overall,Delaware,48087.333333,28640.0,0.5964
2020,Overall,Florida,85280.5,32523.0,0.398
2020,Overall,Georgia,185015.91667,67462.0,0.3704
2020,Overall,Hawaii,36560.75,14227.0,0.4274
2020,Overall,Idaho,83485.0,21883.0,0.2848
2020,Overall,Illinois,259403.33333,86460.0,0.3445
2020,Overall,Indiana,211253.66667,82366.0,0.3985
2020,Overall,Iowa,238406.25,73105.0,0.3154
2020,Overall,Kansas,183964.91667,51446.0,0.288
2020,Overall,Kentucky,268913.91667,121369.0,0.464
2020,Overall,Louisiana,105117.91667,44033.0,0.4242
2020,Overall,Maine,100080.91667,42473.0,0.4503
2020,Overall,Maryland,44671.166667,22638.0,0.5162
2020,Overall,Massachusetts,33701.916667,21767.0,0.6678
2020,Overall,Michigan,249132.83333,100221.0,0.4222
2020,Overall,Minnesota,171742.5,66563.0,0.4085
2020,Overall,Mississippi,254065.08333,101031.0,0.4005
2020,Overall,Missouri,244991.83333,69061.0,0.2965
2020,Overall,Montana,116200.5,32779.0,0.3052
2020,Overall,Nebraska,129410.66667,31640.0,0.2531
2020,Overall,Nevada,48114.583333,16280.0,0.3687
2020,Overall,New Hampshire,90970.583333,43433.0,0.5115
2020,Overall,New Jersey,11271.083333,5903.0,0.5468
2020,Overall,New Mexico,96272.0,43432.0,0.4892
2020,Overall,New York,210746.91667,104069.0,0.5082
2020,Overall,North Carolina,335099.0,134744.0,0.4097
2020,Overall,North Dakota,57246.833333,13422.0,0.244
2020,Overall,Ohio,318934.0,141886.0,0.4567
2020,Overall,Oklahoma,242955.16667,89796.0,0.3814
2020,Overall,Oregon,165906.83333,66193.0,0.4383
2020,Overall,Pennsylvania,192924.33333,75553.0,0.4014
2020,Overall,Rhode Island,224.08333333,103.0,0.4858
2020,Overall,South Carolina,126403.0,40660.0,0.3277
2020,Overall,South Dakota,77530.416667,24290.0,0.3298
2020,Overall,Tennessee,239421.66667,66802.0,0.2847
2020,Overall,Texas,419069.91667,174065.0,0.434
2020,Overall,Utah,48921.25,16883.0,0.3655
2020,Overall,Vermont,86710.666667,42380.0,0.5172
2020,Overall,Virginia,185713.5,69747.0,0.3847
2020,Overall,Washington,175676.58333,62331.0,0.3875
2020,Overall,West Virginia,84308.25,31945.0,0.3976
2020,Overall,Wisconsin,217570.5,73082.0,0.3574
2020,Overall,Wyoming,68674.416667,18077.0,0.2855
2020,Overall,Alabama,351944.58333,150453.0,0.4383
2020,Overall,Alaska,44299.5,19780.0,0.5037
2020,Overall,Arizona,575308.75,287125.0,0.5217
2020,Overall,Arkansas,219810.16667,89950.0,0.4221
2020,Overall,California,2606771.9167,1439223.0,0.604
2020,Overall,Colorado,334861.5,152335.0,0.4831
2020,Overall,Connecticut,301145.66667,174612.0,0.5885
2020,Overall,Delaware,110988.91667,68029.0,0.625
2020,Overall,District Of Columbia,57918.583333,31738.0,0.5881
2020,Overall,Florida,2030866.3333,966629.0,0.4853
2020,Overall,Georgia,697011.41667,282688.0,0.4191
2020,Overall,Hawaii,73425.833333,37893.0,0.5549
2020,Overall,Idaho,111446.5,39676.0,0.3746
2020,Overall,Illinois,1126143.5,524190.0,0.4836
2020,Overall,Indiana,520936.58333,239857.0,0.4695
2020,Overall,Iowa,195405.75,75841.0,0.396
2020,Overall,Kansas,201378.66667,66247.0,0.3359
2020,Overall,Kentucky,246719.33333,109419.0,0.4528
2020,Overall,Louisiana,343262.91667,143520.0,0.4244
2020,Overall,Maine,77237.583333,35803.0,0.4903
2020,Overall,Maryland,733119.41667,417337.0,0.5955
2020,Overall,Massachusetts,818434.25,556001.0,0.6937
2020,Overall,Michigan,716564.5,355961.0,0.5092
2020,Overall,Minnesota,288879.08333,158810.0,0.5721
2020,Overall,Mississippi,171150.16667,79284.0,0.4729
2020,Overall,Missouri,410173.25,155971.0,0.3893
2020,Overall,Montana,55043.916667,16403.0,0.3149
2020,Overall,Nebraska,124341.0,37384.0,0.3108
2020,Overall,Nevada,224890.75,93922.0,0.4562
2020,Overall,New Hampshire,116172.66667,64333.0,0.582
2020,Overall,New Jersey,926175.91667,503402.0,0.557
2020,Overall,New Mexico,129972.0,69992.0,0.5869
2020,Overall,New York,1511671.1667,795577.0,0.5393
2020,Overall,North Carolina,751136.0,327896.0,0.4471
2020,Overall,North Dakota,39379.0,10656.0,0.2777
2020,Overall,Ohio,787953.58333,373720.0,0.4825
2020,Overall,Oklahoma,253676.83333,106603.0,0.4321
2020,Overall,Oregon,232647.91667,112540.0,0.5253
2020,Overall,Pennsylvania,1117733.1667,573164.0,0.5254
2020,Overall,Rhode Island,93500.25,59864.0,0.6627
2020,Overall,South Carolina,544378.5,208369.0,0.3888
2020,Overall,South Dakota,46827.833333,15753.0,0.3523
2020,Overall,Tennessee,460286.16667,145065.0,0.3227
2020,Overall,Texas,1664815.3333,835072.0,0.527
2020,Overall,Utah,161985.33333,64980.0,0.416
2020,Overall,Vermont,29612.5,18620.0,0.6534
2020,Overall,Virginia,818876.5,375839.0,0.4721
2020,Overall,Washington,586209.83333,237256.0,0.4387
2020,Overall,West Virginia,161478.25,71112.0,0.46
2020,Overall,Wisconsin,350736.5,144271.0,0.4285
2020,Overall,Wyoming,30558.166667,9677.0,0.3367
2020,Overall,Alabama,407874.91667,164804.0,0.4121
2020,Overall,Alaska,79167.583333,32243.0,0.4604
2020,Overall,Arizona,627803.33333,299260.0,0.5016
2020,Overall,Arkansas,339994.41667,127029.0,0.385
2020,Overall,California,2553859.1667,1375229.0,0.5888
2020,Overall,Colorado,395422.33333,162423.0,0.4389
2020,Overall,Connecticut,268819.75,149145.0,0.5643
2020,Overall,Delaware,141186.41667,84392.0,0.606
2020,Overall,District Of Columbia,47981.25,25768.0,0.5789
2020,Overall,Florida,1898929.75,884258.0,0.4747
2020,Overall,Georgia,749071.0,290076.0,0.3987
2020,Overall,Hawaii,99813.333333,47112.0,0.5107
2020,Overall,Idaho,169355.08333,50214.0,0.317
2020,Overall,Illinois,1209572.0,511398.0,0.4396
2020,Overall,Indiana,622986.75,260673.0,0.4274
2020,Overall,Iowa,387743.83333,125355.0,0.3308
2020,Overall,Kansas,339756.41667,97163.0,0.293
2020,Overall,Kentucky,414238.66667,176851.0,0.4372
2020,Overall,Louisiana,367723.0,147629.0,0.4074
2020,Overall,Maine,142007.0,58639.0,0.4378
2020,Overall,Maryland,676845.66667,374707.0,0.5781
2020,Overall,Massachusetts,713213.08333,473725.0,0.6791
2020,Overall,Michigan,781694.41667,350510.0,0.4633
2020,Overall,Minnesota,378081.33333,172558.0,0.4778
2020,Overall,Mississippi,346419.33333,142287.0,0.4165
2020,Overall,Missouri,547141.66667,173563.0,0.3282
2020,Overall,Montana,152061.16667,41000.0,0.2888
2020,Overall,Nebraska,229130.5,58223.0,0.2628
2020,Overall,Nevada,239860.83333,93259.0,0.4255
2020,Overall,New Hampshire,177160.75,89045.0,0.5317
2020,Overall,New Jersey,828217.75,442231.0,0.5467
2020,Overall,New Mexico,194328.75,94911.0,0.5328
2020,Overall,New York,1466643.6667,742146.0,0.5186
2020,Overall,North Carolina,918649.25,375070.0,0.4174
2020,Overall,North Dakota,85515.833333,19565.0,0.2364
2020,Overall,Ohio,949052.83333,425354.0,0.4588
2020,Overall,Oklahoma,419970.25,159245.0,0.3901
2020,Overall,Oregon,339744.41667,146767.0,0.4704
2020,Overall,Pennsylvania,1125341.8333,540119.0,0.4915
2020,Overall,Rhode Island,80203.416667,51366.0,0.6585
2020,Overall,South Carolina,586916.58333,212435.0,0.3672
2020,Overall,South Dakota,110482.08333,33846.0,0.3212
2020,Overall,Tennessee,604633.91667,171821.0,0.2903
2020,Overall,Texas,1823533.3333,862424.0,0.4966
2020,Overall,Utah,187319.75,69631.0,0.3866
2020,Overall,Vermont,99122.166667,50104.0,0.531
2020,Overall,Virginia,895280.66667,387977.0,0.4457
2020,Overall,Washington,666720.16667,255544.0,0.4149
2020,Overall,West Virginia,195411.16667,78126.0,0.418
2020,Overall,Wisconsin,480247.66667,171530.0,0.3756
2020,Overall,Wyoming,88097.666667,22933.0,0.2804
2020,Overall,Alabama,88608.083333,37915.0,0.4513
2020,Overall,Alaska,10392.666667,5550.0,0.6044
2020,Overall,Arizona,48680.333333,25855.0,0.5727
2020,Overall,Arkansas,63619.916667,27312.0,0.4515
2020,Overall,California,342829.58333,198227.0,0.6502
2020,Overall,Colorado,49683.583333,27158.0,0.5918
2020,Overall,Connecticut,42930.416667,30232.0,0.7151
2020,Overall,Delaware,16330.333333,11018.0,0.6935
2020,Overall,District Of Columbia,8561.0833333,4960.0,0.6262
2020,Overall,Florida,197014.91667,99689.0,0.5342
2020,Overall,Georgia,116101.16667,50820.0,0.4601
2020,Overall,Hawaii,7888.3333333,3450.0,0.509
2020,Overall,Idaho,24205.333333,10518.0,0.4607
2020,Overall,Illinois,160187.08333,87512.0,0.5696
2020,Overall,Indiana,101450.58333,56221.0,0.5683
2020,Overall,Iowa,43490.666667,22023.0,0.5298
2020,Overall,Kansas,42965.333333,18741.0,0.4549
2020,Overall,Kentucky,98567.416667,51394.0,0.5392
2020,Overall,Louisiana,74801.416667,35643.0,0.4898
2020,Overall,Maine,34212.75,18855.0,0.5858
2020,Overall,Maryland,91622.166667,58345.0,0.6763
2020,Overall,Massachusetts,133628.83333,99424.0,0.7627
2020,Overall,Michigan,172897.08333,98025.0,0.5862
2020,Overall,Minnesota,78449.0,49351.0,0.6599
2020,Overall,Mississippi,73326.75,34428.0,0.4789
2020,Overall,Missouri,100598.75,46817.0,0.4855
2020,Overall,Montana,18291.166667,7689.0,0.4648
2020,Overall,Nebraska,22881.25,9758.0,0.4479
2020,Overall,Nevada,30145.25,14786.0,0.5389
2020,Overall,New Hampshire,29504.25,18212.0,0.6655
2020,Overall,New Jersey,99614.666667,59970.0,0.6338
2020,Overall,New Mexico,29651.083333,16718.0,0.6134
2020,Overall,New York,234628.08333,142731.0,0.6365
2020,Overall,North Carolina,153526.66667,78393.0,0.5291
2020,Overall,North Dakota,10447.75,4187.0,0.4242
2020,Overall,Ohio,147539.83333,82756.0,0.5677
2020,Overall,Oklahoma,72312.083333,33871.0,0.4917
2020,Overall,Oregon,55389.75,29397.0,0.5943
2020,Overall,Pennsylvania,172773.25,99131.0,0.5969
2020,Overall,Rhode Island,12810.833333,8056.0,0.6852
2020,Overall,South Carolina,75245.666667,32229.0,0.4489
2020,Overall,South Dakota,12925.333333,5539.0,0.4644
2020,Overall,Tennessee,87267.083333,36008.0,0.4311
2020,Overall,Texas,223679.58333,119276.0,0.5753
2020,Overall,Utah,21719.0,10955.0,0.5426
2020,Overall,Vermont,17139.666667,10739.0,0.6732
2020,Overall,Virginia,99889.333333,50784.0,0.5283
2020,Overall,Washington,88909.25,39590.0,0.5036
2020,Overall,West Virginia,48531.583333,23695.0,0.5168
2020,Overall,Wisconsin,82625.666667,42216.0,0.5384
2020,Overall,Wyoming,10668.5,4482.0,0.4598
2020,Overall,Alabama,7613.3333333,4248.0,0.5051
2020,Overall,Alaska,675.0,371.0,0.5096
2020,Overall,Arizona,6921.0,5753.0,0.7382
2020,Overall,Arkansas,4413.4166667,2437.0,0.5055
2020,Overall,California,40879.083333,29470.0,0.6554
2020,Overall,Colorado,3694.0,2408.0,0.6056
2020,Overall,Connecticut,3453.0833333,2585.0,0.6702
2020,Overall,Delaware,1628.4166667,1291.0,0.7265
2020,Overall,District Of Columbia,1403.5833333,1015.0,0.6582
2020,Overall,Florida,24432.75,16453.0,0.604
2020,Overall,Georgia,17602.75,9510.0,0.4904
2020,Overall,Hawaii,2352.5,1563.0,0.6091
2020,Overall,Idaho,1405.9166667,833.0,0.5385
2020,Overall,Illinois,16356.0,11914.0,0.6496
2020,Overall,Indiana,8120.1666667,5445.0,0.6091
2020,Overall,Iowa,2796.5833333,1674.0,0.5476
2020,Overall,Kansas,3151.1666667,1940.0,0.5575
2020,Overall,Kentucky,4965.25,3563.0,0.6466
2020,Overall,Louisiana,8200.8333333,5332.0,0.5827
2020,Overall,Maine,1137.75,791.0,0.6369
2020,Overall,Maryland,9482.5833333,6957.0,0.6728
2020,Overall,Massachusetts,5602.0,4730.0,0.7495
2020,Overall,Michigan,11396.583333,7752.0,0.6023
2020,Overall,Minnesota,4349.5,3557.0,0.7446
2020,Overall,Mississippi,7429.75,4442.0,0.5383
2020,Overall,Missouri,7516.25,4678.0,0.5577
2020,Overall,Montana,909.16666667,496.0,0.496
2020,Overall,Nebraska,1785.0,1053.0,0.5278
2020,Overall,Nevada,3377.6666667,2270.0,0.6048
2020,Overall,New Hampshire,967.25,749.0,0.702
2020,Overall,New Jersey,10974.833333,7609.0,0.6073
2020,Overall,New Mexico,2973.0,2116.0,0.6441
2020,Overall,New York,22099.666667,15011.0,0.5957
2020,Overall,North Carolina,15526.166667,9790.0,0.5772
2020,Overall,North Dakota,724.08333333,342.0,0.4217
2020,Overall,Ohio,10927.333333,7794.0,0.6021
2020,Overall,Oklahoma,5470.25,3702.0,0.6078
2020,Overall,Oregon,3482.8333333,2578.0,0.6849
2020,Overall,Pennsylvania,13129.333333,9604.0,0.6599
2020,Overall,Rhode Island,724.08333333,548.0,0.6928
2020,Overall,South Carolina,9006.3333333,4487.0,0.4519
2020,Overall,South Dakota,972.5,664.0,0.6154
2020,Overall,Tennessee,8652.5,4281.0,0.4479
2020,Overall,Texas,39435.5,28515.0,0.6468
2020,Overall,Utah,1917.5833333,1282.0,0.6113
2020,Overall,Vermont,425.41666667,364.0,0.7778
2020,Overall,Virginia,11235.5,7573.0,0.6125
2020,Overall,Washington,6723.3333333,4562.0,0.6185
2020,Overall,West Virginia,2159.5,1377.0,0.5657
2020,Overall,Wisconsin,5551.4166667,3629.0,0.5908
2020,Overall,Wyoming,476.41666667,339.0,0.6408
2020,Overall,Alabama,95725.25,41774.0,0.4257
2020,Overall,Alaska,19618.916667,10415.0,0.5685
2020,Overall,Arizona,78043.416667,42556.0,0.5527
2020,Overall,Arkansas,75545.25,34705.0,0.4481
2020,Overall,California,959971.0,588658.0,0.6482
2020,Overall,Colorado,73004.166667,40529.0,0.5645
2020,Overall,Connecticut,91756.583333,61444.0,0.648
2020,Overall,Delaware,22881.416667,15237.0,0.6505
2020,Overall,District Of Columbia,22308.083333,13694.0,0.6193
2020,Overall,Florida,303745.83333,163868.0,0.5153
2020,Overall,Georgia,158517.08333,71929.0,0.4394
2020,Overall,Hawaii,12681.5,5753.0,0.4575
2020,Overall,Idaho,30575.666667,12889.0,0.4234
2020,Overall,Illinois,256316.66667,151661.0,0.5738
2020,Overall,Indiana,136735.0,80834.0,0.5664
2020,Overall,Iowa,57019.75,32292.0,0.555
2020,Overall,Kansas,48084.666667,22957.0,0.4645
2020,Overall,Kentucky,126490.83333,70292.0,0.5355
2020,Overall,Louisiana,118367.66667,58850.0,0.4743
2020,Overall,Maine,56362.833333,29955.0,0.5283
2020,Overall,Maryland,133030.91667,84405.0,0.6408
2020,Overall,Massachusetts,211841.41667,155367.0,0.72
2020,Overall,Michigan,205502.5,121859.0,0.5703
2020,Overall,Minnesota,81916.083333,54652.0,0.6484
2020,Overall,Mississippi,109434.5,52318.0,0.4583
2020,Overall,Missouri,107754.25,56059.0,0.4966
2020,Overall,Montana,25032.666667,10207.0,0.4194
2020,Overall,Nebraska,28597.25,13773.0,0.468
2020,Overall,Nevada,46663.833333,24312.0,0.544
2020,Overall,New Hampshire,28175.25,18659.0,0.6541
2020,Overall,New Jersey,139525.33333,85705.0,0.5847
2020,Overall,New Mexico,50918.416667,28595.0,0.5798
2020,Overall,New York,438412.08333,275196.0,0.5982
2020,Overall,North Carolina,193905.0,101856.0,0.5096
2020,Overall,North Dakota,13696.0,6256.0,0.45
2020,Overall,Ohio,176373.16667,108909.0,0.5674
2020,Overall,Oklahoma,86029.583333,43548.0,0.492
2020,Overall,Oregon,78875.5,41171.0,0.5564
2020,Overall,Pennsylvania,222378.66667,128214.0,0.5607
2020,Overall,Rhode Island,16514.333333,10942.0,0.6574
2020,Overall,South Carolina,73277.166667,31718.0,0.4081
2020,Overall,South Dakota,17945.583333,8355.0,0.4728
2020,Overall,Tennessee,102356.0,42795.0,0.4028
2020,Overall,Texas,309893.08333,193255.0,0.5978
2020,Overall,Utah,23146.416667,11960.0,0.5174
2020,Overall,Vermont,25746.083333,15663.0,0.6204
2020,Overall,Virginia,120025.16667,64607.0,0.5175
2020,Overall,Washington,118989.75,56701.0,0.4947
2020,Overall,West Virginia,59402.666667,30694.0,0.5096
2020,Overall,Wisconsin,109146.75,58308.0,0.5297
2020,Overall,Wyoming,11206.166667,5263.0,0.4755
2020,Overall,Alabama,408371.08333,165193.0,0.4191
2020,Overall,Alaska,70616.333333,27749.0,0.4504
2020,Overall,Arizona,605361.25,288312.0,0.5035
2020,Overall,Arkansas,332482.5,122073.0,0.3841
2020,Overall,California,1977596.8333,1014268.0,0.5707
2020,Overall,Colorado,375795.75,151460.0,0.435
2020,Overall,Connecticut,223446.66667,120518.0,0.5589
2020,Overall,Delaware,136263.75,81464.0,0.6102
2020,Overall,District Of Columbia,35637.833333,18049.0,0.5664
2020,Overall,Florida,1816631.5833,836532.0,0.4756
2020,Overall,Georgia,724257.83333,278477.0,0.4015
2020,Overall,Hawaii,97372.666667,46372.0,0.5209
2020,Overall,Idaho,164390.66667,48676.0,0.3195
2020,Overall,Illinois,1129798.4167,459163.0,0.4287
2020,Overall,Indiana,595822.5,241505.0,0.4199
2020,Overall,Iowa,377011.33333,116760.0,0.3196
2020,Overall,Kansas,337788.25,94887.0,0.2903
2020,Overall,Kentucky,391280.5,161516.0,0.4318
2020,Overall,Louisiana,332357.58333,129754.0,0.4052
2020,Overall,Maine,120994.66667,48330.0,0.4368
2020,Overall,Maryland,644919.5,355604.0,0.5801
2020,Overall,Massachusetts,640602.5,422512.0,0.6832
2020,Overall,Michigan,760485.58333,334428.0,0.4626
2020,Overall,Minnesota,378963.75,170814.0,0.4792
2020,Overall,Mississippi,317741.33333,128839.0,0.4188
2020,Overall,Missouri,547502.41667,168999.0,0.3246
2020,Overall,Montana,146228.83333,38978.0,0.2884
2020,Overall,Nebraska,225199.5,55261.0,0.256
2020,Overall,Nevada,226719.91667,86003.0,0.4181
2020,Overall,New Hampshire,179457.0,89347.0,0.5338
2020,Overall,New Jersey,799281.91667,424105.0,0.5512
2020,Overall,New Mexico,176034.41667,85150.0,0.5343
2020,Overall,New York,1284959.3333,624692.0,0.5118
2020,Overall,North Carolina,893797.08333,361397.0,0.4184
2020,Overall,North Dakota,82991.666667,17838.0,0.2243
2020,Overall,Ohio,931146.83333,406995.0,0.4553
2020,Overall,Oklahoma,411723.0,153270.0,0.3883
2020,Overall,Oregon,319741.5,137571.0,0.4723
2020,Overall,Pennsylvania,1088865.75,520640.0,0.4954
2020,Overall,Rhode Island,77224.0,49028.0,0.6633
2020,Overall,South Carolina,597891.41667,217433.0,0.3732
2020,Overall,South Dakota,106434.33333,31694.0,0.3147
2020,Overall,Tennessee,598197.5,169315.0,0.2926
2020,Overall,Texas,1776755.3333,816960.0,0.4907
2020,Overall,Utah,187809.91667,69908.0,0.3899
2020,Overall,Vermont,90941.166667,45544.0,0.5325
2020,Overall,Virginia,886380.33333,381727.0,0.4469
2020,Overall,Washington,643363.0,242995.0,0.4137
2020,Overall,West Virginia,186699.58333,72504.0,0.4144
2020,Overall,Wisconsin,459278.0,159067.0,0.3689
2020,Overall,Wyoming,88036.416667,22491.0,0.2776
2020,1,Alabama,508208.0,21796.0,0.0554
2020,1,Alabama,100779.33333,4754.0,0.0594
2020,1,Alabama,407428.66667,17042.0,0.0544
2020,1,Alabama,410708.33333,16321.0,0.0507
2020,1,Alabama,89556.0,5000.0,0.0784
2020,1,Alabama,7943.6666667,475.0,0.061
2020,1,Alabama,152909.0,5760.0,0.0487
2020,1,Alabama,354045.66667,15984.0,0.0583
2020,1,Alaska,88339.333333,4139.0,0.0758
2020,1,Alaska,19365.0,1456.0,0.1068
2020,1,Alaska,68974.333333,2683.0,0.0655
2020,1,Alaska,77506.333333,3178.0,0.0675
2020,1,Alaska,10152.333333,905.0,0.1327
2020,1,Alaska,680.66666667,56.0,0.0862
2020,1,Alaska,41812.0,1992.0,0.078
2020,1,Alaska,43349.666667,2032.0,0.0746
2020,1,Arizona,678892.0,31362.0,0.0617
2020,1,Arizona,80173.333333,5140.0,0.0895
2020,1,Arizona,598718.66667,26222.0,0.0581
2020,1,Arizona,622764.0,26713.0,0.057
2020,1,Arizona,48911.333333,3924.0,0.1186
2020,1,Arizona,7216.6666667,725.0,0.1024
2020,1,Arizona,106162.0,3526.0,0.0477
2020,1,Arizona,571160.33333,27802.0,0.0641
2020,1,Arkansas,409201.0,14549.0,0.0472
2020,1,Arkansas,77931.666667,4743.0,0.0781
2020,1,Arkansas,331269.33333,9806.0,0.0396
2020,1,Arkansas,340539.0,10459.0,0.0405
2020,1,Arkansas,64069.0,3875.0,0.0847
2020,1,Arkansas,4593.0,215.0,0.0484
2020,1,Arkansas,187353.0,6903.0,0.0495
2020,1,Arkansas,219785.0,7572.0,0.0453
2020,1,California,2918656.3333,193877.0,0.0915
2020,1,California,962555.33333,75790.0,0.1042
2020,1,California,1956101.0,118087.0,0.0848
2020,1,California,2536418.3333,159711.0,0.0866
2020,1,California,339761.0,29837.0,0.1272
2020,1,California,42477.0,4329.0,0.1054
2020,1,California,325874.33333,17064.0,0.0739
2020,1,California,2590266.3333,176734.0,0.0937
2020,1,Colorado,442961.33333,25761.0,0.0835
2020,1,Colorado,73122.666667,6639.0,0.1217
2020,1,Colorado,369838.66667,19122.0,0.0752
2020,1,Colorado,389879.66667,20020.0,0.074
2020,1,Colorado,49308.0,5283.0,0.1535
2020,1,Colorado,3773.6666667,458.0,0.127
2020,1,Colorado,111870.0,4869.0,0.0663
2020,1,Colorado,330747.33333,20881.0,0.0888
2020,1,Connecticut,316595.33333,21566.0,0.0867
2020,1,Connecticut,95124.0,8472.0,0.1083
2020,1,Connecticut,221471.33333,13094.0,0.0768
2020,1,Connecticut,269849.66667,15866.0,0.0752
2020,1,Connecticut,43114.333333,5297.0,0.1553
2020,1,Connecticut,3631.3333333,403.0,0.1122
2020,1,Connecticut,14023.333333,861.0,0.0795
2020,1,Connecticut,302459.0,20701.0,0.0871
2020,1,Delaware,158352.66667,10050.0,0.0795
2020,1,Delaware,23499.0,1848.0,0.0967
2020,1,Delaware,134853.66667,8202.0,0.0764
2020,1,Delaware,140363.33333,8150.0,0.0727
2020,1,Delaware,16296.333333,1736.0,0.1377
2020,1,Delaware,1693.0,164.0,0.0993
2020,1,Delaware,47664.333333,2978.0,0.0769
2020,1,Delaware,110621.33333,7070.0,0.0807
2020,1,District Of Columbia,58159.333333,2899.0,0.0684
2020,1,District Of Columbia,22735.0,1190.0,0.068
2020,1,District Of Columbia,35424.333333,1709.0,0.0688
2020,1,District Of Columbia,48090.333333,2332.0,0.0668
2020,1,District Of Columbia,8580.0,494.0,0.082
2020,1,District Of Columbia,1489.0,73.0,0.0506
2020,1,District Of Columbia,58131.333333,2899.0,0.0685
2020,1,Florida,2120450.6667,94393.0,0.0555
2020,1,Florida,315514.33333,18929.0,0.0733
2020,1,Florida,1804936.3333,75464.0,0.0523
2020,1,Florida,1898139.6667,79990.0,0.0522
2020,1,Florida,196939.66667,12401.0,0.0862
2020,1,Florida,25371.333333,2002.0,0.0804
2020,1,Florida,85499.0,2990.0,0.0459
2020,1,Florida,2030668.3333,91319.0,0.0559
2020,1,Georgia,883972.33333,31401.0,0.0462
2020,1,Georgia,166154.66667,7638.0,0.0581
2020,1,Georgia,717817.66667,23763.0,0.0434
2020,1,Georgia,748378.33333,24045.0,0.0416
2020,1,Georgia,117495.0,6283.0,0.0748
2020,1,Georgia,18099.0,1073.0,0.0607
2020,1,Georgia,187150.0,6375.0,0.0438
2020,1,Georgia,696055.33333,25006.0,0.0469
2020,1,Hawaii,108878.33333,4085.0,0.0523
2020,1,Hawaii,12783.666667,498.0,0.0558
2020,1,Hawaii,96094.666667,3587.0,0.0519
2020,1,Hawaii,98698.333333,3515.0,0.0496
2020,1,Hawaii,7787.6666667,390.0,0.0804
2020,1,Hawaii,2392.3333333,180.0,0.0779
2020,1,Hawaii,36010.333333,1297.0,0.053
2020,1,Hawaii,72794.0,2787.0,0.052
2020,1,Idaho,193811.0,5863.0,0.0446
2020,1,Idaho,31596.0,1669.0,0.0718
2020,1,Idaho,162215.0,4194.0,0.0388
2020,1,Idaho,168090.66667,4263.0,0.0377
2020,1,Idaho,24265.0,1476.0,0.0869
2020,1,Idaho,1455.3333333,124.0,0.089
2020,1,Idaho,82930.666667,2011.0,0.0379
2020,1,Idaho,110844.66667,3852.0,0.0492
2020,1,Illinois,1381844.3333,66720.0,0.0661
2020,1,Illinois,263591.0,19877.0,0.094
2020,1,Illinois,1118253.3333,46843.0,0.0587
2020,1,Illinois,1204860.3333,52858.0,0.0604
2020,1,Illinois,159803.33333,12107.0,0.1032
2020,1,Illinois,17180.666667,1755.0,0.1039
2020,1,Illinois,258533.66667,7458.0,0.0404
2020,1,Illinois,1122722.6667,59238.0,0.0719
2020,1,Indiana,733458.66667,25330.0,0.0463
2020,1,Indiana,143593.33333,9640.0,0.0816
2020,1,Indiana,589865.33333,15690.0,0.0366
2020,1,Indiana,622020.0,17148.0,0.0372
2020,1,Indiana,102943.33333,7624.0,0.0989
2020,1,Indiana,8495.3333333,558.0,0.0671
2020,1,Indiana,211726.33333,6458.0,0.0412
2020,1,Indiana,521355.66667,18859.0,0.0484
2020,1,Iowa,431868.0,13332.0,0.0434
2020,1,Iowa,58133.666667,5096.0,0.1105
2020,1,Iowa,373734.33333,8236.0,0.0315
2020,1,Iowa,385794.33333,9501.0,0.0348
2020,1,Iowa,43187.0,3650.0,0.1166
2020,1,Iowa,2886.6666667,181.0,0.0649
2020,1,Iowa,237561.66667,7454.0,0.0447
2020,1,Iowa,194086.66667,5840.0,0.0416
2020,1,Kansas,383753.33333,11393.0,0.04
2020,1,Kansas,49604.0,3473.0,0.0867
2020,1,Kansas,334149.33333,7920.0,0.0324
2020,1,Kansas,337608.66667,8138.0,0.0326
2020,1,Kansas,42877.333333,3069.0,0.0972
2020,1,Kansas,3267.3333333,186.0,0.0585
2020,1,Kansas,183226.0,5714.0,0.0425
2020,1,Kansas,200001.33333,5668.0,0.0378
2020,1,Kentucky,521941.0,22482.0,0.0569
2020,1,Kentucky,131039.0,8901.0,0.0846
2020,1,Kentucky,390902.0,13581.0,0.0469
2020,1,Kentucky,416163.0,15251.0,0.0483
2020,1,Kentucky,100566.0,6912.0,0.0933
2020,1,Kentucky,5212.0,319.0,0.0624
2020,1,Kentucky,272767.33333,12189.0,0.0597
2020,1,Kentucky,246989.66667,10204.0,0.0539
2020,1,Louisiana,453178.0,24133.0,0.069
2020,1,Louisiana,123066.33333,7739.0,0.0789
2020,1,Louisiana,330111.66667,16394.0,0.0651
2020,1,Louisiana,368955.66667,17915.0,0.0625
2020,1,Louisiana,75663.0,5305.0,0.0969
2020,1,Louisiana,8559.3333333,913.0,0.1081
2020,1,Louisiana,106212.66667,5590.0,0.0685
2020,1,Louisiana,344575.33333,18404.0,0.0691
2020,1,Maine,183601.33333,9229.0,0.0729
2020,1,Maine,58647.0,4585.0,0.1026
2020,1,Maine,124954.33333,4644.0,0.0567
2020,1,Maine,147567.66667,5601.0,0.0556
2020,1,Maine,34844.0,3486.0,0.1407
2020,1,Maine,1189.6666667,142.0,0.1225
2020,1,Maine,103567.33333,4924.0,0.0696
2020,1,Maine,79989.333333,4305.0,0.0771
2020,1,Maryland,772851.33333,44146.0,0.0745
2020,1,Maryland,133450.33333,9736.0,0.0913
2020,1,Maryland,639401.0,34410.0,0.0708
2020,1,Maryland,672750.33333,34843.0,0.0677
2020,1,Maryland,90243.333333,8531.0,0.1238
2020,1,Maryland,9857.6666667,772.0,0.0805
2020,1,Maryland,44370.666667,2229.0,0.064
2020,1,Maryland,728312.33333,41914.0,0.0751
2020,1,Massachusetts,851664.66667,89248.0,0.1364
2020,1,Massachusetts,216724.0,31494.0,0.1784
2020,1,Massachusetts,634940.66667,57754.0,0.1209
2020,1,Massachusetts,711912.66667,64632.0,0.1191
2020,1,Massachusetts,133790.33333,23659.0,0.2241
2020,1,Massachusetts,5961.6666667,957.0,0.1624
2020,1,Massachusetts,33474.333333,3337.0,0.1349
2020,1,Massachusetts,817871.33333,85892.0,0.1365
2020,1,Michigan,968128.33333,57354.0,0.0815
2020,1,Michigan,213568.66667,20942.0,0.121
2020,1,Michigan,754559.66667,36412.0,0.0686
2020,1,Michigan,781592.33333,38796.0,0.0689
2020,1,Michigan,174548.66667,17345.0,0.1345
2020,1,Michigan,11987.333333,1213.0,0.1025
2020,1,Michigan,249592.66667,11691.0,0.0682
2020,1,Michigan,718228.66667,45649.0,0.0858
2020,1,Minnesota,460914.66667,28165.0,0.0898
2020,1,Minnesota,84409.0,10333.0,0.1583
2020,1,Minnesota,376505.66667,17832.0,0.0718
2020,1,Minnesota,377727.66667,17651.0,0.0699
2020,1,Minnesota,78683.0,9822.0,0.1727
2020,1,Minnesota,4504.0,692.0,0.1603
2020,1,Minnesota,171589.33333,8303.0,0.0735
2020,1,Minnesota,289064.66667,19852.0,0.0991
2020,1,Mississippi,429736.0,22001.0,0.0654
2020,1,Mississippi,114286.33333,7171.0,0.0763
2020,1,Mississippi,315449.66667,14830.0,0.0611
2020,1,Mississippi,347850.0,16119.0,0.0591
2020,1,Mississippi,74084.333333,5345.0,0.095
2020,1,Mississippi,7801.6666667,537.0,0.0696
2020,1,Mississippi,256221.33333,12594.0,0.0625
2020,1,Mississippi,171521.66667,9310.0,0.0698
2020,1,Missouri,655590.0,22368.0,0.0469
2020,1,Missouri,111709.0,8533.0,0.0938
2020,1,Missouri,543881.0,13835.0,0.0359
2020,1,Missouri,546812.33333,14473.0,0.0366
2020,1,Missouri,100948.66667,7056.0,0.096
2020,1,Missouri,7829.0,839.0,0.1098
2020,1,Missouri,245939.0,7843.0,0.0458
2020,1,Missouri,409557.33333,14524.0,0.0475
2020,1,Montana,169378.66667,5302.0,0.0475
2020,1,Montana,25150.666667,1605.0,0.0868
2020,1,Montana,144228.0,3697.0,0.0397
2020,1,Montana,150297.66667,3866.0,0.0393
2020,1,Montana,18134.666667,1371.0,0.1121
2020,1,Montana,946.33333333,65.0,0.0721
2020,1,Montana,114839.66667,3482.0,0.0471
2020,1,Montana,54522.0,1820.0,0.0483
2020,1,Nebraska,252909.33333,6364.0,0.0352
2020,1,Nebraska,29527.333333,1695.0,0.0711
2020,1,Nebraska,223382.0,4669.0,0.0297
2020,1,Nebraska,228334.0,4932.0,0.0304
2020,1,Nebraska,22721.666667,1317.0,0.0797
2020,1,Nebraska,1853.6666667,115.0,0.0641
2020,1,Nebraska,129367.0,3389.0,0.0369
2020,1,Nebraska,123496.33333,2974.0,0.0335
2020,1,Nevada,271054.33333,13401.0,0.0696
2020,1,Nevada,47593.666667,3609.0,0.0999
2020,1,Nevada,223460.66667,9792.0,0.0626
2020,1,Nevada,237682.33333,10694.0,0.0636
2020,1,Nevada,29871.333333,2400.0,0.1143
2020,1,Nevada,3500.6666667,307.0,0.0905
2020,1,Nevada,47705.666667,2264.0,0.0696
2020,1,Nevada,222961.66667,11126.0,0.0697
2020,1,New Hampshire,206612.0,13483.0,0.0925
2020,1,New Hampshire,28921.333333,3593.0,0.1555
2020,1,New Hampshire,177690.66667,9890.0,0.0806
2020,1,New Hampshire,176120.66667,9643.0,0.0779
2020,1,New Hampshire,29475.333333,3704.0,0.1759
2020,1,New Hampshire,1016.0,136.0,0.1388
2020,1,New Hampshire,90520.666667,5406.0,0.0881
2020,1,New Hampshire,115599.0,8051.0,0.0958
2020,1,New Jersey,938484.0,66961.0,0.0908
2020,1,New Jersey,145061.0,12372.0,0.1013
2020,1,New Jersey,793423.0,54589.0,0.0887
2020,1,New Jersey,827513.66667,55329.0,0.085
2020,1,New Jersey,99228.0,10389.0,0.1382
2020,1,New Jersey,11742.333333,1243.0,0.1081
2020,1,New Jersey,11268.333333,665.0,0.0772
2020,1,New Jersey,925614.66667,66253.0,0.0911
2020,1,New Mexico,226247.66667,10287.0,0.0651
2020,1,New Mexico,51982.0,3134.0,0.0841
2020,1,New Mexico,174265.66667,7153.0,0.0592
2020,1,New Mexico,193238.33333,7947.0,0.0589
2020,1,New Mexico,29937.666667,2157.0,0.1069
2020,1,New Mexico,3071.6666667,183.0,0.061
2020,1,New Mexico,96334.333333,3641.0,0.0542
2020,1,New Mexico,129190.33333,6620.0,0.0732
2020,1,New York,1724171.6667,130056.0,0.098
2020,1,New York,451558.33333,50733.0,0.1359
2020,1,New York,1272613.3333,79323.0,0.0832
2020,1,New York,1467651.3333,97468.0,0.0864
2020,1,New York,233217.0,30284.0,0.1725
2020,1,New York,23303.333333,2304.0,0.1009
2020,1,New York,211162.0,13321.0,0.0853
2020,1,New York,1512005.6667,116705.0,0.0998
2020,1,North Carolina,1086597.3333,46543.0,0.055
2020,1,North Carolina,201008.0,12367.0,0.0758
2020,1,North Carolina,885589.33333,34176.0,0.05
2020,1,North Carolina,916280.33333,34220.0,0.0479
2020,1,North Carolina,154268.33333,11213.0,0.0968
2020,1,North Carolina,16048.666667,1110.0,0.0708
2020,1,North Carolina,336257.33333,13505.0,0.0514
2020,1,North Carolina,748858.0,32989.0,0.0567
2020,1,North Dakota,95967.666667,2772.0,0.0425
2020,1,North Dakota,13925.666667,1230.0,0.1123
2020,1,North Dakota,82042.0,1542.0,0.0284
2020,1,North Dakota,84937.666667,1913.0,0.0335
2020,1,North Dakota,10269.333333,776.0,0.1045
2020,1,North Dakota,760.66666667,83.0,0.1135
2020,1,North Dakota,56847.0,1711.0,0.0452
2020,1,North Dakota,39060.666667,1059.0,0.0387
2020,1,Ohio,1108072.6667,58565.0,0.0709
2020,1,Ohio,186441.66667,15971.0,0.1057
2020,1,Ohio,921631.0,42594.0,0.0632
2020,1,Ohio,945776.0,44804.0,0.0636
2020,1,Ohio,150423.33333,12602.0,0.1148
2020,1,Ohio,11873.333333,1159.0,0.0992
2020,1,Ohio,319245.0,15155.0,0.0643
2020,1,Ohio,788180.33333,43370.0,0.0736
2020,1,Oklahoma,497020.0,18372.0,0.0485
2020,1,Oklahoma,88825.666667,5327.0,0.0732
2020,1,Oklahoma,408194.33333,13045.0,0.0426
2020,1,Oklahoma,419163.66667,13570.0,0.0424
2020,1,Oklahoma,72166.666667,4310.0,0.0808
2020,1,Oklahoma,5689.6666667,492.0,0.088
2020,1,Oklahoma,243264.66667,8868.0,0.048
2020,1,Oklahoma,252627.33333,9452.0,0.0489
2020,1,Oregon,394823.33333,19204.0,0.0724
2020,1,Oregon,78832.666667,5403.0,0.1011
2020,1,Oregon,315990.66667,13801.0,0.0651
2020,1,Oregon,336554.33333,14393.0,0.0637
2020,1,Oregon,54664.0,4429.0,0.1232
2020,1,Oregon,3605.0,382.0,0.1102
2020,1,Oregon,164306.33333,6590.0,0.0611
2020,1,Oregon,230456.0,12613.0,0.0801
2020,1,Pennsylvania,1306624.3333,72519.0,0.0732
2020,1,Pennsylvania,230098.66667,17848.0,0.0982
2020,1,Pennsylvania,1076525.6667,54671.0,0.0675
2020,1,Pennsylvania,1119183.6667,55114.0,0.0648
2020,1,Pennsylvania,173661.0,16035.0,0.1259
2020,1,Pennsylvania,13779.666667,1370.0,0.1016
2020,1,Pennsylvania,193286.66667,7301.0,0.0509
2020,1,Pennsylvania,1112694.0,65206.0,0.0769
2020,1,Puerto Rico,48531.333333,1351.0,0.0424
2020,1,Rhode Island,93526.666667,8689.0,0.1211
2020,1,Rhode Island,16751.0,1713.0,0.1319
2020,1,Rhode Island,76775.666667,6976.0,0.1187
2020,1,Rhode Island,80065.0,7023.0,0.113
2020,1,Rhode Island,12700.666667,1575.0,0.1774
2020,1,Rhode Island,761.0,91.0,0.123
2020,1,Rhode Island,224.0,21.0,0.1346
2020,1,Rhode Island,93288.333333,8668.0,0.1211
2020,1,South Carolina,670788.0,21193.0,0.0399
2020,1,South Carolina,77102.0,3377.0,0.0541
2020,1,South Carolina,593686.0,17816.0,0.0381
2020,1,South Carolina,585590.33333,17375.0,0.0373
2020,1,South Carolina,75849.666667,3373.0,0.0611
2020,1,South Carolina,9348.0,445.0,0.0484
2020,1,South Carolina,126998.0,3508.0,0.0356
2020,1,South Carolina,543402.33333,17673.0,0.0409
2020,1,South Dakota,123277.33333,3364.0,0.0407
2020,1,South Dakota,18385.333333,908.0,0.066
2020,1,South Dakota,104892.0,2456.0,0.0356
2020,1,South Dakota,109456.0,2607.0,0.0358
2020,1,South Dakota,12810.0,661.0,0.0752
2020,1,South Dakota,1011.3333333,96.0,0.0973
2020,1,South Dakota,76840.0,2456.0,0.0479
2020,1,South Dakota,46416.333333,908.0,0.029
2020,1,Tennessee,699788.0,19885.0,0.0369
2020,1,Tennessee,107324.0,4846.0,0.0559
2020,1,Tennessee,592464.0,15039.0,0.0333
2020,1,Tennessee,602613.0,14751.0,0.0317
2020,1,Tennessee,88170.666667,4645.0,0.0716
2020,1,Tennessee,9004.3333333,489.0,0.0559
2020,1,Tennessee,240460.66667,6676.0,0.0359
2020,1,Tennessee,458474.33333,13185.0,0.0375
2020,1,Territories,16236.666667,145.0,0.0173
2020,1,Texas,2077253.3333,124154.0,0.0799
2020,1,Texas,323752.0,28869.0,0.1087
2020,1,Texas,1753501.3333,95285.0,0.0739
2020,1,Texas,1812413.3333,100035.0,0.0737
2020,1,Texas,224190.0,20313.0,0.1297
2020,1,Texas,40650.0,3806.0,0.0957
2020,1,Texas,419707.0,21545.0,0.0692
2020,1,Texas,1654751.0,102501.0,0.0826
2020,1,Utah,209312.0,7858.0,0.0524
2020,1,Utah,23569.333333,1735.0,0.0978
2020,1,Utah,185742.66667,6123.0,0.0463
2020,1,Utah,185718.66667,6084.0,0.0458
2020,1,Utah,21630.666667,1645.0,0.1089
2020,1,Utah,1962.6666667,129.0,0.069
2020,1,Utah,48396.0,1524.0,0.046
2020,1,Utah,160865.33333,6333.0,0.0542
2020,1,Vermont,116030.33333,8339.0,0.1027
2020,1,Vermont,26470.0,3010.0,0.1497
2020,1,Vermont,89560.333333,5329.0,0.0873
2020,1,Vermont,98508.333333,5857.0,0.0856
2020,1,Vermont,17071.666667,2334.0,0.1895
2020,1,Vermont,450.33333333,148.0,0.3348
2020,1,Vermont,86286.0,5537.0,0.0926
2020,1,Vermont,29379.333333,2770.0,0.1312
2020,1,Virgin Islands,17678.333333,429.0,0.0418
2020,1,Virginia,1004268.3333,42490.0,0.0551
2020,1,Virginia,127889.0,7683.0,0.0744
2020,1,Virginia,876379.33333,34807.0,0.0521
2020,1,Virginia,891051.33333,34889.0,0.051
2020,1,Virginia,101481.33333,6746.0,0.0905
2020,1,Virginia,11735.666667,855.0,0.0749
2020,1,Virginia,186790.66667,5636.0,0.0396
2020,1,Virginia,815624.33333,36749.0,0.0586
2020,1,Washington,756953.0,31906.0,0.0627
2020,1,Washington,120256.33333,7285.0,0.0873
2020,1,Washington,636696.66667,24621.0,0.0579
2020,1,Washington,661787.66667,25827.0,0.0579
2020,1,Washington,88225.666667,5385.0,0.0961
2020,1,Washington,6939.6666667,694.0,0.1032
2020,1,Washington,174173.66667,6825.0,0.0601
2020,1,Washington,582292.66667,25074.0,0.0634
2020,1,West Virginia,246999.33333,10011.0,0.0549
2020,1,West Virginia,61755.333333,3940.0,0.0814
2020,1,West Virginia,185244.0,6071.0,0.0454
2020,1,West Virginia,195477.66667,6606.0,0.0458
2020,1,West Virginia,49228.333333,3250.0,0.0913
2020,1,West Virginia,2293.3333333,155.0,0.0688
2020,1,West Virginia,84691.666667,3224.0,0.0519
2020,1,West Virginia,161985.66667,6774.0,0.0565
2020,1,Wisconsin,565673.0,20158.0,0.0528
2020,1,Wisconsin,111765.66667,7655.0,0.0902
2020,1,Wisconsin,453907.33333,12503.0,0.0421
2020,1,Wisconsin,477193.0,13818.0,0.0434
2020,1,Wisconsin,82701.666667,5878.0,0.1011
2020,1,Wisconsin,5778.3333333,462.0,0.0822
2020,1,Wisconsin,216327.0,6678.0,0.0475
2020,1,Wisconsin,349229.66667,13479.0,0.0558
2020,1,Wyoming,97759.333333,3564.0,0.0553
2020,1,Wyoming,11310.0,1033.0,0.1157
2020,1,Wyoming,86449.333333,2531.0,0.0456
2020,1,Wyoming,86824.333333,2558.0,0.0451
2020,1,Wyoming,10446.0,913.0,0.1252
2020,1,Wyoming,489.0,93.0,0.2
2020,1,Wyoming,67643.0,2269.0,0.0524
2020,1,Wyoming,30106.333333,1295.0,0.0612
2020,2,Alabama,504813.0,138618.0,0.3798
2020,2,Alabama,97222.0,29076.0,0.3986
2020,2,Alabama,407591.0,109542.0,0.3751
2020,2,Alabama,408416.33333,109218.0,0.3663
2020,2,Alabama,88669.666667,26318.0,0.4434
2020,2,Alabama,7727.0,3082.0,0.4123
2020,2,Alabama,151448.33333,37482.0,0.3413
2020,2,Alabama,352135.0,100779.0,0.3963
2020,2,Alaska,89378.333333,23075.0,0.4566
2020,2,Alaska,19548.666667,6816.0,0.5396
2020,2,Alaska,69829.666667,16259.0,0.4289
2020,2,Alaska,78381.333333,19033.0,0.4379
2020,2,Alaska,10319.333333,3783.0,0.5872
2020,2,Alaska,677.66666667,259.0,0.4098
2020,2,Alaska,42289.333333,10548.0,0.4424
2020,2,Alaska,43873.0,11838.0,0.473
2020,2,Arizona,681515.0,209608.0,0.4484
2020,2,Arizona,79023.666667,27478.0,0.5325
2020,2,Arizona,602491.33333,182130.0,0.4379
2020,2,Arizona,625628.0,187918.0,0.4372
2020,2,Arizona,48841.333333,17118.0,0.5549
2020,2,Arizona,7045.6666667,4572.0,0.6726
2020,2,Arizona,106324.0,26389.0,0.3949
2020,2,Arizona,573627.66667,182894.0,0.4576
2020,2,Arkansas,407661.33333,103896.0,0.3629
2020,2,Arkansas,76190.666667,23845.0,0.4223
2020,2,Arkansas,331470.66667,80051.0,0.3483
2020,2,Arkansas,339603.33333,82869.0,0.3465
2020,2,Arkansas,63581.666667,19220.0,0.4479
2020,2,Arkansas,4476.3333333,1807.0,0.427
2020,2,Arkansas,186240.66667,43283.0,0.3324
2020,2,Arkansas,219389.0,60148.0,0.3888
2020,2,California,2925647.6667,1048038.0,0.5525
2020,2,California,961772.0,401419.0,0.6023
2020,2,California,1963875.6667,646619.0,0.5255
2020,2,California,2542967.0,891780.0,0.5438
2020,2,California,341323.0,135058.0,0.6204
2020,2,California,41357.666667,21200.0,0.5366
2020,2,California,326966.33333,102636.0,0.485
2020,2,California,2596248.3333,944928.0,0.561
2020,2,Colorado,445784.0,126513.0,0.4472
2020,2,Colorado,72907.666667,28292.0,0.5675
2020,2,Colorado,372876.33333,98221.0,0.4215
2020,2,Colorado,392632.66667,105511.0,0.4261
2020,2,Colorado,49438.666667,19244.0,0.6051
2020,2,Colorado,3712.6666667,1758.0,0.5087
2020,2,Colorado,112763.0,24337.0,0.3605
2020,2,Colorado,332678.33333,102103.0,0.4745
2020,2,Connecticut,314993.33333,139945.0,0.635
2020,2,Connecticut,92567.333333,48306.0,0.6932
2020,2,Connecticut,222426.0,91639.0,0.6081
2020,2,Connecticut,268530.66667,113741.0,0.611
2020,2,Connecticut,42963.666667,24025.0,0.7788
2020,2,Connecticut,3499.0,2179.0,0.6424
2020,2,Connecticut,13942.666667,5609.0,0.5937
2020,2,Connecticut,300941.66667,134315.0,0.6369
2020,2,Delaware,158575.0,70315.0,0.6171
2020,2,Delaware,22990.333333,11436.0,0.6715
2020,2,Delaware,135584.66667,58879.0,0.6076
2020,2,Delaware,140650.66667,60787.0,0.6029
2020,2,Delaware,16275.333333,8486.0,0.7359
2020,2,Delaware,1649.0,1042.0,0.657
2020,2,Delaware,47879.333333,21233.0,0.5988
2020,2,Delaware,110628.66667,49058.0,0.6254
2020,2,District Of Columbia,57817.0,21643.0,0.599
2020,2,District Of Columbia,22381.0,9739.0,0.6273
2020,2,District Of Columbia,35436.0,11904.0,0.5776
2020,2,District Of Columbia,47823.333333,17384.0,0.5921
2020,2,District Of Columbia,8566.0,3491.0,0.6479
2020,2,District Of Columbia,1427.6666667,768.0,0.5553
2020,2,District Of Columbia,57789.0,21640.0,0.599
2020,2,Florida,2118350.0,683371.0,0.4309
2020,2,Florida,307802.66667,116526.0,0.492
2020,2,Florida,1810547.3333,566845.0,0.4202
2020,2,Florida,1897086.3333,599127.0,0.4199
2020,2,Florida,196501.33333,71671.0,0.53
2020,2,Florida,24762.333333,12573.0,0.5259
2020,2,Florida,85220.0,21225.0,0.3494
2020,2,Florida,2028899.6667,661312.0,0.4343
2020,2,Georgia,880905.0,240460.0,0.3874
2020,2,Georgia,160577.66667,51009.0,0.4279
2020,2,Georgia,720327.33333,189451.0,0.3777
2020,2,Georgia,747097.0,196871.0,0.374
2020,2,Georgia,116065.0,36649.0,0.4739
2020,2,Georgia,17743.0,6940.0,0.4083
2020,2,Georgia,185322.0,45816.0,0.3425
2020,2,Georgia,694828.66667,194495.0,0.3998
2020,2,Hawaii,109338.33333,30478.0,0.4407
2020,2,Hawaii,12667.666667,3404.0,0.4204
2020,2,Hawaii,96670.666667,27074.0,0.4434
2020,2,Hawaii,99157.0,27263.0,0.436
2020,2,Hawaii,7819.3333333,2165.0,0.4914
2020,2,Hawaii,2362.0,1050.0,0.4723
2020,2,Hawaii,36291.333333,8289.0,0.3779
2020,2,Hawaii,72981.0,22186.0,0.4699
2020,2,Idaho,194311.33333,38220.0,0.3096
2020,2,Idaho,30890.666667,8932.0,0.4207
2020,2,Idaho,163420.66667,29288.0,0.2865
2020,2,Idaho,168715.33333,30241.0,0.2845
2020,2,Idaho,24168.0,7377.0,0.4658
2020,2,Idaho,1428.0,602.0,0.4503
2020,2,Idaho,83147.333333,13495.0,0.269
2020,2,Idaho,111129.0,24721.0,0.3374
2020,2,Illinois,1381709.3333,431438.0,0.466
2020,2,Illinois,259207.66667,112499.0,0.5822
2020,2,Illinois,1122501.6667,318939.0,0.4354
2020,2,Illinois,1205051.3333,357631.0,0.4461
2020,2,Illinois,160074.66667,64289.0,0.5943
2020,2,Illinois,16583.333333,9518.0,0.5967
2020,2,Illinois,258658.66667,55656.0,0.3191
2020,2,Illinois,1122479.0,375656.0,0.5002
2020,2,Indiana,731214.33333,234347.0,0.462
2020,2,Indiana,138787.0,62625.0,0.5783
2020,2,Indiana,592427.33333,171722.0,0.4304
2020,2,Indiana,621424.0,186980.0,0.4365
2020,2,Indiana,101575.66667,43019.0,0.6054
2020,2,Indiana,8214.6666667,4348.0,0.557
2020,2,Indiana,211109.0,60215.0,0.4096
2020,2,Indiana,519735.66667,174045.0,0.4834
2020,2,Iowa,432605.66667,100594.0,0.3449
2020,2,Iowa,57259.666667,24124.0,0.5611
2020,2,Iowa,375346.0,76470.0,0.3075
2020,2,Iowa,386463.0,83173.0,0.3206
2020,2,Iowa,43297.666667,16204.0,0.5488
2020,2,Iowa,2845.0,1217.0,0.4548
2020,2,Iowa,237813.0,48731.0,0.3093
2020,2,Iowa,194572.0,51787.0,0.3866
2020,2,Kansas,384390.0,75584.0,0.2841
2020,2,Kansas,48531.333333,16183.0,0.4339
2020,2,Kansas,335858.66667,59401.0,0.2597
2020,2,Kansas,338384.33333,60915.0,0.2613
2020,2,Kansas,42822.666667,13179.0,0.4411
2020,2,Kansas,3183.0,1490.0,0.4934
2020,2,Kansas,183391.66667,32136.0,0.2544
2020,2,Kansas,200469.0,43345.0,0.311
2020,2,Kentucky,518505.66667,165570.0,0.4546
2020,2,Kentucky,127892.0,51376.0,0.5264
2020,2,Kentucky,390613.66667,114194.0,0.4283
2020,2,Kentucky,414491.0,124471.0,0.4273
2020,2,Kentucky,98974.0,38142.0,0.5599
2020,2,Kentucky,5040.6666667,2957.0,0.6153
2020,2,Kentucky,269995.0,85529.0,0.4505
2020,2,Kentucky,246357.66667,79264.0,0.4587
2020,2,Louisiana,450296.33333,137877.0,0.4312
2020,2,Louisiana,119671.33333,44305.0,0.4953
2020,2,Louisiana,330625.0,93572.0,0.4063
2020,2,Louisiana,367094.0,106762.0,0.4087
2020,2,Louisiana,74916.666667,26613.0,0.5273
2020,2,Louisiana,8285.6666667,4502.0,0.5606
2020,2,Louisiana,105268.0,32226.0,0.43
2020,2,Louisiana,342662.33333,104882.0,0.4314
2020,2,Maine,181847.33333,58313.0,0.5102
2020,2,Maine,56954.333333,22833.0,0.5685
2020,2,Maine,124893.0,35480.0,0.4786
2020,2,Maine,146375.0,42853.0,0.4714
2020,2,Maine,34316.333333,14800.0,0.6642
2020,2,Maine,1156.0,660.0,0.6005
2020,2,Maine,102538.33333,31182.0,0.4841
2020,2,Maine,79267.333333,27127.0,0.544
2020,2,Maryland,773908.33333,319161.0,0.6057
2020,2,Maryland,132906.33333,63941.0,0.6557
2020,2,Maryland,641002.0,255220.0,0.5944
2020,2,Maryland,673339.66667,268868.0,0.5928
2020,2,Maryland,90974.0,44840.0,0.6995
2020,2,Maryland,9594.6666667,5453.0,0.5915
2020,2,Maryland,44480.0,16566.0,0.5282
2020,2,Maryland,729268.33333,302575.0,0.6106
2020,2,Massachusetts,848691.0,432873.0,0.7347
2020,2,Massachusetts,212185.0,121582.0,0.7626
2020,2,Massachusetts,636506.0,311291.0,0.7244
2020,2,Massachusetts,710264.33333,350201.0,0.7183
2020,2,Massachusetts,132751.33333,78764.0,0.8202
2020,2,Massachusetts,5675.3333333,3908.0,0.702
2020,2,Massachusetts,33511.0,15680.0,0.6827
2020,2,Massachusetts,814872.33333,417107.0,0.7368
2020,2,Michigan,964322.0,330134.0,0.5127
2020,2,Michigan,207516.33333,92249.0,0.5955
2020,2,Michigan,756805.66667,237885.0,0.4865
2020,2,Michigan,779988.33333,250677.0,0.4846
2020,2,Michigan,172820.66667,73333.0,0.6347
2020,2,Michigan,11513.0,6124.0,0.5506
2020,2,Michigan,248687.0,68404.0,0.4299
2020,2,Michigan,715339.66667,261660.0,0.5399
2020,2,Minnesota,458766.66667,156854.0,0.5505
2020,2,Minnesota,82162.0,40843.0,0.703
2020,2,Minnesota,376604.66667,116011.0,0.5114
2020,2,Minnesota,376316.33333,117316.0,0.5117
2020,2,Minnesota,78051.666667,36679.0,0.7118
2020,2,Minnesota,4398.6666667,2859.0,0.6902
2020,2,Minnesota,170952.66667,45730.0,0.4355
2020,2,Minnesota,287558.0,111066.0,0.6178
2020,2,Mississippi,427533.33333,127858.0,0.4083
2020,2,Mississippi,110910.33333,38358.0,0.4427
2020,2,Mississippi,316623.0,89500.0,0.3951
2020,2,Mississippi,346580.0,98891.0,0.3909
2020,2,Mississippi,73384.0,25561.0,0.4842
2020,2,Mississippi,7569.3333333,3406.0,0.4616
2020,2,Mississippi,254514.0,71018.0,0.3781
2020,2,Mississippi,171050.0,56226.0,0.4537
2020,2,Missouri,654517.66667,154461.0,0.3429
2020,2,Missouri,108925.0,40618.0,0.4764
2020,2,Missouri,545592.66667,113843.0,0.3117
2020,2,Missouri,546495.66667,117066.0,0.3132
2020,2,Missouri,100440.0,33743.0,0.4857
2020,2,Missouri,7582.0,3652.0,0.5076
2020,2,Missouri,245107.66667,45185.0,0.2723
2020,2,Missouri,409317.33333,109258.0,0.384
2020,2,Montana,170258.66667,28725.0,0.2718
2020,2,Montana,25030.666667,6602.0,0.3781
2020,2,Montana,145228.0,22123.0,0.2508
2020,2,Montana,151138.0,23222.0,0.2492
2020,2,Montana,18199.666667,5171.0,0.444
2020,2,Montana,921.0,332.0,0.3874
2020,2,Montana,115468.0,18825.0,0.2679
2020,2,Montana,54773.666667,9898.0,0.2797
2020,2,Nebraska,253091.33333,45176.0,0.2735
2020,2,Nebraska,28864.666667,9692.0,0.4476
2020,2,Nebraska,224226.66667,35484.0,0.2473
2020,2,Nebraska,228544.33333,37492.0,0.2528
2020,2,Nebraska,22752.666667,6903.0,0.4544
2020,2,Nebraska,1794.3333333,781.0,0.4649
2020,2,Nebraska,129176.33333,20362.0,0.2434
2020,2,Nebraska,123871.0,24806.0,0.3044
2020,2,Nevada,272034.0,72784.0,0.4152
2020,2,Nevada,47083.333333,17425.0,0.5273
2020,2,Nevada,224950.66667,55359.0,0.3892
2020,2,Nevada,238666.0,60461.0,0.3968
2020,2,Nevada,29966.0,10566.0,0.5356
2020,2,Nevada,3402.0,1757.0,0.5503
2020,2,Nevada,47930.666667,10538.0,0.3546
2020,2,Nevada,223728.0,62163.0,0.4277
2020,2,New Hampshire,206866.66667,80155.0,0.5968
2020,2,New Hampshire,28350.0,14638.0,0.6887
2020,2,New Hampshire,178516.66667,65517.0,0.5795
2020,2,New Hampshire,176481.33333,65208.0,0.5728
2020,2,New Hampshire,29402.333333,14334.0,0.7339
2020,2,New Hampshire,983.0,613.0,0.6542
2020,2,New Hampshire,90652.666667,31252.0,0.5556
2020,2,New Hampshire,115727.0,48728.0,0.6265
2020,2,New Jersey,934849.66667,383745.0,0.5852
2020,2,New Jersey,140525.66667,66769.0,0.6148
2020,2,New Jersey,794324.0,316976.0,0.5793
2020,2,New Jersey,824531.66667,330813.0,0.5739
2020,2,New Jersey,99247.333333,46673.0,0.681
2020,2,New Jersey,11070.666667,6259.0,0.58
2020,2,New Jersey,11253.666667,4424.0,0.5816
2020,2,New Jersey,922219.0,378914.0,0.5857
2020,2,New Mexico,226204.66667,71388.0,0.5147
2020,2,New Mexico,51063.0,18761.0,0.566
2020,2,New Mexico,175141.66667,52627.0,0.4986
2020,2,New Mexico,193567.0,58491.0,0.4971
2020,2,New Mexico,29633.666667,11343.0,0.6246
2020,2,New Mexico,3004.0,1554.0,0.5401
2020,2,New Mexico,96102.666667,27184.0,0.4563
2020,2,New Mexico,129386.33333,44007.0,0.5592
2020,2,New York,1714876.0,675651.0,0.5571
2020,2,New York,438982.66667,215476.0,0.6319
2020,2,New York,1275893.3333,460175.0,0.5279
2020,2,New York,1459690.6667,550879.0,0.5358
2020,2,New York,232998.0,112916.0,0.6933
2020,2,New York,22187.333333,11856.0,0.5461
2020,2,New York,210344.33333,77574.0,0.5226
2020,2,New York,1503574.3333,597904.0,0.562
2020,2,North Carolina,1085687.6667,315994.0,0.4075
2020,2,North Carolina,195800.66667,72537.0,0.4892
2020,2,North Carolina,889887.0,243457.0,0.3882
2020,2,North Carolina,916556.33333,252038.0,0.3858
2020,2,North Carolina,153419.33333,56391.0,0.5269
2020,2,North Carolina,15712.0,7565.0,0.5001
2020,2,North Carolina,334871.66667,91835.0,0.3804
2020,2,North Carolina,749348.0,223687.0,0.4197
2020,2,North Dakota,96277.666667,16682.0,0.2662
2020,2,North Dakota,13768.666667,4677.0,0.4522
2020,2,North Dakota,82509.0,12005.0,0.2294
2020,2,North Dakota,85164.333333,13358.0,0.2427
2020,2,North Dakota,10384.333333,3065.0,0.4411
2020,2,North Dakota,729.0,259.0,0.3748
2020,2,North Dakota,57035.666667,8594.0,0.2363
2020,2,North Dakota,39180.0,8074.0,0.3075
2020,2,Ohio,1104665.3333,367845.0,0.4755
2020,2,Ohio,178446.66667,79749.0,0.5812
2020,2,Ohio,926218.66667,288096.0,0.4528
2020,2,Ohio,946009.66667,301448.0,0.4549
2020,2,Ohio,147505.66667,60309.0,0.6018
2020,2,Ohio,11150.0,6088.0,0.5721
2020,2,Ohio,318521.33333,100504.0,0.4492
2020,2,Ohio,785505.66667,267119.0,0.4862
2020,2,Oklahoma,496334.33333,131892.0,0.3738
2020,2,Oklahoma,86727.666667,30918.0,0.4621
2020,2,Oklahoma,409606.66667,100974.0,0.3531
2020,2,Oklahoma,418733.66667,104987.0,0.3528
2020,2,Oklahoma,72050.0,23948.0,0.4787
2020,2,Oklahoma,5550.6666667,2957.0,0.5605
2020,2,Oklahoma,242560.33333,59895.0,0.3475
2020,2,Oklahoma,252658.33333,71715.0,0.399
2020,2,Oregon,396390.33333,117134.0,0.4797
2020,2,Oregon,78546.666667,27716.0,0.5627
2020,2,Oregon,317843.66667,89418.0,0.4587
2020,2,Oregon,337899.33333,94769.0,0.4573
2020,2,Oregon,54971.0,20415.0,0.6068
2020,2,Oregon,3520.0,1950.0,0.5902
2020,2,Oregon,165111.33333,42816.0,0.4247
2020,2,Oregon,231218.33333,74311.0,0.5183
2020,2,Pennsylvania,1306262.6667,471680.0,0.5211
2020,2,Pennsylvania,223944.33333,95462.0,0.5816
2020,2,Pennsylvania,1082318.3333,376218.0,0.5078
2020,2,Pennsylvania,1120385.6667,389256.0,0.5019
2020,2,Pennsylvania,172566.66667,74750.0,0.6412
2020,2,Pennsylvania,13310.333333,7674.0,0.5956
2020,2,Pennsylvania,192816.66667,52407.0,0.3878
2020,2,Pennsylvania,1112841.0,419175.0,0.5447
2020,2,Puerto Rico,47451.0,9744.0,0.3634
2020,2,Rhode Island,93495.0,44860.0,0.6726
2020,2,Rhode Island,16589.333333,8156.0,0.7015
2020,2,Rhode Island,76905.666667,36704.0,0.6664
2020,2,Rhode Island,80036.333333,38318.0,0.6618
2020,2,Rhode Island,12724.666667,6082.0,0.7498
2020,2,Rhode Island,734.0,460.0,0.6647
2020,2,Rhode Island,224.33333333,71.0,0.5221
2020,2,Rhode Island,93257.333333,44786.0,0.6728
2020,2,South Carolina,670448.66667,157869.0,0.3209
2020,2,South Carolina,74768.333333,21116.0,0.3678
2020,2,South Carolina,595680.33333,136753.0,0.3148
2020,2,South Carolina,586088.0,132828.0,0.3077
2020,2,South Carolina,75230.0,22073.0,0.4299
2020,2,South Carolina,9130.6666667,2968.0,0.3361
2020,2,South Carolina,126498.66667,24888.0,0.2714
2020,2,South Carolina,543563.0,132917.0,0.3324
2020,2,South Dakota,123806.0,27020.0,0.3507
2020,2,South Dakota,18084.666667,6092.0,0.4817
2020,2,South Dakota,105721.33333,20928.0,0.325
2020,2,South Dakota,109954.0,22588.0,0.3324
2020,2,South Dakota,12864.0,3935.0,0.4818
2020,2,South Dakota,988.0,497.0,0.5432
2020,2,South Dakota,77172.333333,15812.0,0.3302
2020,2,South Dakota,46612.666667,11203.0,0.3844
2020,2,Tennessee,699416.0,141193.0,0.2797
2020,2,Tennessee,103924.66667,29660.0,0.3682
2020,2,Tennessee,595491.33333,111533.0,0.2629
2020,2,Tennessee,603175.33333,112188.0,0.2577
2020,2,Tennessee,87437.333333,25849.0,0.4233
2020,2,Tennessee,8803.3333333,3156.0,0.3746
2020,2,Tennessee,239593.33333,44028.0,0.2515
2020,2,Tennessee,458978.66667,97008.0,0.2946
2020,2,Territories,16344.333333,1102.0,0.1442
2020,2,Texas,2078582.3333,657663.0,0.4589
2020,2,Texas,314967.33333,134375.0,0.5517
2020,2,Texas,1763615.0,523288.0,0.4399
2020,2,Texas,1815393.6667,553873.0,0.4435
2020,2,Texas,223323.33333,82950.0,0.5684
2020,2,Texas,39865.333333,20840.0,0.547
2020,2,Texas,418613.0,110823.0,0.3837
2020,2,Texas,1657208.0,546200.0,0.4781
2020,2,Utah,210070.0,53566.0,0.3811
2020,2,Utah,23245.666667,8334.0,0.5099
2020,2,Utah,186824.33333,45232.0,0.3641
2020,2,Utah,186523.66667,44917.0,0.3604
2020,2,Utah,21619.0,7680.0,0.5432
2020,2,Utah,1927.3333333,969.0,0.5386
2020,2,Utah,48675.666667,10692.0,0.3439
2020,2,Utah,161345.0,42869.0,0.3916
2020,2,Vermont,116120.33333,44180.0,0.5855
2020,2,Vermont,25930.0,11989.0,0.6421
2020,2,Vermont,90190.333333,32191.0,0.5669
2020,2,Vermont,98622.0,35648.0,0.5616
2020,2,Vermont,17066.666667,8218.0,0.7109
2020,2,Vermont,431.66666667,314.0,0.7621
2020,2,Vermont,86327.333333,30483.0,0.5464
2020,2,Vermont,29428.666667,13555.0,0.6978
2020,2,Virgin Islands,17748.666667,2632.0,0.3099
2020,2,Virginia,1004079.3333,311187.0,0.447
2020,2,Virginia,122812.66667,47650.0,0.519
2020,2,Virginia,881266.66667,263537.0,0.436
2020,2,Virginia,892381.66667,267905.0,0.4338
2020,2,Virginia,100319.66667,37319.0,0.5509
2020,2,Virginia,11378.0,5963.0,0.547
2020,2,Virginia,185836.66667,48277.0,0.3744
2020,2,Virginia,816425.33333,262395.0,0.4636
2020,2,Washington,758758.66667,193694.0,0.4207
2020,2,Washington,119360.0,36877.0,0.4896
2020,2,Washington,639398.66667,156817.0,0.4072
2020,2,Washington,663412.33333,163954.0,0.4069
2020,2,Washington,88556.666667,26337.0,0.5149
2020,2,Washington,6789.6666667,3403.0,0.536
2020,2,Washington,174831.66667,40111.0,0.3828
2020,2,Washington,583461.66667,153507.0,0.4318
2020,2,West Virginia,245808.33333,72991.0,0.4293
2020,2,West Virginia,59913.666667,22614.0,0.5088
2020,2,West Virginia,185894.66667,50377.0,0.4011
2020,2,West Virginia,194997.0,54200.0,0.4012
2020,2,West Virginia,48603.333333,17691.0,0.5393
2020,2,West Virginia,2208.0,1100.0,0.5131
2020,2,West Virginia,84232.0,22692.0,0.3902
2020,2,West Virginia,161256.33333,50204.0,0.4495
2020,2,Wisconsin,566548.66667,147973.0,0.427
2020,2,Wisconsin,109801.66667,41968.0,0.5503
2020,2,Wisconsin,456747.0,106005.0,0.3922
2020,2,Wisconsin,478487.33333,114796.0,0.3974
2020,2,Wisconsin,82443.333333,30485.0,0.5821
2020,2,Wisconsin,5618.0,2692.0,0.5073
2020,2,Wisconsin,216747.33333,47505.0,0.3677
2020,2,Wisconsin,349681.33333,100456.0,0.4623
2020,2,Wyoming,98522.333333,18014.0,0.2958
2020,2,Wyoming,11244.0,3813.0,0.4555
2020,2,Wyoming,87278.333333,14201.0,0.2704
2020,2,Wyoming,87461.666667,14541.0,0.2716
2020,2,Wyoming,10576.333333,3219.0,0.4666
2020,2,Wyoming,484.33333333,254.0,0.5595
2020,2,Wyoming,68164.666667,11654.0,0.2833
2020,2,Wyoming,30347.666667,6360.0,0.3219
2020,3,Alabama,503181.0,90444.0,0.2346
2020,3,Alabama,93952.666667,20321.0,0.2764
2020,3,Alabama,409228.33333,70123.0,0.2247
2020,3,Alabama,407340.33333,69087.0,0.2184
2020,3,Alabama,88332.666667,19262.0,0.3111
2020,3,Alabama,7508.0,2095.0,0.2871
2020,3,Alabama,150333.33333,23927.0,0.2076
2020,3,Alabama,351639.33333,66315.0,0.2461
2020,3,Alaska,91091.333333,17530.0,0.3147
2020,3,Alaska,19722.333333,5622.0,0.4149
2020,3,Alaska,71369.0,11908.0,0.2825
2020,3,Alaska,79929.0,14072.0,0.2919
2020,3,Alaska,10485.0,3271.0,0.4772
2020,3,Alaska,677.33333333,187.0,0.2954
2020,3,Alaska,43082.0,7342.0,0.282
2020,3,Alaska,44731.666667,9635.0,0.3471
2020,3,Arizona,685409.0,175878.0,0.3552
2020,3,Arizona,77140.333333,24618.0,0.4665
2020,3,Arizona,608268.66667,151260.0,0.3419
2020,3,Arizona,630046.66667,156394.0,0.3421
2020,3,Arizona,48549.666667,15540.0,0.4937
2020,3,Arizona,6812.6666667,3944.0,0.5962
2020,3,Arizona,106750.0,22506.0,0.3151
2020,3,Arizona,577095.0,153109.0,0.3622
2020,3,Arkansas,408113.66667,65154.0,0.2114
2020,3,Arkansas,74849.666667,17032.0,0.2924
2020,3,Arkansas,333264.0,48122.0,0.1925
2020,3,Arkansas,340269.66667,50406.0,0.1945
2020,3,Arkansas,63478.666667,13555.0,0.3018
2020,3,Arkansas,4365.3333333,1193.0,0.2862
2020,3,Arkansas,185975.33333,26239.0,0.1876
2020,3,Arkansas,220116.0,38626.0,0.2315
2020,3,California,2949180.0,910014.0,0.4424
2020,3,California,959844.66667,363406.0,0.5216
2020,3,California,1989335.3333,546608.0,0.4018
2020,3,California,2564473.0,764289.0,0.4269
2020,3,California,344253.33333,127213.0,0.5582
2020,3,California,40453.666667,18512.0,0.4774
2020,3,California,329578.66667,89222.0,0.3915
2020,3,California,2617190.6667,820353.0,0.4487
2020,3,Colorado,451552.33333,76312.0,0.2442
2020,3,Colorado,73003.666667,20847.0,0.3976
2020,3,Colorado,378548.66667,55465.0,0.2133
2020,3,Colorado,397995.0,60375.0,0.219
2020,3,Colorado,49874.333333,14823.0,0.4438
2020,3,Colorado,3683.0,1114.0,0.3251
2020,3,Colorado,114293.0,14130.0,0.1877
2020,3,Colorado,336918.33333,62137.0,0.2621
2020,3,Connecticut,314873.66667,79448.0,0.3225
2020,3,Connecticut,90492.666667,32809.0,0.4507
2020,3,Connecticut,224381.0,46639.0,0.2688
2020,3,Connecticut,268604.33333,59707.0,0.284
2020,3,Connecticut,42871.0,18579.0,0.5659
2020,3,Connecticut,3398.3333333,1162.0,0.3529
2020,3,Connecticut,13921.666667,3203.0,0.3003
2020,3,Connecticut,300845.66667,76237.0,0.3236
2020,3,Delaware,159515.66667,47110.0,0.3712
2020,3,Delaware,22631.333333,8644.0,0.4806
2020,3,Delaware,136884.33333,38466.0,0.3531
2020,3,Delaware,141559.33333,39507.0,0.3497
2020,3,Delaware,16350.666667,6890.0,0.5547
2020,3,Delaware,1605.6666667,713.0,0.4642
2020,3,Delaware,48273.333333,12490.0,0.3167
2020,3,Delaware,111173.66667,34605.0,0.3957
2020,3,District Of Columbia,57927.333333,15913.0,0.3968
2020,3,District Of Columbia,22124.666667,7474.0,0.4616
2020,3,District Of Columbia,35802.666667,8439.0,0.3529
2020,3,District Of Columbia,47980.333333,12382.0,0.3748
2020,3,District Of Columbia,8574.0,2903.0,0.5056
2020,3,District Of Columbia,1373.0,628.0,0.4729
2020,3,District Of Columbia,57900.0,15910.0,0.3968
2020,3,Florida,2122409.6667,523615.0,0.3132
2020,3,Florida,299526.0,99590.0,0.4151
2020,3,Florida,1822883.6667,424025.0,0.2962
2020,3,Florida,1901043.0,452058.0,0.2999
2020,3,Florida,197211.66667,61899.0,0.4398
2020,3,Florida,24155.0,9658.0,0.4123
2020,3,Florida,85254.666667,16064.0,0.2501
2020,3,Florida,2032933.3333,506954.0,0.3159
2020,3,Georgia,883211.66667,158619.0,0.2354
2020,3,Georgia,155774.66667,36750.0,0.3011
2020,3,Georgia,727437.0,121869.0,0.2209
2020,3,Georgia,750202.0,126615.0,0.2198
2020,3,Georgia,115496.0,27434.0,0.3394
2020,3,Georgia,17513.666667,4570.0,0.2701
2020,3,Georgia,184368.33333,30349.0,0.2121
2020,3,Georgia,698100.33333,128143.0,0.2417
2020,3,Hawaii,110603.33333,29473.0,0.3848
2020,3,Hawaii,12605.666667,3295.0,0.3892
2020,3,Hawaii,97997.666667,26178.0,0.3843
2020,3,Hawaii,100336.0,26346.0,0.378
2020,3,Hawaii,7918.0,2161.0,0.4612
2020,3,Hawaii,2349.3333333,966.0,0.4371
2020,3,Hawaii,36806.333333,6929.0,0.2849
2020,3,Hawaii,73730.0,22544.0,0.4314
2020,3,Idaho,195582.66667,25184.0,0.188
2020,3,Idaho,30160.333333,6485.0,0.2965
2020,3,Idaho,165422.33333,18699.0,0.1668
2020,3,Idaho,170004.66667,19402.0,0.1671
2020,3,Idaho,24177.333333,5342.0,0.3235
2020,3,Idaho,1400.6666667,440.0,0.3336
2020,3,Idaho,83782.333333,8205.0,0.1492
2020,3,Idaho,111765.0,16977.0,0.215
2020,3,Illinois,1389420.0,235597.0,0.2272
2020,3,Illinois,254486.33333,74275.0,0.3633
2020,3,Illinois,1134933.6667,161322.0,0.1938
2020,3,Illinois,1212707.6667,184767.0,0.2043
2020,3,Illinois,160543.66667,45426.0,0.3885
2020,3,Illinois,16168.666667,5404.0,0.3459
2020,3,Illinois,259994.0,30430.0,0.156
2020,3,Illinois,1128861.6667,205106.0,0.2437
2020,3,Indiana,732697.33333,117972.0,0.2103
2020,3,Indiana,134289.0,38817.0,0.3524
2020,3,Indiana,598408.33333,79155.0,0.1756
2020,3,Indiana,623821.33333,87650.0,0.1831
2020,3,Indiana,100854.0,27952.0,0.3745
2020,3,Indiana,8022.0,2370.0,0.3098
2020,3,Indiana,211305.33333,27452.0,0.1698
2020,3,Indiana,521030.33333,90471.0,0.2267
2020,3,Iowa,435229.0,55199.0,0.1694
2020,3,Iowa,56646.0,18313.0,0.407
2020,3,Iowa,378583.0,36886.0,0.1313
2020,3,Iowa,388871.66667,42865.0,0.1469
2020,3,Iowa,43577.333333,11668.0,0.3718
2020,3,Iowa,2780.0,666.0,0.252
2020,3,Iowa,238964.66667,27660.0,0.1553
2020,3,Iowa,196045.33333,27477.0,0.186
2020,3,Kansas,387026.66667,44013.0,0.1512
2020,3,Kansas,47628.0,12138.0,0.3164
2020,3,Kansas,339398.66667,31875.0,0.1261
2020,3,Kansas,340913.0,33470.0,0.1304
2020,3,Kansas,42975.333333,9605.0,0.3063
2020,3,Kansas,3138.3333333,938.0,0.3121
2020,3,Kansas,184452.0,19782.0,0.1436
2020,3,Kansas,202043.66667,24177.0,0.1581
2020,3,Kentucky,516691.0,98748.0,0.2481
2020,3,Kentucky,124899.0,37007.0,0.3641
2020,3,Kentucky,391792.0,61741.0,0.2084
2020,3,Kentucky,413936.33333,69558.0,0.2165
2020,3,Kentucky,97853.0,27155.0,0.3775
2020,3,Kentucky,4901.6666667,2035.0,0.4328
2020,3,Kentucky,267686.66667,55174.0,0.269
2020,3,Kentucky,246878.0,43035.0,0.2251
2020,3,Louisiana,449883.66667,78935.0,0.2308
2020,3,Louisiana,116370.66667,28174.0,0.3098
2020,3,Louisiana,333513.0,50761.0,0.2022
2020,3,Louisiana,367385.0,58643.0,0.2084
2020,3,Louisiana,74402.333333,17677.0,0.3353
2020,3,Louisiana,8096.3333333,2615.0,0.3317
2020,3,Louisiana,104733.0,19315.0,0.2417
2020,3,Louisiana,342829.33333,59099.0,0.227
2020,3,Maine,172467.0,30431.0,0.2514
2020,3,Maine,55442.666667,14261.0,0.3359
2020,3,Maine,117024.33333,16170.0,0.2057
2020,3,Maine,137416.33333,20073.0,0.2083
2020,3,Maine,33932.333333,9969.0,0.4218
2020,3,Maine,1118.3333333,389.0,0.3636
2020,3,Maine,97409.666667,15757.0,0.2306
2020,3,Maine,75021.666667,14670.0,0.2784
2020,3,Maryland,780907.66667,214369.0,0.3629
2020,3,Maryland,132798.0,47623.0,0.4595
2020,3,Maryland,648109.66667,166746.0,0.3423
2020,3,Maryland,679318.66667,174874.0,0.3409
2020,3,Maryland,92215.0,35807.0,0.5213
2020,3,Maryland,9374.0,3688.0,0.4099
2020,3,Maryland,44825.0,9146.0,0.2588
2020,3,Maryland,735922.33333,205210.0,0.3695
2020,3,Massachusetts,853892.0,307837.0,0.4677
2020,3,Massachusetts,210360.66667,95669.0,0.5769
2020,3,Massachusetts,643531.33333,212168.0,0.4309
2020,3,Massachusetts,714117.33333,238686.0,0.4336
2020,3,Massachusetts,134286.0,66407.0,0.6488
2020,3,Massachusetts,5488.6666667,2744.0,0.5128
2020,3,Massachusetts,33804.333333,11283.0,0.4483
2020,3,Massachusetts,819782.66667,296498.0,0.4685
2020,3,Michigan,966063.66667,171846.0,0.2386
2020,3,Michigan,202582.66667,58151.0,0.3594
2020,3,Michigan,763481.0,113695.0,0.2036
2020,3,Michigan,782491.0,119372.0,0.2042
2020,3,Michigan,172343.33333,49221.0,0.3952
2020,3,Michigan,11229.333333,3253.0,0.2986
2020,3,Michigan,249229.0,31688.0,0.1773
2020,3,Michigan,716549.66667,140115.0,0.2589
2020,3,Minnesota,461524.66667,103705.0,0.32
2020,3,Minnesota,81033.666667,32005.0,0.5185
2020,3,Minnesota,380491.0,71700.0,0.2733
2020,3,Minnesota,378824.0,71894.0,0.272
2020,3,Minnesota,78375.333333,29748.0,0.5347
2020,3,Minnesota,4325.3333333,2063.0,0.5032
2020,3,Minnesota,172087.66667,26696.0,0.2237
2020,3,Minnesota,289176.33333,76953.0,0.3762
2020,3,Mississippi,426349.0,76940.0,0.2304
2020,3,Mississippi,107496.66667,25772.0,0.2927
2020,3,Mississippi,318852.33333,51168.0,0.208
2020,3,Mississippi,346086.0,57396.0,0.2112
2020,3,Mississippi,72949.0,17534.0,0.3186
2020,3,Mississippi,7314.0,2010.0,0.2812
2020,3,Mississippi,253335.0,42038.0,0.2104
2020,3,Mississippi,171059.33333,34538.0,0.2604
2020,3,Missouri,655952.66667,87594.0,0.1782
2020,3,Missouri,106610.66667,30163.0,0.3441
2020,3,Missouri,549342.0,57431.0,0.1422
2020,3,Missouri,547938.66667,61017.0,0.1484
2020,3,Missouri,100550.66667,24554.0,0.3347
2020,3,Missouri,7463.3333333,2023.0,0.2864
2020,3,Missouri,244969.33333,26290.0,0.1465
2020,3,Missouri,410892.33333,61290.0,0.1964
2020,3,Montana,172153.0,16948.0,0.1464
2020,3,Montana,25035.0,4675.0,0.2568
2020,3,Montana,147118.0,12273.0,0.1258
2020,3,Montana,152898.66667,13079.0,0.1272
2020,3,Montana,18353.0,3692.0,0.3054
2020,3,Montana,901.33333333,177.0,0.2073
2020,3,Montana,116821.33333,11046.0,0.1429
2020,3,Montana,55314.0,5899.0,0.1533
2020,3,Nebraska,254450.66667,23994.0,0.1293
2020,3,Nebraska,28308.0,6947.0,0.3051
2020,3,Nebraska,226142.66667,17047.0,0.1047
2020,3,Nebraska,229724.66667,18588.0,0.1109
2020,3,Nebraska,22951.333333,4967.0,0.3062
2020,3,Nebraska,1774.6666667,439.0,0.2604
2020,3,Nebraska,129643.66667,10473.0,0.112
2020,3,Nebraska,124761.33333,13516.0,0.147
2020,3,Nevada,274622.66667,52568.0,0.2754
2020,3,Nevada,46406.666667,14452.0,0.421
2020,3,Nevada,228216.0,38116.0,0.2435
2020,3,Nevada,240985.66667,42134.0,0.2523
2020,3,Nevada,30283.333333,8975.0,0.433
2020,3,Nevada,3353.6666667,1459.0,0.461
2020,3,Nevada,48288.333333,6504.0,0.1993
2020,3,Nevada,225958.66667,46021.0,0.2913
2020,3,New Hampshire,208144.66667,46893.0,0.3103
2020,3,New Hampshire,27898.666667,10839.0,0.4906
2020,3,New Hampshire,180246.0,36054.0,0.2794
2020,3,New Hampshire,177654.0,35876.0,0.2771
2020,3,New Hampshire,29538.0,10639.0,0.5125
2020,3,New Hampshire,952.66666667,378.0,0.4195
2020,3,New Hampshire,91229.666667,18448.0,0.2875
2020,3,New Hampshire,116426.66667,28329.0,0.3271
2020,3,New Jersey,939253.0,214838.0,0.2935
2020,3,New Jersey,137114.0,42926.0,0.3829
2020,3,New Jersey,802139.0,171912.0,0.2773
2020,3,New Jersey,828757.66667,177574.0,0.2739
2020,3,New Jersey,99779.0,33796.0,0.4607
2020,3,New Jersey,10716.333333,3468.0,0.3355
2020,3,New Jersey,11277.0,2375.0,0.28
2020,3,New Jersey,926720.33333,212269.0,0.2938
2020,3,New Mexico,227352.0,55490.0,0.3628
2020,3,New Mexico,50377.666667,15305.0,0.4424
2020,3,New Mexico,176974.33333,40185.0,0.3395
2020,3,New Mexico,194938.33333,44787.0,0.3417
2020,3,New Mexico,29474.0,9420.0,0.4949
2020,3,New Mexico,2939.6666667,1283.0,0.4529
2020,3,New Mexico,96321.333333,19614.0,0.3011
2020,3,New Mexico,130328.66667,35745.0,0.4093
2020,3,New York,1724973.0,401748.0,0.3005
2020,3,New York,433707.0,148565.0,0.42
2020,3,New York,1291266.0,253183.0,0.2575
2020,3,New York,1467864.3333,311384.0,0.2727
2020,3,New York,235425.0,83506.0,0.4795
2020,3,New York,21683.666667,6858.0,0.3263
2020,3,New York,210792.66667,40231.0,0.249
2020,3,New York,1513239.6667,361400.0,0.3075
2020,3,North Carolina,1089141.3333,199667.0,0.2373
2020,3,North Carolina,191351.33333,53472.0,0.3498
2020,3,North Carolina,897790.0,146195.0,0.2124
2020,3,North Carolina,920534.66667,153382.0,0.2148
2020,3,North Carolina,153224.33333,41392.0,0.3683
2020,3,North Carolina,15382.333333,4893.0,0.3288
2020,3,North Carolina,334966.66667,57338.0,0.2208
2020,3,North Carolina,752709.0,142046.0,0.2447
2020,3,North Dakota,97175.0,8711.0,0.1255
2020,3,North Dakota,13669.666667,3239.0,0.295
2020,3,North Dakota,83505.333333,5472.0,0.0936
2020,3,North Dakota,85935.0,6389.0,0.1044
2020,3,North Dakota,10523.0,2149.0,0.2847
2020,3,North Dakota,717.0,173.0,0.2559
2020,3,North Dakota,57554.666667,5153.0,0.1272
2020,3,North Dakota,39556.666667,3552.0,0.123
2020,3,Ohio,1107954.0,190362.0,0.2271
2020,3,Ohio,172208.33333,52763.0,0.3811
2020,3,Ohio,935745.66667,137599.0,0.1967
2020,3,Ohio,951040.33333,145660.0,0.2014
2020,3,Ohio,146310.0,41421.0,0.3955
2020,3,Ohio,10603.666667,3281.0,0.3231
2020,3,Ohio,319070.33333,51204.0,0.2124
2020,3,Ohio,788258.0,139037.0,0.2331
2020,3,Oklahoma,498675.0,81659.0,0.2155
2020,3,Oklahoma,85188.666667,22559.0,0.328
2020,3,Oklahoma,413486.33333,59100.0,0.1905
2020,3,Oklahoma,420813.66667,62520.0,0.1947
2020,3,Oklahoma,72435.666667,17206.0,0.3267
2020,3,Oklahoma,5425.6666667,1933.0,0.3743
2020,3,Oklahoma,243132.33333,37357.0,0.2022
2020,3,Oklahoma,254421.33333,44120.0,0.2281
2020,3,Oregon,400406.0,79018.0,0.2956
2020,3,Oregon,78902.666667,20902.0,0.4002
2020,3,Oregon,321503.33333,58116.0,0.2702
2020,3,Oregon,341268.33333,61725.0,0.2702
2020,3,Oregon,55682.0,15979.0,0.4494
2020,3,Oregon,3455.6666667,1314.0,0.4028
2020,3,Oregon,166636.33333,28255.0,0.2561
2020,3,Oregon,233705.66667,50762.0,0.3234
2020,3,Pennsylvania,1313527.0,250933.0,0.2495
2020,3,Pennsylvania,219277.66667,63785.0,0.3758
2020,3,Pennsylvania,1094249.3333,187148.0,0.2239
2020,3,Pennsylvania,1128166.3333,193873.0,0.2231
2020,3,Pennsylvania,172433.33333,52722.0,0.4243
2020,3,Pennsylvania,12927.333333,4338.0,0.3464
2020,3,Pennsylvania,193114.33333,25234.0,0.1706
2020,3,Pennsylvania,1119852.3333,225658.0,0.2632
2020,3,Puerto Rico,47207.666667,7639.0,0.2552
2020,3,Rhode Island,93869.666667,28229.0,0.3897
2020,3,Rhode Island,16427.0,5897.0,0.4873
2020,3,Rhode Island,77442.666667,22332.0,0.3701
2020,3,Rhode Island,80301.0,23284.0,0.3681
2020,3,Rhode Island,12859.0,4676.0,0.5497
2020,3,Rhode Island,709.66666667,269.0,0.3985
2020,3,Rhode Island,225.33333333,32.0,0.1951
2020,3,Rhode Island,93629.333333,28196.0,0.3901
2020,3,South Carolina,671671.33333,115311.0,0.2184
2020,3,South Carolina,71755.0,17356.0,0.2994
2020,3,South Carolina,599916.33333,97955.0,0.2085
2020,3,South Carolina,587789.66667,95015.0,0.204
2020,3,South Carolina,74963.666667,17970.0,0.3357
2020,3,South Carolina,8918.0,2326.0,0.269
2020,3,South Carolina,126282.0,18105.0,0.1847
2020,3,South Carolina,545000.66667,97140.0,0.2261
2020,3,South Dakota,125040.66667,14712.0,0.1684
2020,3,South Dakota,17856.0,4347.0,0.3209
2020,3,South Dakota,107184.66667,10365.0,0.1404
2020,3,South Dakota,111096.0,11671.0,0.1505
2020,3,South Dakota,12980.666667,2690.0,0.3023
2020,3,South Dakota,964.0,351.0,0.3832
2020,3,South Dakota,77976.0,9160.0,0.1686
2020,3,South Dakota,47041.666667,5549.0,0.1682
2020,3,Tennessee,701587.66667,81471.0,0.1508
2020,3,Tennessee,100720.66667,21740.0,0.2685
2020,3,Tennessee,600867.0,59731.0,0.13
2020,3,Tennessee,606047.33333,60925.0,0.1299
2020,3,Tennessee,86972.333333,18786.0,0.2984
2020,3,Tennessee,8568.0,1760.0,0.2148
2020,3,Tennessee,239339.66667,26360.0,0.142
2020,3,Tennessee,461404.66667,55013.0,0.1554
2020,3,Territories,16765.333333,559.0,0.0673
2020,3,Texas,2094100.6667,536244.0,0.35
2020,3,Texas,305541.0,122171.0,0.4974
2020,3,Texas,1788559.6667,414073.0,0.3219
2020,3,Texas,1830926.6667,444421.0,0.331
2020,3,Texas,223921.0,73335.0,0.4839
2020,3,Texas,39253.0,18488.0,0.4889
2020,3,Texas,419548.0,87566.0,0.2845
2020,3,Texas,1671797.3333,448120.0,0.3666
2020,3,Utah,211890.66667,35024.0,0.2311
2020,3,Utah,23020.666667,6758.0,0.3969
2020,3,Utah,188870.0,28266.0,0.2101
2020,3,Utah,188198.33333,28168.0,0.2086
2020,3,Utah,21775.666667,6280.0,0.4258
2020,3,Utah,1916.6666667,576.0,0.3202
2020,3,Utah,49177.666667,6740.0,0.1999
2020,3,Utah,162662.33333,28280.0,0.24
2020,3,Vermont,117079.0,27693.0,0.3299
2020,3,Vermont,25513.666667,8240.0,0.4246
2020,3,Vermont,91565.333333,19453.0,0.3014
2020,3,Vermont,99475.666667,21293.0,0.2986
2020,3,Vermont,17184.333333,6173.0,0.504
2020,3,Vermont,419.0,227.0,0.5633
2020,3,Vermont,86982.333333,18026.0,0.2899
2020,3,Vermont,29731.333333,9540.0,0.4432
2020,3,Virgin Islands,17965.666667,2001.0,0.2055
2020,3,Virginia,1007851.6667,194710.0,0.253
2020,3,Virginia,116943.33333,34244.0,0.3678
2020,3,Virginia,890908.33333,160466.0,0.2372
2020,3,Virginia,897566.0,162845.0,0.2367
2020,3,Virginia,99193.0,28040.0,0.395
2020,3,Virginia,11092.666667,3825.0,0.3582
2020,3,Virginia,185346.66667,26687.0,0.1882
2020,3,Virginia,820701.0,167685.0,0.2677
2020,3,Washington,765374.0,125036.0,0.2417
2020,3,Washington,118540.0,27625.0,0.3397
2020,3,Washington,646834.0,97411.0,0.2235
2020,3,Washington,669455.0,102744.0,0.2254
2020,3,Washington,89251.333333,20001.0,0.3623
2020,3,Washington,6667.6666667,2291.0,0.3645
2020,3,Washington,176375.33333,24333.0,0.2069
2020,3,Washington,588533.0,100654.0,0.252
2020,3,West Virginia,245914.0,40811.0,0.2222
2020,3,West Virginia,58519.333333,14606.0,0.3189
2020,3,West Virginia,187394.66667,26205.0,0.19
2020,3,West Virginia,195534.66667,28542.0,0.194
2020,3,West Virginia,48267.666667,11612.0,0.3358
2020,3,West Virginia,2111.6666667,657.0,0.324
2020,3,West Virginia,84208.0,11750.0,0.1871
2020,3,West Virginia,161391.33333,29005.0,0.2403
2020,3,Wisconsin,570067.33333,83071.0,0.2083
2020,3,Wisconsin,108220.66667,28366.0,0.3457
2020,3,Wisconsin,461846.66667,54705.0,0.1727
2020,3,Wisconsin,482034.0,60608.0,0.1801
2020,3,Wisconsin,82549.666667,20868.0,0.3655
2020,3,Wisconsin,5483.6666667,1595.0,0.3051
2020,3,Wisconsin,218265.0,26037.0,0.1757
2020,3,Wisconsin,351683.33333,57029.0,0.2276
2020,3,Wyoming,99922.333333,8659.0,0.1287
2020,3,Wyoming,11199.333333,2581.0,0.2949
2020,3,Wyoming,88723.0,6078.0,0.1039
2020,3,Wyoming,88684.666667,6365.0,0.1072
2020,3,Wyoming,10759.333333,2124.0,0.2867
2020,3,Wyoming,478.33333333,170.0,0.3761
2020,3,Wyoming,69140.0,5703.0,0.1251
2020,3,Wyoming,30772.333333,2956.0,0.1365
2020,4,Alabama,500183.33333,78313.0,0.2056
2020,4,Alabama,90947.0,17204.0,0.2457
2020,4,Alabama,409236.33333,61109.0,0.1966
2020,4,Alabama,405034.66667,59457.0,0.1899
2020,4,Alabama,87874.0,17178.0,0.2827
2020,4,Alabama,7274.6666667,1678.0,0.2389
2020,4,Alabama,149041.0,21087.0,0.1854
2020,4,Alabama,349958.33333,57054.0,0.2143
2020,4,Alaska,92132.0,19544.0,0.3498
2020,4,Alaska,19839.666667,6100.0,0.4564
2020,4,Alaska,72292.333333,13444.0,0.3162
2020,4,Alaska,80853.666667,15791.0,0.3265
2020,4,Alaska,10614.0,3576.0,0.5196
2020,4,Alaska,664.33333333,177.0,0.2814
2020,4,Alaska,43585.333333,8389.0,0.3179
2020,4,Alaska,45243.666667,10590.0,0.383
2020,4,Arizona,687802.66667,155010.0,0.3069
2020,4,Arizona,75836.333333,21319.0,0.4148
2020,4,Arizona,611966.33333,133691.0,0.2947
2020,4,Arizona,632774.66667,137533.0,0.294
2020,4,Arizona,48419.0,14166.0,0.4577
2020,4,Arizona,6609.0,3311.0,0.5209
2020,4,Arizona,106893.0,19651.0,0.2723
2020,4,Arizona,579352.0,135139.0,0.3129
2020,4,Arkansas,407135.0,63613.0,0.2085
2020,4,Arkansas,73209.0,16180.0,0.2879
2020,4,Arkansas,333926.0,47433.0,0.1906
2020,4,Arkansas,339565.66667,49378.0,0.1922
2020,4,Arkansas,63350.333333,13194.0,0.2982
2020,4,Arkansas,4219.0,1041.0,0.2601
2020,4,Arkansas,185176.33333,26025.0,0.1888
2020,4,Arkansas,219950.66667,37268.0,0.2248
2020,4,California,2956787.3333,877449.0,0.4269
2020,4,California,955712.0,347473.0,0.504
2020,4,California,2001075.3333,529976.0,0.3879
2020,4,California,2571578.3333,734062.0,0.41
2020,4,California,345981.0,126076.0,0.5541
2020,4,California,39228.0,17311.0,0.4604
2020,4,California,331041.33333,88792.0,0.3888
2020,4,California,2623382.3333,788248.0,0.4316
2020,4,Colorado,454902.0,91378.0,0.2954
2020,4,Colorado,72982.666667,22618.0,0.4412
2020,4,Colorado,381919.33333,68760.0,0.2664
2020,4,Colorado,401182.0,74038.0,0.2712
2020,4,Colorado,50113.333333,16070.0,0.4878
2020,4,Colorado,3606.6666667,1270.0,0.3773
2020,4,Colorado,115458.33333,18468.0,0.2482
2020,4,Colorado,339102.0,72857.0,0.3104
2020,4,Connecticut,314350.66667,79013.0,0.3244
2020,4,Connecticut,88842.333333,31337.0,0.4446
2020,4,Connecticut,225508.33333,47676.0,0.2755
2020,4,Connecticut,268294.33333,59818.0,0.2875
2020,4,Connecticut,42772.666667,18063.0,0.5587
2020,4,Connecticut,3283.6666667,1132.0,0.3571
2020,4,Connecticut,13912.0,3036.0,0.2908
2020,4,Connecticut,300336.33333,75967.0,0.3259
2020,4,Delaware,160137.33333,43619.0,0.3455
2020,4,Delaware,22405.0,8213.0,0.4694
2020,4,Delaware,137732.33333,35406.0,0.3256
2020,4,Delaware,142172.33333,36333.0,0.3229
2020,4,Delaware,16399.0,6653.0,0.5441
2020,4,Delaware,1566.0,633.0,0.4237
2020,4,Delaware,48532.333333,11647.0,0.294
2020,4,Delaware,111532.0,31959.0,0.3691
2020,4,District Of Columbia,57880.0,15656.0,0.3865
2020,4,District Of Columbia,21991.666667,7194.0,0.4452
2020,4,District Of Columbia,35888.333333,8462.0,0.3475
2020,4,District Of Columbia,48031.0,12190.0,0.3635
2020,4,District Of Columbia,8524.3333333,2889.0,0.506
2020,4,District Of Columbia,1324.6666667,577.0,0.455
2020,4,District Of Columbia,57854.0,15654.0,0.3865
2020,4,Florida,2120299.3333,419017.0,0.2488
2020,4,Florida,292140.33333,76133.0,0.3284
2020,4,Florida,1828159.0,342884.0,0.2361
2020,4,Florida,1899450.0,357915.0,0.2352
2020,4,Florida,197407.0,53834.0,0.3844
2020,4,Florida,23442.333333,7268.0,0.323
2020,4,Florida,85148.333333,13828.0,0.2153
2020,4,Florida,2030964.0,404743.0,0.2502
2020,4,Georgia,883010.66667,134832.0,0.2022
2020,4,Georgia,151561.33333,31278.0,0.2668
2020,4,Georgia,731449.33333,103554.0,0.1884
2020,4,Georgia,750606.66667,106474.0,0.1864
2020,4,Georgia,115348.66667,24482.0,0.3083
2020,4,Georgia,17055.333333,3876.0,0.2364
2020,4,Georgia,183223.33333,25830.0,0.1833
2020,4,Georgia,699061.33333,108893.0,0.2072
2020,4,Hawaii,111396.66667,26756.0,0.3496
2020,4,Hawaii,12669.0,3055.0,0.368
2020,4,Hawaii,98727.666667,23701.0,0.3474
2020,4,Hawaii,101062.0,23788.0,0.3414
2020,4,Hawaii,8028.3333333,2115.0,0.452
2020,4,Hawaii,2306.3333333,853.0,0.3945
2020,4,Hawaii,37135.0,6886.0,0.2823
2020,4,Hawaii,74198.333333,19869.0,0.3811
2020,4,Idaho,196160.33333,27533.0,0.2061
2020,4,Idaho,29655.666667,6526.0,0.3101
2020,4,Idaho,166504.66667,21007.0,0.1867
2020,4,Idaho,170609.66667,21487.0,0.1851
2020,4,Idaho,24211.0,5631.0,0.3481
2020,4,Idaho,1339.6666667,415.0,0.3242
2020,4,Idaho,84079.666667,9275.0,0.1699
2020,4,Idaho,112047.33333,18254.0,0.2312
2020,4,Illinois,1391486.6667,267648.0,0.262
2020,4,Illinois,247981.66667,77388.0,0.3954
2020,4,Illinois,1143505.0,190260.0,0.2304
2020,4,Illinois,1215668.6667,213216.0,0.239
2020,4,Illinois,160326.66667,48969.0,0.4278
2020,4,Illinois,15491.333333,5463.0,0.3659
2020,4,Illinois,260427.0,39933.0,0.2097
2020,4,Illinois,1130510.6667,227647.0,0.274
2020,4,Indiana,732859.66667,132850.0,0.2428
2020,4,Indiana,130270.66667,39996.0,0.3829
2020,4,Indiana,602589.0,92854.0,0.2097
2020,4,Indiana,624681.66667,100774.0,0.2155
2020,4,Indiana,100429.33333,29791.0,0.4123
2020,4,Indiana,7748.6666667,2285.0,0.3091
2020,4,Indiana,210874.0,32757.0,0.2092
2020,4,Indiana,521624.66667,100041.0,0.2563
2020,4,Iowa,436421.66667,67229.0,0.2098
2020,4,Iowa,56039.666667,19214.0,0.4399
2020,4,Iowa,380382.0,48015.0,0.1734
2020,4,Iowa,389846.33333,53651.0,0.1871
2020,4,Iowa,43900.666667,12777.0,0.4095
2020,4,Iowa,2674.6666667,801.0,0.3171
2020,4,Iowa,239285.66667,33401.0,0.191
2020,4,Iowa,196919.0,33754.0,0.232
2020,4,Kansas,388321.66667,54177.0,0.189
2020,4,Kansas,46575.333333,12982.0,0.3526
2020,4,Kansas,341746.33333,41195.0,0.1649
2020,4,Kansas,342119.66667,42533.0,0.1682
2020,4,Kansas,43186.0,10673.0,0.3451
2020,4,Kansas,3016.0,971.0,0.3367
2020,4,Kansas,184790.0,24431.0,0.181
2020,4,Kansas,203000.66667,29660.0,0.196
2020,4,Kentucky,513947.66667,104160.0,0.2692
2020,4,Kentucky,122133.33333,37525.0,0.3876
2020,4,Kentucky,391814.33333,66635.0,0.2297
2020,4,Kentucky,412364.33333,74798.0,0.2391
2020,4,Kentucky,96876.666667,27873.0,0.4004
2020,4,Kentucky,4706.6666667,1489.0,0.3289
2020,4,Kentucky,265206.66667,57503.0,0.2889
2020,4,Kentucky,246652.0,46172.0,0.2478
2020,4,Louisiana,449543.0,58765.0,0.1726
2020,4,Louisiana,114362.33333,21182.0,0.2406
2020,4,Louisiana,335180.66667,37583.0,0.1489
2020,4,Louisiana,367457.33333,43078.0,0.1533
2020,4,Louisiana,74223.666667,14108.0,0.2713
2020,4,Louisiana,7862.0,1579.0,0.2088
2020,4,Louisiana,104258.0,14013.0,0.1764
2020,4,Louisiana,342984.66667,44387.0,0.1711
2020,4,Maine,171514.33333,31679.0,0.2663
2020,4,Maine,54407.333333,14557.0,0.3562
2020,4,Maine,117107.0,17122.0,0.2192
2020,4,Maine,136669.0,21220.0,0.2238
2020,4,Maine,33758.333333,10143.0,0.4386
2020,4,Maine,1087.0,316.0,0.305
2020,4,Maine,96808.333333,17431.0,0.2597
2020,4,Maine,74672.0,14244.0,0.2747
2020,4,Maryland,784134.33333,204520.0,0.3463
2020,4,Maryland,132969.0,45952.0,0.4447
2020,4,Maryland,651165.33333,158568.0,0.3255
2020,4,Maryland,681974.0,165443.0,0.3226
2020,4,Maryland,93056.333333,35681.0,0.5173
2020,4,Maryland,9104.0,3396.0,0.3893
2020,4,Maryland,45009.0,9078.0,0.2577
2020,4,Maryland,738974.66667,195425.0,0.3519
2020,4,Massachusetts,855528.0,296089.0,0.4503
2020,4,Massachusetts,208096.0,92624.0,0.5659
2020,4,Massachusetts,647432.0,203465.0,0.412
2020,4,Massachusetts,716558.0,228059.0,0.4145
2020,4,Massachusetts,133687.66667,65577.0,0.6421
2020,4,Massachusetts,5282.3333333,2453.0,0.4758
2020,4,Massachusetts,34018.0,11709.0,0.4592
2020,4,Massachusetts,821210.66667,284332.0,0.45
2020,4,Michigan,965438.33333,206412.0,0.2917
2020,4,Michigan,198342.33333,63586.0,0.4077
2020,4,Michigan,767096.0,142826.0,0.2589
2020,4,Michigan,782706.0,147924.0,0.2574
2020,4,Michigan,171875.66667,54898.0,0.4488
2020,4,Michigan,10856.666667,3590.0,0.3415
2020,4,Michigan,249022.66667,44392.0,0.2542
2020,4,Michigan,716140.0,161979.0,0.304
2020,4,Minnesota,462313.33333,104179.0,0.3268
2020,4,Minnesota,80059.666667,31293.0,0.5207
2020,4,Minnesota,382253.66667,72886.0,0.2818
2020,4,Minnesota,379457.33333,72538.0,0.2791
2020,4,Minnesota,78686.0,29783.0,0.5421
2020,4,Minnesota,4170.0,1858.0,0.4725
2020,4,Minnesota,172340.33333,28860.0,0.2473
2020,4,Minnesota,289717.33333,75274.0,0.3728
2020,4,Mississippi,425085.0,61026.0,0.1849
2020,4,Mississippi,105044.66667,19967.0,0.2362
2020,4,Mississippi,320040.33333,41059.0,0.1673
2020,4,Mississippi,345161.33333,45001.0,0.1674
2020,4,Mississippi,72889.666667,14627.0,0.2696
2020,4,Mississippi,7034.0,1398.0,0.2046
2020,4,Mississippi,252190.0,32867.0,0.1668
2020,4,Mississippi,170969.66667,27902.0,0.2123
2020,4,Missouri,654966.33333,93954.0,0.1951
2020,4,Missouri,103772.33333,29699.0,0.3539
2020,4,Missouri,551194.0,64255.0,0.1616
2020,4,Missouri,547320.0,66889.0,0.1661
2020,4,Missouri,100455.66667,25106.0,0.3491
2020,4,Missouri,7190.6666667,1959.0,0.2865
2020,4,Missouri,243951.33333,30315.0,0.1722
2020,4,Missouri,410926.0,63627.0,0.2083
2020,4,Montana,173255.66667,23648.0,0.2081
2020,4,Montana,24914.333333,5648.0,0.3201
2020,4,Montana,148341.33333,18000.0,0.1875
2020,4,Montana,153910.33333,18993.0,0.1882
2020,4,Montana,18477.333333,4436.0,0.3733
2020,4,Montana,868.0,219.0,0.2674
2020,4,Montana,117673.0,15713.0,0.2071
2020,4,Montana,55566.0,7934.0,0.2102
2020,4,Nebraska,254735.66667,29310.0,0.1617
2020,4,Nebraska,27689.0,7605.0,0.3518
2020,4,Nebraska,227046.66667,21705.0,0.136
2020,4,Nebraska,229919.0,23430.0,0.1431
2020,4,Nebraska,23099.333333,5441.0,0.342
2020,4,Nebraska,1717.3333333,439.0,0.2698
2020,4,Nebraska,129455.66667,13765.0,0.1509
2020,4,Nebraska,125235.33333,15540.0,0.1727
2020,4,Nevada,275824.0,52616.0,0.2777
2020,4,Nevada,45571.666667,13925.0,0.4182
2020,4,Nevada,230252.33333,38691.0,0.2478
2020,4,Nevada,242109.33333,42245.0,0.2546
2020,4,Nevada,30460.333333,9010.0,0.4399
2020,4,Nevada,3254.3333333,1361.0,0.443
2020,4,Nevada,48533.666667,6857.0,0.2115
2020,4,Nevada,226914.66667,45720.0,0.2916
2020,4,New Hampshire,208905.66667,46318.0,0.3081
2020,4,New Hampshire,27531.0,10599.0,0.493
2020,4,New Hampshire,181374.66667,35719.0,0.2773
2020,4,New Hampshire,178387.0,35259.0,0.2737
2020,4,New Hampshire,29601.333333,10720.0,0.5199
2020,4,New Hampshire,917.33333333,339.0,0.3946
2020,4,New Hampshire,91479.333333,17854.0,0.2785
2020,4,New Hampshire,116938.0,28334.0,0.33
2020,4,New Jersey,942642.33333,215296.0,0.2922
2020,4,New Jersey,135400.66667,41669.0,0.3785
2020,4,New Jersey,807241.66667,173627.0,0.2771
2020,4,New Jersey,832068.0,177764.0,0.2723
2020,4,New Jersey,100204.33333,34336.0,0.4645
2020,4,New Jersey,10370.0,3196.0,0.3197
2020,4,New Jersey,11285.333333,2498.0,0.2944
2020,4,New Jersey,930149.66667,212636.0,0.2924
2020,4,New Mexico,228007.0,60409.0,0.4031
2020,4,New Mexico,50251.0,16187.0,0.4794
2020,4,New Mexico,177756.0,44222.0,0.3809
2020,4,New Mexico,195571.33333,49155.0,0.3832
2020,4,New Mexico,29559.0,9953.0,0.5291
2020,4,New Mexico,2876.6666667,1301.0,0.471
2020,4,New Mexico,96329.666667,23011.0,0.3608
2020,4,New Mexico,130982.66667,37219.0,0.4348
2020,4,New York,1729465.0,401756.0,0.2992
2020,4,New York,429400.33333,144686.0,0.4163
2020,4,New York,1300064.6667,257070.0,0.2584
2020,4,New York,1471368.3333,310450.0,0.2706
2020,4,New York,236872.33333,84930.0,0.4856
2020,4,New York,21224.333333,6376.0,0.3089
2020,4,New York,210688.66667,44945.0,0.2824
2020,4,New York,1517865.0,356701.0,0.3015
2020,4,North Carolina,1089382.0,187744.0,0.2249
2020,4,North Carolina,187460.0,48306.0,0.3263
2020,4,North Carolina,901922.0,139438.0,0.2031
2020,4,North Carolina,921225.66667,143579.0,0.2025
2020,4,North Carolina,153194.66667,39904.0,0.3595
2020,4,North Carolina,14961.666667,4261.0,0.2949
2020,4,North Carolina,334300.33333,53045.0,0.2058
2020,4,North Carolina,753629.0,134427.0,0.2335
2020,4,North Dakota,97330.333333,9280.0,0.1365
2020,4,North Dakota,13420.0,3212.0,0.3053
2020,4,North Dakota,83910.333333,6068.0,0.1056
2020,4,North Dakota,86026.333333,6935.0,0.1157
2020,4,North Dakota,10614.333333,2195.0,0.2961
2020,4,North Dakota,689.66666667,150.0,0.2308
2020,4,North Dakota,57550.0,5524.0,0.1398
2020,4,North Dakota,39718.666667,3747.0,0.1318
2020,4,Ohio,1109388.0,219643.0,0.2664
2020,4,Ohio,168396.0,55935.0,0.4235
2020,4,Ohio,940992.0,163708.0,0.2364
2020,4,Ohio,953385.33333,171338.0,0.2403
2020,4,Ohio,145920.33333,44862.0,0.4402
2020,4,Ohio,10082.333333,3443.0,0.3591
2020,4,Ohio,318899.33333,62101.0,0.2628
2020,4,Ohio,789870.33333,157415.0,0.2678
2020,4,Oklahoma,498981.0,89720.0,0.2414
2020,4,Oklahoma,83376.333333,22640.0,0.3438
2020,4,Oklahoma,415604.66667,67080.0,0.2193
2020,4,Oklahoma,421170.0,69629.0,0.2208
2020,4,Oklahoma,72596.0,18275.0,0.355
2020,4,Oklahoma,5215.0,1816.0,0.3658
2020,4,Oklahoma,242863.33333,40714.0,0.2248
2020,4,Oklahoma,255000.33333,48788.0,0.2571
2020,4,Oregon,402848.33333,80916.0,0.3022
2020,4,Oregon,79220.0,20999.0,0.4033
2020,4,Oregon,323628.33333,59917.0,0.2778
2020,4,Oregon,343255.66667,63577.0,0.2776
2020,4,Oregon,56242.0,16036.0,0.4506
2020,4,Oregon,3350.6666667,1303.0,0.4151
2020,4,Oregon,167573.33333,27843.0,0.2519
2020,4,Oregon,235211.66667,53069.0,0.3375
2020,4,Pennsylvania,1318563.6667,278061.0,0.2799
2020,4,Pennsylvania,216194.0,66369.0,0.4044
2020,4,Pennsylvania,1102369.6667,211692.0,0.2552
2020,4,Pennsylvania,1133631.6667,217146.0,0.2527
2020,4,Pennsylvania,172432.0,56514.0,0.4623
2020,4,Pennsylvania,12500.0,4401.0,0.3648
2020,4,Pennsylvania,192479.66667,33724.0,0.2353
2020,4,Pennsylvania,1125545.3333,244286.0,0.2874
2020,4,Puerto Rico,46314.0,7086.0,0.2417
2020,4,Rhode Island,94062.0,29846.0,0.4182
2020,4,Rhode Island,16290.0,6187.0,0.5223
2020,4,Rhode Island,77772.0,23659.0,0.3974
2020,4,Rhode Island,80411.333333,24614.0,0.3954
2020,4,Rhode Island,12959.0,4946.0,0.5844
2020,4,Rhode Island,691.66666667,286.0,0.432
2020,4,Rhode Island,222.66666667,46.0,0.2754
2020,4,Rhode Island,93826.0,29799.0,0.4185
2020,4,South Carolina,671766.33333,97876.0,0.1866
2020,4,South Carolina,69483.333333,14885.0,0.2705
2020,4,South Carolina,602283.0,82991.0,0.1768
2020,4,South Carolina,588198.33333,79990.0,0.1726
2020,4,South Carolina,74939.333333,15813.0,0.3001
2020,4,South Carolina,8628.6666667,2073.0,0.2492
2020,4,South Carolina,125833.33333,15951.0,0.1648
2020,4,South Carolina,545548.0,81877.0,0.1916
2020,4,South Dakota,125395.66667,16470.0,0.1909
2020,4,South Dakota,17456.333333,4429.0,0.3414
2020,4,South Dakota,107939.33333,12041.0,0.1643
2020,4,South Dakota,111422.33333,13242.0,0.1729
2020,4,South Dakota,13046.666667,2888.0,0.3277
2020,4,South Dakota,926.66666667,340.0,0.3855
2020,4,South Dakota,78133.333333,10315.0,0.1934
2020,4,South Dakota,47240.666667,6152.0,0.1868
2020,4,Tennessee,701422.33333,83217.0,0.1559
2020,4,Tennessee,97454.666667,20382.0,0.2655
2020,4,Tennessee,603967.66667,62835.0,0.1375
2020,4,Tennessee,606700.0,63288.0,0.1362
2020,4,Tennessee,86488.0,18336.0,0.2998
2020,4,Tennessee,8234.3333333,1593.0,0.2027
2020,4,Tennessee,238293.0,26684.0,0.1463
2020,4,Tennessee,462287.0,56442.0,0.1609
2020,4,Territories,16865.666667,481.0,0.0584
2020,4,Texas,2096657.3333,461915.0,0.3008
2020,4,Texas,295312.0,101288.0,0.4315
2020,4,Texas,1801345.3333,360627.0,0.2772
2020,4,Texas,1835399.6667,381650.0,0.2828
2020,4,Texas,223284.0,65495.0,0.4377
2020,4,Texas,37973.666667,14770.0,0.4053
2020,4,Texas,418411.66667,78052.0,0.2543
2020,4,Texas,1675505.0,383303.0,0.3124
2020,4,Utah,212552.66667,36604.0,0.2428
2020,4,Utah,22750.0,6452.0,0.3888
2020,4,Utah,189802.66667,30152.0,0.2248
2020,4,Utah,188838.33333,29793.0,0.2214
2020,4,Utah,21850.666667,6263.0,0.4335
2020,4,Utah,1863.6666667,548.0,0.3162
2020,4,Utah,49435.666667,7592.0,0.2266
2020,4,Utah,163068.66667,29008.0,0.2475
2020,4,Vermont,117519.33333,26576.0,0.3205
2020,4,Vermont,25070.666667,8000.0,0.4285
2020,4,Vermont,92448.666667,18576.0,0.2891
2020,4,Vermont,99882.666667,20271.0,0.2873
2020,4,Vermont,17236.0,6084.0,0.5084
2020,4,Vermont,400.66666667,221.0,0.5696
2020,4,Vermont,87247.0,18859.0,0.3072
2020,4,Vermont,29910.666667,7600.0,0.3569
2020,4,Virgin Islands,18068.333333,1404.0,0.1346
2020,4,Virginia,1009422.6667,180248.0,0.2376
2020,4,Virginia,112455.66667,30688.0,0.3493
2020,4,Virginia,896967.0,149560.0,0.223
2020,4,Virginia,900123.66667,150329.0,0.2213
2020,4,Virginia,98563.333333,26569.0,0.3855
2020,4,Virginia,10735.666667,3350.0,0.3257
2020,4,Virginia,184880.0,25836.0,0.1872
2020,4,Virginia,822755.33333,154095.0,0.2488
2020,4,Washington,768325.33333,129101.0,0.2502
2020,4,Washington,117802.66667,28155.0,0.3529
2020,4,Washington,650522.66667,100946.0,0.2314
2020,4,Washington,672225.66667,106157.0,0.2333
2020,4,Washington,89603.333333,20654.0,0.3761
2020,4,Washington,6496.3333333,2290.0,0.3739
2020,4,Washington,177325.66667,25548.0,0.2168
2020,4,Washington,590552.0,103516.0,0.2601
2020,4,West Virginia,245687.33333,45650.0,0.2548
2020,4,West Virginia,57422.333333,15406.0,0.3525
2020,4,West Virginia,188265.0,30244.0,0.2233
2020,4,West Virginia,195635.33333,32676.0,0.2275
2020,4,West Virginia,48027.0,12360.0,0.3685
2020,4,West Virginia,2025.0,614.0,0.3162
2020,4,West Virginia,84101.333333,13464.0,0.2196
2020,4,West Virginia,161279.66667,32122.0,0.273
2020,4,Wisconsin,571410.0,94670.0,0.2432
2020,4,Wisconsin,106799.0,30181.0,0.3807
2020,4,Wisconsin,464611.0,64489.0,0.2081
2020,4,Wisconsin,483276.33333,70379.0,0.2146
2020,4,Wisconsin,82808.0,22605.0,0.4027
2020,4,Wisconsin,5325.6666667,1686.0,0.3315
2020,4,Wisconsin,218942.66667,32020.0,0.2218
2020,4,Wisconsin,352351.66667,62640.0,0.2559
2020,4,Wyoming,100766.33333,12326.0,0.1848
2020,4,Wyoming,11071.333333,2943.0,0.342
2020,4,Wyoming,89695.0,9383.0,0.1615
2020,4,Wyoming,89420.0,9709.0,0.1649
2020,4,Wyoming,10892.333333,2449.0,0.3319
2020,4,Wyoming,454.0,168.0,0.3818
2020,4,Wyoming,69750.0,7384.0,0.1633
2020,4,Wyoming,31006.333333,4942.0,0.2299
2021,Overall,Alabama,456352.16667,118555.0,0.263
2021,Overall,Alaska,93229.166667,30066.0,0.3566
2021,Overall,Arizona,662877.66667,252124.0,0.3961
2021,Overall,Arkansas,384759.83333,104748.0,0.2778
2021,Overall,California,2876713.5,1419168.0,0.5317
2021,Overall,Colorado,440267.75,135219.0,0.3227
2021,Overall,Connecticut,297810.5,116232.0,0.3917
2021,Overall,Delaware,154837.83333,68667.0,0.4451
2021,Overall,District Of Columbia,55169.916667,25102.0,0.4803
2021,Overall,Florida,2063977.3333,670765.0,0.328
2021,Overall,Georgia,824631.08333,228555.0,0.2815
2021,Overall,Hawaii,108391.5,44389.0,0.4392
2021,Overall,Idaho,190787.66667,42376.0,0.2341
2021,Overall,Illinois,1312975.8333,375927.0,0.2928
2021,Overall,Indiana,685109.91667,185048.0,0.2729
2021,Overall,Iowa,422718.5,82766.0,0.1984
2021,Overall,Kansas,371188.41667,77262.0,0.2108
2021,Overall,Kentucky,475685.5,143654.0,0.3044
2021,Overall,Louisiana,412290.25,95392.0,0.2309
2021,Overall,Maine,161978.41667,49777.0,0.3285
2021,Overall,Maryland,754500.75,311895.0,0.4259
2021,Overall,Massachusetts,837097.25,435576.0,0.5271
2021,Overall,Michigan,894229.91667,311312.0,0.3551
2021,Overall,Minnesota,431699.33333,144086.0,0.3457
2021,Overall,Mississippi,393752.91667,96845.0,0.2456
2021,Overall,Missouri,614840.66667,129885.0,0.216
2021,Overall,Montana,170066.33333,32902.0,0.2048
2021,Overall,Nebraska,243464.0,41381.0,0.1738
2021,Overall,Nevada,262577.91667,78988.0,0.3236
2021,Overall,New Hampshire,201992.58333,73010.0,0.378
2021,Overall,New Jersey,904517.83333,352740.0,0.3959
2021,Overall,New Mexico,217581.66667,86331.0,0.4222
2021,Overall,New York,1662064.4167,657584.0,0.4015
2021,Overall,North Carolina,1023267.1667,299693.0,0.2955
2021,Overall,North Dakota,94999.416667,14100.0,0.1521
2021,Overall,Ohio,1057683.1667,318456.0,0.304
2021,Overall,Oklahoma,462944.41667,130455.0,0.2863
2021,Overall,Oregon,389666.33333,137209.0,0.3795
2021,Overall,Pennsylvania,1268360.5833,428157.0,0.3419
2021,Overall,Puerto Rico,40949.75,10262.0,0.2883
2021,Overall,Rhode Island,88712.666667,39975.0,0.4595
2021,Overall,South Carolina,643959.91667,164963.0,0.2573
2021,Overall,South Dakota,121894.08333,21372.0,0.1815
2021,Overall,Tennessee,670097.0,138693.0,0.2098
2021,Overall,Territories,17040.0,1132.0,0.0873
2021,Overall,Texas,1975334.25,696770.0,0.3654
2021,Overall,Utah,204513.75,52288.0,0.2634
2021,Overall,Vermont,111676.75,41422.0,0.3855
2021,Overall,Virgin Islands,12953.583333,2267.0,0.2076
2021,Overall,Virginia,960524.75,293239.0,0.3101
2021,Overall,Washington,739294.0,217044.0,0.3137
2021,Overall,West Virginia,225135.25,68662.0,0.3139
2021,Overall,Wisconsin,546245.83333,135471.0,0.2567
2021,Overall,Wyoming,101460.33333,18773.0,0.1966
2021,Overall,Alabama,134982.75,32305.0,0.2414
2021,Overall,Alaska,44367.333333,13980.0,0.3469
2021,Overall,Arizona,100616.58333,32447.0,0.345
2021,Overall,Arkansas,174120.66667,43118.0,0.2529
2021,Overall,California,321661.75,144252.0,0.4832
2021,Overall,Colorado,112751.25,29895.0,0.2826
2021,Overall,Connecticut,13134.583333,4340.0,0.3324
2021,Overall,Delaware,47925.166667,19013.0,0.3932
2021,Overall,Florida,80497.75,23261.0,0.2963
2021,Overall,Georgia,165203.08333,41352.0,0.2507
2021,Overall,Hawaii,35734.833333,12082.0,0.3676
2021,Overall,Idaho,81849.583333,15435.0,0.202
2021,Overall,Illinois,245292.41667,53498.0,0.2202
2021,Overall,Indiana,197186.0,46927.0,0.2409
2021,Overall,Iowa,231589.83333,42567.0,0.1867
2021,Overall,Kansas,176628.0,35327.0,0.203
2021,Overall,Kentucky,241012.25,79125.0,0.3308
2021,Overall,Louisiana,95657.083333,21194.0,0.2207
2021,Overall,Maine,92073.416667,27515.0,0.3192
2021,Overall,Maryland,44639.833333,13976.0,0.3161
2021,Overall,Massachusetts,33558.416667,17657.0,0.5384
2021,Overall,Michigan,231079.08333,67010.0,0.3007
2021,Overall,Minnesota,165005.25,41859.0,0.2634
2021,Overall,Mississippi,231712.16667,52477.0,0.2249
2021,Overall,Missouri,228334.08333,42464.0,0.1927
2021,Overall,Montana,115831.58333,22328.0,0.2054
2021,Overall,Nebraska,123303.33333,19305.0,0.1599
2021,Overall,Nevada,47154.166667,11112.0,0.2541
2021,Overall,New Hampshire,87994.083333,29469.0,0.3526
2021,Overall,New Jersey,10536.916667,4041.0,0.3957
2021,Overall,New Mexico,89635.75,32195.0,0.3805
2021,Overall,New York,200665.83333,74469.0,0.3781
2021,Overall,North Carolina,308876.08333,84424.0,0.2748
2021,Overall,North Dakota,56205.416667,8898.0,0.1631
2021,Overall,Ohio,302438.66667,86010.0,0.289
2021,Overall,Oklahoma,223715.83333,59047.0,0.2681
2021,Overall,Oregon,164026.16667,50141.0,0.331
2021,Overall,Pennsylvania,182572.66667,51773.0,0.2875
2021,Overall,Rhode Island,213.41666667,72.0,0.3462
2021,Overall,South Carolina,124999.08333,28706.0,0.2308
2021,Overall,South Dakota,76099.166667,14223.0,0.1935
2021,Overall,Tennessee,225716.91667,42720.0,0.1914
2021,Overall,Texas,391718.33333,117164.0,0.3078
2021,Overall,Utah,48070.166667,12093.0,0.2629
2021,Overall,Vermont,83636.333333,30124.0,0.3756
2021,Overall,Virginia,171561.25,41337.0,0.2438
2021,Overall,Washington,175634.0,45284.0,0.277
2021,Overall,West Virginia,76412.5,20864.0,0.2807
2021,Overall,Wisconsin,210932.41667,48694.0,0.2418
2021,Overall,Wyoming,70263.916667,12762.0,0.1937
2021,Overall,Alabama,320323.66667,85990.0,0.2722
2021,Overall,Alaska,45565.083333,15139.0,0.3682
2021,Overall,Arizona,560808.25,219295.0,0.4052
2021,Overall,Arkansas,208782.0,61081.0,0.2983
2021,Overall,California,2552736.9167,1274238.0,0.5378
2021,Overall,Colorado,327187.16667,105252.0,0.3363
2021,Overall,Connecticut,284559.83333,111872.0,0.3944
2021,Overall,Delaware,106843.33333,49622.0,0.4689
2021,Overall,District Of Columbia,55153.75,25099.0,0.4803
2021,Overall,Florida,1979524.3333,646761.0,0.3294
2021,Overall,Georgia,658789.91667,187041.0,0.2893
2021,Overall,Hawaii,72608.166667,32303.0,0.4738
2021,Overall,Idaho,108915.16667,26939.0,0.2575
2021,Overall,Illinois,1067189.3333,322321.0,0.3097
2021,Overall,Indiana,487571.0,138041.0,0.2858
2021,Overall,Iowa,190936.91667,40112.0,0.2121
2021,Overall,Kansas,194055.16667,41819.0,0.2177
2021,Overall,Kentucky,232783.33333,63864.0,0.2765
2021,Overall,Louisiana,314498.83333,73652.0,0.2338
2021,Overall,Maine,69867.5,22257.0,0.341
2021,Overall,Maryland,709704.0,297884.0,0.4329
2021,Overall,Massachusetts,803246.33333,417845.0,0.5266
2021,Overall,Michigan,662889.0,244221.0,0.3736
2021,Overall,Minnesota,266473.66667,102171.0,0.3965
2021,Overall,Mississippi,160285.33333,43974.0,0.2763
2021,Overall,Missouri,386418.41667,87409.0,0.2295
2021,Overall,Montana,54215.25,10572.0,0.2036
2021,Overall,Nebraska,120095.5,22064.0,0.188
2021,Overall,Nevada,215043.75,67799.0,0.3389
2021,Overall,New Hampshire,113524.16667,43341.0,0.3973
2021,Overall,New Jersey,892693.33333,348421.0,0.3961
2021,Overall,New Mexico,127317.83333,53925.0,0.4522
2021,Overall,New York,1460493.4167,582935.0,0.4047
2021,Overall,North Carolina,713104.66667,214866.0,0.3045
2021,Overall,North Dakota,38732.75,5195.0,0.1365
2021,Overall,Ohio,754695.83333,232284.0,0.31
2021,Overall,Oklahoma,238193.25,71095.0,0.3034
2021,Overall,Oregon,225582.16667,87063.0,0.4146
2021,Overall,Pennsylvania,1085266.0833,376289.0,0.3511
2021,Overall,Rhode Island,88487.916667,39903.0,0.4597
2021,Overall,South Carolina,518609.0,136195.0,0.2637
2021,Overall,South Dakota,45779.75,7144.0,0.1614
2021,Overall,Tennessee,443564.5,95826.0,0.2192
2021,Overall,Texas,1581027.25,578828.0,0.3798
2021,Overall,Utah,156401.66667,40191.0,0.2636
2021,Overall,Vermont,27704.333333,11141.0,0.4136
2021,Overall,Virginia,787351.41667,251415.0,0.3245
2021,Overall,Washington,563228.0,171671.0,0.3251
2021,Overall,West Virginia,148444.41667,47718.0,0.3309
2021,Overall,Wisconsin,335218.16667,86768.0,0.2659
2021,Overall,Wyoming,31179.083333,6008.0,0.2029
2021,Overall,Alabama,375842.08333,92544.0,0.2485
2021,Overall,Alaska,82434.916667,25054.0,0.3363
2021,Overall,Arizona,615029.08333,227481.0,0.3849
2021,Overall,Arkansas,325730.66667,83510.0,0.2611
2021,Overall,California,2523560.0833,1212353.0,0.5176
2021,Overall,Colorado,392870.91667,112275.0,0.3002
2021,Overall,Connecticut,257204.16667,91816.0,0.3591
2021,Overall,Delaware,138998.75,59148.0,0.427
2021,Overall,District Of Columbia,46366.666667,20199.0,0.4612
2021,Overall,Florida,1866236.3333,584864.0,0.316
2021,Overall,Georgia,711988.91667,187086.0,0.2669
2021,Overall,Hawaii,99207.916667,39851.0,0.4308
2021,Overall,Idaho,167702.08333,34188.0,0.215
2021,Overall,Illinois,1157992.75,305206.0,0.2705
2021,Overall,Indiana,591699.25,143637.0,0.2456
2021,Overall,Iowa,380340.66667,66452.0,0.1768
2021,Overall,Kansas,330869.41667,61804.0,0.1891
2021,Overall,Kentucky,390267.41667,106091.0,0.2741
2021,Overall,Louisiana,342851.41667,72061.0,0.2102
2021,Overall,Maine,131163.41667,35689.0,0.2923
2021,Overall,Maryland,660519.58333,258916.0,0.4038
2021,Overall,Massachusetts,709256.16667,349243.0,0.4988
2021,Overall,Michigan,735312.58333,232118.0,0.3225
2021,Overall,Minnesota,355763.83333,102541.0,0.2987
2021,Overall,Mississippi,326149.5,75216.0,0.2308
2021,Overall,Missouri,521798.91667,95281.0,0.1868
2021,Overall,Montana,152326.5,26910.0,0.1865
2021,Overall,Nebraska,221235.58333,33594.0,0.1551
2021,Overall,Nevada,232746.08333,65336.0,0.3024
2021,Overall,New Hampshire,174474.0,58245.0,0.3487
2021,Overall,New Jersey,806004.75,301132.0,0.3791
2021,Overall,New Mexico,188515.91667,71341.0,0.404
2021,Overall,New York,1429183.25,532607.0,0.3781
2021,Overall,North Carolina,879147.16667,238831.0,0.2743
2021,Overall,North Dakota,84454.166667,10923.0,0.1325
2021,Overall,Ohio,920663.08333,253585.0,0.279
2021,Overall,Oklahoma,395373.75,103201.0,0.2649
2021,Overall,Oregon,335593.25,111429.0,0.3568
2021,Overall,Pennsylvania,1105893.4167,346458.0,0.3173
2021,Overall,Rhode Island,76792.5,33417.0,0.4405
2021,Overall,South Carolina,572632.16667,139648.0,0.2448
2021,Overall,South Dakota,109030.58333,17268.0,0.1635
2021,Overall,Tennessee,587418.5,110089.0,0.1897
2021,Overall,Texas,1749385.5833,591123.0,0.3503
2021,Overall,Utah,183248.91667,43185.0,0.2422
2021,Overall,Vermont,95659.583333,32849.0,0.3558
2021,Overall,Virginia,867654.08333,252330.0,0.2955
2021,Overall,Washington,653277.25,182392.0,0.2973
2021,Overall,West Virginia,182473.41667,51021.0,0.2872
2021,Overall,Wisconsin,466292.33333,102031.0,0.2266
2021,Overall,Wyoming,90587.333333,14968.0,0.1754
2021,Overall,Alabama,74778.5,23712.0,0.3321
2021,Overall,Alaska,10102.416667,4696.0,0.5173
2021,Overall,Arizona,42184.333333,20618.0,0.5308
2021,Overall,Arkansas,55462.0,19555.0,0.3679
2021,Overall,California,315818.41667,180012.0,0.6324
2021,Overall,Colorado,44266.75,21261.0,0.5136
2021,Overall,Connecticut,37751.583333,22787.0,0.6037
2021,Overall,Delaware,14430.916667,8525.0,0.6026
2021,Overall,District Of Columbia,7675.1666667,4133.0,0.5759
2021,Overall,Florida,177741.58333,75297.0,0.4422
2021,Overall,Georgia,99563.666667,35660.0,0.374
2021,Overall,Hawaii,7152.1666667,3189.0,0.5098
2021,Overall,Idaho,21865.75,7593.0,0.3678
2021,Overall,Illinois,140412.91667,62745.0,0.4511
2021,Overall,Indiana,86920.0,38288.0,0.447
2021,Overall,Iowa,39744.916667,15255.0,0.3985
2021,Overall,Kansas,37571.666667,14154.0,0.3872
2021,Overall,Kentucky,81484.583333,35542.0,0.4429
2021,Overall,Louisiana,63169.416667,20865.0,0.3322
2021,Overall,Maine,29830.583333,13499.0,0.4778
2021,Overall,Maryland,85395.166667,47699.0,0.5845
2021,Overall,Massachusetts,122651.58333,82581.0,0.6861
2021,Overall,Michigan,148926.25,73512.0,0.5052
2021,Overall,Minnesota,72021.166667,39033.0,0.5646
2021,Overall,Mississippi,61716.833333,19457.0,0.3174
2021,Overall,Missouri,86582.166667,31845.0,0.3801
2021,Overall,Montana,16873.25,5674.0,0.3685
2021,Overall,Nebraska,20659.75,7125.0,0.3615
2021,Overall,Nevada,27015.5,11976.0,0.4822
2021,Overall,New Hampshire,26581.333333,14185.0,0.5663
2021,Overall,New Jersey,88900.916667,46452.0,0.5423
2021,Overall,New Mexico,26474.166667,13401.0,0.5388
2021,Overall,New York,213822.0,114103.0,0.5525
2021,Overall,North Carolina,131872.16667,54728.0,0.424
2021,Overall,North Dakota,9836.0,2958.0,0.313
2021,Overall,Ohio,128026.33333,59939.0,0.4699
2021,Overall,Oklahoma,62786.583333,24643.0,0.4077
2021,Overall,Oregon,50993.25,23808.0,0.5198
2021,Overall,Pennsylvania,151292.33333,75123.0,0.5089
2021,Overall,Rhode Island,11253.083333,6169.0,0.5949
2021,Overall,South Carolina,64538.416667,22127.0,0.3536
2021,Overall,South Dakota,11932.75,3634.0,0.3268
2021,Overall,Tennessee,75779.166667,25915.0,0.3572
2021,Overall,Texas,194973.91667,86789.0,0.4761
2021,Overall,Utah,19566.666667,8231.0,0.449
2021,Overall,Vermont,15639.75,8319.0,0.5659
2021,Overall,Virginia,83919.0,36194.0,0.4452
2021,Overall,Washington,79881.666667,31087.0,0.435
2021,Overall,West Virginia,40946.166667,16730.0,0.4279
2021,Overall,Wisconsin,75043.5,31083.0,0.4322
2021,Overall,Wyoming,10385.0,3507.0,0.3647
2021,Overall,Alabama,5731.5833333,2299.0,0.3328
2021,Overall,Alaska,691.83333333,316.0,0.4259
2021,Overall,Arizona,5664.25,4025.0,0.6064
2021,Overall,Arkansas,3567.1666667,1683.0,0.4061
2021,Overall,California,37335.0,26803.0,0.6341
2021,Overall,Colorado,3130.0833333,1683.0,0.4769
2021,Overall,Connecticut,2854.75,1629.0,0.4871
2021,Overall,Delaware,1408.1666667,994.0,0.6201
2021,Overall,District Of Columbia,1128.0833333,770.0,0.5955
2021,Overall,Florida,19999.416667,10604.0,0.4421
2021,Overall,Georgia,13078.5,5809.0,0.3689
2021,Overall,Hawaii,2031.4166667,1349.0,0.5865
2021,Overall,Idaho,1219.8333333,595.0,0.4284
2021,Overall,Illinois,14570.166667,7976.0,0.4735
2021,Overall,Indiana,6490.6666667,3123.0,0.4122
2021,Overall,Iowa,2632.9166667,1059.0,0.3574
2021,Overall,Kansas,2747.3333333,1304.0,0.4112
2021,Overall,Kentucky,3933.5,2021.0,0.4339
2021,Overall,Louisiana,6269.4166667,2466.0,0.3241
2021,Overall,Maine,984.41666667,589.0,0.5167
2021,Overall,Maryland,8586.0,5280.0,0.5536
2021,Overall,Massachusetts,5189.5,3752.0,0.6413
2021,Overall,Michigan,9991.0833333,5682.0,0.4893
2021,Overall,Minnesota,3914.3333333,2512.0,0.5756
2021,Overall,Mississippi,5886.5833333,2172.0,0.3082
2021,Overall,Missouri,6459.5833333,2759.0,0.3702
2021,Overall,Montana,866.58333333,318.0,0.3302
2021,Overall,Nebraska,1568.6666667,662.0,0.3702
2021,Overall,Nevada,2816.3333333,1676.0,0.5182
2021,Overall,New Hampshire,937.25,580.0,0.5561
2021,Overall,New Jersey,9612.1666667,5156.0,0.4651
2021,Overall,New Mexico,2591.5833333,1589.0,0.5269
2021,Overall,New York,19059.166667,10874.0,0.4816
2021,Overall,North Carolina,12247.833333,6134.0,0.4257
2021,Overall,North Dakota,709.25,219.0,0.2765
2021,Overall,Ohio,8993.75,4932.0,0.4499
2021,Overall,Oklahoma,4784.0833333,2611.0,0.4633
2021,Overall,Oregon,3079.8333333,1972.0,0.5781
2021,Overall,Pennsylvania,11174.833333,6576.0,0.5087
2021,Overall,Rhode Island,667.08333333,389.0,0.5006
2021,Overall,South Carolina,6789.3333333,3188.0,0.3899
2021,Overall,South Dakota,930.75,470.0,0.4559
2021,Overall,Tennessee,6899.3333333,2689.0,0.3298
2021,Overall,Texas,30974.75,18858.0,0.5086
2021,Overall,Utah,1698.1666667,872.0,0.4537
2021,Overall,Vermont,377.41666667,254.0,0.5921
2021,Overall,Virginia,8951.6666667,4715.0,0.4533
2021,Overall,Washington,6135.0833333,3565.0,0.5129
2021,Overall,West Virginia,1715.6666667,911.0,0.4505
2021,Overall,Wisconsin,4910.0,2357.0,0.4194
2021,Overall,Wyoming,488.0,298.0,0.5498
2021,Overall,Alabama,82092.916667,25290.0,0.2971
2021,Overall,Alaska,20165.916667,8898.0,0.4668
2021,Overall,Arizona,71026.75,33370.0,0.4766
2021,Overall,Arkansas,67503.416667,24566.0,0.3518
2021,Overall,California,944563.08333,547015.0,0.6047
2021,Overall,Colorado,72470.0,32615.0,0.4518
2021,Overall,Connecticut,82861.416667,43816.0,0.5063
2021,Overall,Delaware,21059.666667,11993.0,0.5537
2021,Overall,District Of Columbia,21049.75,11170.0,0.5321
2021,Overall,Florida,279634.25,114876.0,0.3846
2021,Overall,Georgia,138221.75,49801.0,0.3422
2021,Overall,Hawaii,12333.0,5225.0,0.4276
2021,Overall,Idaho,28203.166667,9027.0,0.3213
2021,Overall,Illinois,241446.75,108112.0,0.4226
2021,Overall,Indiana,118430.58333,52687.0,0.4226
2021,Overall,Iowa,54031.166667,22596.0,0.4088
2021,Overall,Kansas,43487.25,17158.0,0.3756
2021,Overall,Kentucky,107590.0,48311.0,0.4234
2021,Overall,Louisiana,102784.5,33412.0,0.3031
2021,Overall,Maine,49194.833333,20860.0,0.4158
2021,Overall,Maryland,132346.91667,68356.0,0.5162
2021,Overall,Massachusetts,205569.16667,129256.0,0.6174
2021,Overall,Michigan,184202.75,90535.0,0.4696
2021,Overall,Minnesota,78530.666667,42757.0,0.5274
2021,Overall,Mississippi,92411.666667,28837.0,0.293
2021,Overall,Missouri,94206.5,37065.0,0.3697
2021,Overall,Montana,24109.666667,7448.0,0.3148
2021,Overall,Nebraska,26861.0,9932.0,0.3568
2021,Overall,Nevada,43604.083333,19566.0,0.4561
2021,Overall,New Hampshire,26833.333333,14946.0,0.5451
2021,Overall,New Jersey,131702.33333,64363.0,0.4695
2021,Overall,New Mexico,49377.333333,23487.0,0.4812
2021,Overall,New York,410729.83333,218623.0,0.5041
2021,Overall,North Carolina,168486.0,68400.0,0.3849
2021,Overall,North Dakota,13457.083333,4168.0,0.3039
2021,Overall,Ohio,156246.33333,75866.0,0.4447
2021,Overall,Oklahoma,75850.083333,31598.0,0.3991
2021,Overall,Oregon,78383.666667,34304.0,0.4628
2021,Overall,Pennsylvania,203420.0,97108.0,0.4588
2021,Overall,Rhode Island,15265.25,8492.0,0.5341
2021,Overall,South Carolina,61413.0,21776.0,0.3259
2021,Overall,South Dakota,16910.5,5356.0,0.3183
2021,Overall,Tennessee,89379.166667,30012.0,0.3216
2021,Overall,Texas,267375.75,133876.0,0.4728
2021,Overall,Utah,22213.583333,8838.0,0.3943
2021,Overall,Vermont,23731.5,11865.0,0.5018
2021,Overall,Virginia,99479.416667,43074.0,0.4114
2021,Overall,Washington,113904.08333,44709.0,0.4019
2021,Overall,West Virginia,51471.083333,21788.0,0.4105
2021,Overall,Wisconsin,102889.16667,42164.0,0.4024
2021,Overall,Wyoming,11876.833333,4311.0,0.3665
2021,Overall,Alabama,374259.25,93265.0,0.255
2021,Overall,Alaska,73063.25,21168.0,0.3244
2021,Overall,Arizona,591850.91667,218754.0,0.3861
2021,Overall,Arkansas,317256.41667,80182.0,0.261
2021,Overall,California,1932150.4167,872153.0,0.4942
2021,Overall,Colorado,367797.75,102604.0,0.2959
2021,Overall,Connecticut,214949.08333,72416.0,0.3444
2021,Overall,Delaware,133778.16667,56674.0,0.4274
2021,Overall,District Of Columbia,34120.166667,13932.0,0.4456
2021,Overall,Florida,1784343.0833,555889.0,0.3183
2021,Overall,Georgia,686409.33333,178754.0,0.2682
2021,Overall,Hawaii,96058.5,39164.0,0.4408
2021,Overall,Idaho,162584.5,33349.0,0.218
2021,Overall,Illinois,1071529.0833,267815.0,0.2605
2021,Overall,Indiana,566679.33333,132361.0,0.2392
2021,Overall,Iowa,368687.33333,60170.0,0.1662
2021,Overall,Kansas,327701.16667,60104.0,0.1873
2021,Overall,Kentucky,368095.5,95343.0,0.2664
2021,Overall,Louisiana,309505.75,61980.0,0.2046
2021,Overall,Maine,112783.58333,28917.0,0.2853
2021,Overall,Maryland,622153.83333,243539.0,0.4059
2021,Overall,Massachusetts,631528.08333,306320.0,0.4964
2021,Overall,Michigan,710027.16667,220777.0,0.3228
2021,Overall,Minnesota,353168.66667,101329.0,0.3019
2021,Overall,Mississippi,301341.25,68008.0,0.2299
2021,Overall,Missouri,520634.16667,92820.0,0.1853
2021,Overall,Montana,145956.66667,25454.0,0.1858
2021,Overall,Nebraska,216603.0,31449.0,0.1495
2021,Overall,Nevada,218973.83333,59422.0,0.2953
2021,Overall,New Hampshire,175159.25,58064.0,0.3504
2021,Overall,New Jersey,772815.5,288377.0,0.3825
2021,Overall,New Mexico,168204.33333,62844.0,0.4038
2021,Overall,New York,1251334.5833,438961.0,0.3646
2021,Overall,North Carolina,854781.16667,231293.0,0.2765
2021,Overall,North Dakota,81542.333333,9932.0,0.1258
2021,Overall,Ohio,901436.83333,242590.0,0.2767
2021,Overall,Oklahoma,387094.33333,98857.0,0.2626
2021,Overall,Oregon,311282.66667,102905.0,0.3581
2021,Overall,Pennsylvania,1064940.5833,331049.0,0.3181
2021,Overall,Rhode Island,73447.416667,31483.0,0.4428
2021,Overall,South Carolina,582546.91667,143187.0,0.2493
2021,Overall,South Dakota,104983.58333,16016.0,0.1586
2021,Overall,Tennessee,580717.83333,108681.0,0.1914
2021,Overall,Texas,1707958.5,562894.0,0.3466
2021,Overall,Utah,182300.16667,43450.0,0.2467
2021,Overall,Vermont,87945.25,29557.0,0.3526
2021,Overall,Virginia,861045.33333,250165.0,0.2975
2021,Overall,Washington,625389.91667,172335.0,0.2968
2021,Overall,West Virginia,173664.16667,46874.0,0.2829
2021,Overall,Wisconsin,443356.66667,93307.0,0.2206
2021,Overall,Wyoming,89583.5,14462.0,0.1727
2021,1,Alabama,462168.0,68975.0,0.1936
2021,1,Alabama,86602.333333,15732.0,0.2349
2021,1,Alabama,375565.66667,53243.0,0.1841
2021,1,Alabama,379674.66667,52642.0,0.1774
2021,1,Alabama,76224.666667,14892.0,0.2796
2021,1,Alabama,6268.6666667,1441.0,0.2298
2021,1,Alabama,137349.33333,18288.0,0.1737
2021,1,Alabama,323743.0,50527.0,0.202
2021,1,Alaska,91580.0,16849.0,0.2966
2021,1,Alaska,19953.333333,5602.0,0.4031
2021,1,Alaska,71626.666667,11247.0,0.2622
2021,1,Alaska,80960.0,13519.0,0.273
2021,1,Alaska,9914.3333333,3144.0,0.4758
2021,1,Alaska,705.66666667,186.0,0.2776
2021,1,Alaska,43570.0,7171.0,0.2664
2021,1,Alaska,44776.333333,9212.0,0.3283
2021,1,Arizona,660750.33333,156246.0,0.3186
2021,1,Arizona,73898.333333,21826.0,0.43
2021,1,Arizona,586852.0,134420.0,0.3058
2021,1,Arizona,611524.0,139570.0,0.306
2021,1,Arizona,43166.333333,13684.0,0.4843
2021,1,Arizona,6060.0,2992.0,0.5008
2021,1,Arizona,101093.0,19462.0,0.2817
2021,1,Arizona,558179.33333,136561.0,0.3249
2021,1,Arkansas,386784.33333,60503.0,0.2103
2021,1,Arkansas,70343.333333,15507.0,0.2899
2021,1,Arkansas,316441.0,44996.0,0.1921
2021,1,Arkansas,326655.33333,46949.0,0.1918
2021,1,Arkansas,56289.0,12484.0,0.3183
2021,1,Arkansas,3840.0,1070.0,0.2843
2021,1,Arkansas,175472.33333,24378.0,0.1891
2021,1,Arkansas,209435.66667,35806.0,0.2274
2021,1,California,2860367.6667,911409.0,0.4478
2021,1,California,946199.0,370367.0,0.5327
2021,1,California,1914168.6667,541042.0,0.4038
2021,1,California,2507131.6667,769016.0,0.4309
2021,1,California,314032.0,123367.0,0.5804
2021,1,California,39204.0,19026.0,0.4986
2021,1,California,319774.66667,89717.0,0.4028
2021,1,California,2538223.3333,821222.0,0.4534
2021,1,Colorado,436780.33333,77788.0,0.2581
2021,1,Colorado,73536.666667,21127.0,0.4043
2021,1,Colorado,363243.66667,56661.0,0.2275
2021,1,Colorado,388838.0,62372.0,0.2327
2021,1,Colorado,44625.333333,14308.0,0.4736
2021,1,Colorado,3317.0,1108.0,0.3531
2021,1,Colorado,111645.33333,15917.0,0.218
2021,1,Colorado,324809.0,61830.0,0.271
2021,1,Connecticut,300223.33333,74141.0,0.3171
2021,1,Connecticut,86160.333333,30607.0,0.4413
2021,1,Connecticut,214063.0,43534.0,0.2647
2021,1,Connecticut,258834.0,56366.0,0.2804
2021,1,Connecticut,38312.333333,16682.0,0.561
2021,1,Connecticut,3077.0,1093.0,0.3584
2021,1,Connecticut,13297.333333,2774.0,0.2748
2021,1,Connecticut,286809.33333,71358.0,0.3191
2021,1,Delaware,154257.0,43996.0,0.3582
2021,1,Delaware,21588.333333,8498.0,0.4932
2021,1,Delaware,132668.66667,35498.0,0.3362
2021,1,Delaware,138252.0,37062.0,0.3361
2021,1,Delaware,14514.0,6206.0,0.5611
2021,1,Delaware,1491.0,728.0,0.4926
2021,1,Delaware,47472.333333,11532.0,0.2956
2021,1,Delaware,106714.66667,32442.0,0.3874
2021,1,District Of Columbia,55465.666667,14633.0,0.3734
2021,1,District Of Columbia,21505.333333,6795.0,0.4274
2021,1,District Of Columbia,33960.333333,7838.0,0.3366
2021,1,District Of Columbia,46513.0,11517.0,0.3516
2021,1,District Of Columbia,7756.3333333,2602.0,0.4953
2021,1,District Of Columbia,1196.3333333,514.0,0.4367
2021,1,District Of Columbia,55449.0,14631.0,0.3734
2021,1,Florida,2070007.3333,369850.0,0.2225
2021,1,Florida,292341.33333,70598.0,0.3001
2021,1,Florida,1777666.0,299252.0,0.2097
2021,1,Florida,1868682.0,314825.0,0.2084
2021,1,Florida,179668.33333,48554.0,0.3731
2021,1,Florida,21657.0,6471.0,0.3001
2021,1,Florida,80986.333333,12353.0,0.1995
2021,1,Florida,1985013.6667,357091.0,0.2234
2021,1,Georgia,828636.66667,128601.0,0.2006
2021,1,Georgia,145626.33333,30412.0,0.2667
2021,1,Georgia,683010.33333,98189.0,0.1863
2021,1,Georgia,713164.66667,102599.0,0.1847
2021,1,Georgia,101294.66667,22465.0,0.3143
2021,1,Georgia,14177.333333,3537.0,0.2506
2021,1,Georgia,167603.66667,23953.0,0.1827
2021,1,Georgia,660378.0,104556.0,0.2052
2021,1,Hawaii,107981.66667,23282.0,0.302
2021,1,Hawaii,12474.666667,2822.0,0.3376
2021,1,Hawaii,95507.0,20460.0,0.2976
2021,1,Hawaii,98713.0,20557.0,0.2908
2021,1,Hawaii,7130.3333333,1897.0,0.4364
2021,1,Hawaii,2138.3333333,828.0,0.3994
2021,1,Hawaii,35498.0,5929.0,0.2462
2021,1,Hawaii,72433.0,17351.0,0.3273
2021,1,Idaho,189971.66667,23100.0,0.18
2021,1,Idaho,28967.666667,5660.0,0.2756
2021,1,Idaho,161004.0,17440.0,0.1617
2021,1,Idaho,166739.33333,17932.0,0.1598
2021,1,Idaho,21940.333333,4802.0,0.3231
2021,1,Idaho,1292.0,366.0,0.2921
2021,1,Idaho,81406.666667,8078.0,0.1556
2021,1,Idaho,108542.33333,15021.0,0.1965
2021,1,Illinois,1318867.3333,224968.0,0.2336
2021,1,Illinois,253389.33333,72258.0,0.363
2021,1,Illinois,1065478.0,152710.0,0.1999
2021,1,Illinois,1159027.3333,176950.0,0.2099
2021,1,Illinois,144179.0,42654.0,0.4084
2021,1,Illinois,15661.0,5364.0,0.3476
2021,1,Illinois,248961.66667,32193.0,0.1794
2021,1,Illinois,1069393.0,192711.0,0.2461
2021,1,Indiana,686243.33333,112473.0,0.2193
2021,1,Indiana,124385.33333,36507.0,0.3624
2021,1,Indiana,561858.0,75966.0,0.1844
2021,1,Indiana,590793.66667,83790.0,0.1902
2021,1,Indiana,88423.333333,26624.0,0.4071
2021,1,Indiana,7026.3333333,2059.0,0.2981
2021,1,Indiana,197848.66667,28091.0,0.1912
2021,1,Indiana,488034.33333,84331.0,0.2306
2021,1,Iowa,421129.0,50850.0,0.1678
2021,1,Iowa,55402.666667,16643.0,0.387
2021,1,Iowa,365726.33333,34207.0,0.1316
2021,1,Iowa,378534.66667,39322.0,0.1447
2021,1,Iowa,39820.0,10829.0,0.3806
2021,1,Iowa,2774.3333333,699.0,0.2598
2021,1,Iowa,231081.66667,25414.0,0.1546
2021,1,Iowa,189847.0,25367.0,0.1833
2021,1,Kansas,370564.66667,44464.0,0.1624
2021,1,Kansas,45626.0,11535.0,0.317
2021,1,Kansas,324938.66667,32929.0,0.1387
2021,1,Kansas,329610.33333,34280.0,0.141
2021,1,Kansas,38014.666667,9313.0,0.3363
2021,1,Kansas,2939.6666667,871.0,0.302
2021,1,Kansas,176688.0,19932.0,0.1546
2021,1,Kansas,193373.66667,24464.0,0.1693
2021,1,Kentucky,481339.33333,91814.0,0.2531
2021,1,Kentucky,112370.66667,33177.0,0.3741
2021,1,Kentucky,368968.66667,58637.0,0.214
2021,1,Kentucky,393219.33333,65556.0,0.2199
2021,1,Kentucky,83834.666667,24841.0,0.4118
2021,1,Kentucky,4285.3333333,1417.0,0.3359
2021,1,Kentucky,245744.66667,50498.0,0.2764
2021,1,Kentucky,233666.66667,40879.0,0.229
2021,1,Louisiana,417034.66667,50864.0,0.1578
2021,1,Louisiana,107528.0,19211.0,0.2279
2021,1,Louisiana,309506.66667,31653.0,0.133
2021,1,Louisiana,345500.66667,37165.0,0.1381
2021,1,Louisiana,64727.666667,12325.0,0.266
2021,1,Louisiana,6806.3333333,1374.0,0.2001
2021,1,Louisiana,97194.333333,11717.0,0.1567
2021,1,Louisiana,317654.0,38816.0,0.1579
2021,1,Maine,164616.33333,32099.0,0.2853
2021,1,Maine,51696.333333,14650.0,0.3774
2021,1,Maine,112920.0,17449.0,0.2368
2021,1,Maine,132855.0,21831.0,0.2418
2021,1,Maine,30690.333333,9837.0,0.4649
2021,1,Maine,1071.0,431.0,0.4074
2021,1,Maine,93623.0,17664.0,0.2784
2021,1,Maine,70953.666667,14433.0,0.2942
2021,1,Maryland,751087.66667,196631.0,0.347
2021,1,Maryland,132627.33333,46410.0,0.4456
2021,1,Maryland,618460.33333,150221.0,0.3247
2021,1,Maryland,657218.66667,159065.0,0.322
2021,1,Maryland,84830.666667,33957.0,0.5315
2021,1,Maryland,9038.3333333,3609.0,0.4094
2021,1,Maryland,44338.666667,8648.0,0.2482
2021,1,Maryland,706587.0,187961.0,0.3534
2021,1,Massachusetts,835053.33333,289593.0,0.4535
2021,1,Massachusetts,208620.0,94088.0,0.5685
2021,1,Massachusetts,626433.33333,195505.0,0.4132
2021,1,Massachusetts,706562.33333,224948.0,0.4181
2021,1,Massachusetts,122962.33333,61849.0,0.65
2021,1,Massachusetts,5528.6666667,2796.0,0.5111
2021,1,Massachusetts,33458.0,12118.0,0.4898
2021,1,Massachusetts,801296.66667,277420.0,0.452
2021,1,Michigan,898186.66667,178222.0,0.2718
2021,1,Michigan,191632.0,59353.0,0.3898
2021,1,Michigan,706554.66667,118869.0,0.2361
2021,1,Michigan,736221.33333,125669.0,0.2349
2021,1,Michigan,151255.33333,48938.0,0.4446
2021,1,Michigan,10710.0,3615.0,0.3406
2021,1,Michigan,232116.66667,36138.0,0.2258
2021,1,Michigan,665804.33333,142043.0,0.2867
2021,1,Minnesota,431124.33333,83084.0,0.2823
2021,1,Minnesota,80172.666667,29266.0,0.4773
2021,1,Minnesota,350951.66667,53818.0,0.231
2021,1,Minnesota,354976.33333,54359.0,0.2277
2021,1,Minnesota,72011.0,27088.0,0.5242
2021,1,Minnesota,4137.0,1637.0,0.4137
2021,1,Minnesota,164965.66667,22918.0,0.2079
2021,1,Minnesota,265937.66667,60130.0,0.3269
2021,1,Mississippi,397784.33333,51373.0,0.1658
2021,1,Mississippi,97196.0,17349.0,0.2214
2021,1,Mississippi,300588.33333,34024.0,0.147
2021,1,Mississippi,328542.33333,38001.0,0.1479
2021,1,Mississippi,62903.666667,12162.0,0.261
2021,1,Mississippi,6338.3333333,1210.0,0.1897
2021,1,Mississippi,234644.0,28664.0,0.1563
2021,1,Mississippi,161345.33333,22473.0,0.1796
2021,1,Missouri,617084.33333,77027.0,0.1724
2021,1,Missouri,99034.333333,25785.0,0.3265
2021,1,Missouri,518050.0,51242.0,0.1393
2021,1,Missouri,522329.0,53451.0,0.1416
2021,1,Missouri,87920.666667,21798.0,0.3481
2021,1,Missouri,6834.6666667,1778.0,0.266
2021,1,Missouri,230161.33333,24626.0,0.1545
2021,1,Missouri,386834.0,52392.0,0.1823
2021,1,Montana,168614.0,18306.0,0.1657
2021,1,Montana,24402.0,4725.0,0.2723
2021,1,Montana,144212.0,13581.0,0.1458
2021,1,Montana,150862.66667,14419.0,0.1463
2021,1,Montana,16850.333333,3701.0,0.3353
2021,1,Montana,901.0,186.0,0.2155
2021,1,Montana,114757.66667,12007.0,0.1632
2021,1,Montana,53836.333333,6298.0,0.1707
2021,1,Nebraska,242979.66667,22313.0,0.1288
2021,1,Nebraska,27714.333333,6685.0,0.3061
2021,1,Nebraska,215265.33333,15628.0,0.1033
2021,1,Nebraska,220632.0,17229.0,0.1098
2021,1,Nebraska,20679.0,4704.0,0.3216
2021,1,Nebraska,1668.6666667,380.0,0.2385
2021,1,Nebraska,123407.33333,10008.0,0.1146
2021,1,Nebraska,119508.0,12295.0,0.1432
2021,1,Nevada,261459.66667,48290.0,0.2628
2021,1,Nevada,44705.666667,13474.0,0.4056
2021,1,Nevada,216754.0,34816.0,0.2313
2021,1,Nevada,231394.0,38906.0,0.2398
2021,1,Nevada,27119.0,8175.0,0.4392
2021,1,Nevada,2946.6666667,1209.0,0.4194
2021,1,Nevada,46826.666667,6273.0,0.1989
2021,1,Nevada,214251.33333,41975.0,0.2762
2021,1,New Hampshire,201331.0,45834.0,0.3217
2021,1,New Hampshire,27516.666667,10670.0,0.4962
2021,1,New Hampshire,173814.33333,35164.0,0.2907
2021,1,New Hampshire,173584.0,35123.0,0.2865
2021,1,New Hampshire,26766.666667,10292.0,0.5436
2021,1,New Hampshire,980.33333333,419.0,0.4406
2021,1,New Hampshire,87712.0,17627.0,0.294
2021,1,New Hampshire,113141.66667,28086.0,0.3418
2021,1,New Jersey,902405.0,212344.0,0.3007
2021,1,New Jersey,134499.66667,42742.0,0.3877
2021,1,New Jersey,767905.33333,169602.0,0.2846
2021,1,New Jersey,803250.0,176872.0,0.281
2021,1,New Jersey,88933.333333,32057.0,0.4808
2021,1,New Jersey,10221.666667,3415.0,0.3409
2021,1,New Jersey,10581.0,2482.0,0.3082
2021,1,New Jersey,890465.33333,209685.0,0.3009
2021,1,New Mexico,218697.66667,53902.0,0.3619
2021,1,New Mexico,51604.333333,15519.0,0.4397
2021,1,New Mexico,167093.33333,38383.0,0.3378
2021,1,New Mexico,188497.33333,43742.0,0.3408
2021,1,New Mexico,27436.666667,9053.0,0.5075
2021,1,New Mexico,2763.6666667,1107.0,0.4045
2021,1,New Mexico,90567.0,19423.0,0.3156
2021,1,New Mexico,127503.33333,34346.0,0.3949
2021,1,New York,1665012.0,403293.0,0.3148
2021,1,New York,423483.33333,149636.0,0.4336
2021,1,New York,1241528.6667,253657.0,0.271
2021,1,New York,1429671.0,314491.0,0.2859
2021,1,New York,214897.0,81998.0,0.5096
2021,1,New York,20444.0,6804.0,0.3342
2021,1,New York,201871.66667,46708.0,0.3118
2021,1,New York,1462192.3333,356475.0,0.3152
2021,1,North Carolina,1029512.3333,175569.0,0.2191
2021,1,North Carolina,177744.33333,44577.0,0.3136
2021,1,North Carolina,851768.0,130992.0,0.1987
2021,1,North Carolina,881555.0,135341.0,0.1965
2021,1,North Carolina,134705.33333,36190.0,0.3639
2021,1,North Carolina,13252.0,4038.0,0.306
2021,1,North Carolina,312509.0,48632.0,0.1994
2021,1,North Carolina,715672.66667,126679.0,0.2276
2021,1,North Dakota,94575.666667,7247.0,0.1119
2021,1,North Dakota,13671.666667,2705.0,0.2536
2021,1,North Dakota,80904.0,4542.0,0.084
2021,1,North Dakota,84048.666667,5252.0,0.092
2021,1,North Dakota,9781.0,1855.0,0.2659
2021,1,North Dakota,746.0,140.0,0.1953
2021,1,North Dakota,55960.0,4335.0,0.1151
2021,1,North Dakota,38555.666667,2908.0,0.1075
2021,1,Ohio,1059586.0,192179.0,0.2436
2021,1,Ohio,165112.66667,51915.0,0.3968
2021,1,Ohio,894473.33333,140264.0,0.2131
2021,1,Ohio,918382.0,147729.0,0.2157
2021,1,Ohio,131268.0,41133.0,0.436
2021,1,Ohio,9936.0,3317.0,0.3402
2021,1,Ohio,303321.0,53308.0,0.2372
2021,1,Ohio,755692.33333,138760.0,0.246
2021,1,Oklahoma,464648.0,82205.0,0.2346
2021,1,Oklahoma,79338.666667,21647.0,0.3428
2021,1,Oklahoma,385309.33333,60558.0,0.2109
2021,1,Oklahoma,395867.33333,63509.0,0.2121
2021,1,Oklahoma,63679.666667,16918.0,0.3689
2021,1,Oklahoma,5101.0,1778.0,0.3542
2021,1,Oklahoma,225281.33333,37112.0,0.2195
2021,1,Oklahoma,238324.33333,44913.0,0.2489
2021,1,Oregon,387915.0,75842.0,0.295
2021,1,Oregon,78730.666667,20459.0,0.3944
2021,1,Oregon,309184.33333,55383.0,0.2699
2021,1,Oregon,334028.66667,59871.0,0.2705
2021,1,Oregon,50644.333333,14720.0,0.4516
2021,1,Oregon,3242.0,1251.0,0.4015
2021,1,Oregon,163351.0,26711.0,0.2513
2021,1,Oregon,224504.33333,49129.0,0.3259
2021,1,Pennsylvania,1265892.6667,264430.0,0.277
2021,1,Pennsylvania,210009.66667,65872.0,0.408
2021,1,Pennsylvania,1055883.0,198558.0,0.2504
2021,1,Pennsylvania,1100601.6667,207756.0,0.2495
2021,1,Pennsylvania,153335.66667,52161.0,0.4734
2021,1,Pennsylvania,11955.333333,4513.0,0.3831
2021,1,Pennsylvania,183194.66667,30778.0,0.2273
2021,1,Pennsylvania,1082140.6667,233595.0,0.2853
2021,1,Puerto Rico,42396.666667,5598.0,0.2028
2021,1,Rhode Island,89669.0,26004.0,0.3802
2021,1,Rhode Island,16105.0,5946.0,0.4958
2021,1,Rhode Island,73564.0,20058.0,0.3556
2021,1,Rhode Island,77375.0,21265.0,0.3545
2021,1,Rhode Island,11579.666667,4467.0,0.5792
2021,1,Rhode Island,714.33333333,272.0,0.3914
2021,1,Rhode Island,215.33333333,41.0,0.2733
2021,1,Rhode Island,89444.666667,25963.0,0.3804
2021,1,South Carolina,645045.33333,95647.0,0.186
2021,1,South Carolina,65391.0,13810.0,0.2633
2021,1,South Carolina,579654.33333,81837.0,0.1772
2021,1,South Carolina,571687.66667,79515.0,0.1731
2021,1,South Carolina,65972.666667,14194.0,0.2987
2021,1,South Carolina,7385.0,1938.0,0.2618
2021,1,South Carolina,126080.0,16741.0,0.1697
2021,1,South Carolina,518608.0,78866.0,0.1899
2021,1,South Dakota,121261.66667,12042.0,0.1463
2021,1,South Dakota,17289.666667,3666.0,0.2837
2021,1,South Dakota,103972.0,8376.0,0.1207
2021,1,South Dakota,108413.0,9357.0,0.1275
2021,1,South Dakota,11872.666667,2376.0,0.2965
2021,1,South Dakota,976.0,309.0,0.3298
2021,1,South Dakota,75699.333333,7663.0,0.1499
2021,1,South Dakota,45546.333333,4375.0,0.1403
2021,1,Tennessee,670855.33333,78213.0,0.153
2021,1,Tennessee,93879.0,19682.0,0.2658
2021,1,Tennessee,576976.33333,58531.0,0.1339
2021,1,Tennessee,586488.66667,59412.0,0.1323
2021,1,Tennessee,76885.666667,17118.0,0.3116
2021,1,Tennessee,7481.0,1683.0,0.2292
2021,1,Tennessee,227009.0,24697.0,0.1428
2021,1,Tennessee,443038.33333,53440.0,0.1582
2021,1,Territories,16730.666667,386.0,0.0431
2021,1,Texas,1974148.0,409538.0,0.281
2021,1,Texas,281271.66667,90482.0,0.4027
2021,1,Texas,1692876.3333,319056.0,0.2589
2021,1,Texas,1743634.0,339627.0,0.2631
2021,1,Texas,197421.33333,57348.0,0.4287
2021,1,Texas,33092.666667,12563.0,0.3833
2021,1,Texas,394033.33333,67725.0,0.235
2021,1,Texas,1577509.3333,341350.0,0.2924
2021,1,Utah,203657.66667,29524.0,0.2031
2021,1,Utah,22567.333333,5682.0,0.3417
2021,1,Utah,181090.33333,23842.0,0.1852
2021,1,Utah,182252.66667,23593.0,0.181
2021,1,Utah,19646.0,5393.0,0.4031
2021,1,Utah,1759.0,538.0,0.3174
2021,1,Utah,47742.0,6365.0,0.1957
2021,1,Utah,155872.0,23157.0,0.2052
2021,1,Vermont,111388.66667,26313.0,0.3376
2021,1,Vermont,24593.666667,8319.0,0.4474
2021,1,Vermont,86795.0,17994.0,0.3032
2021,1,Vermont,95263.0,20129.0,0.3033
2021,1,Vermont,15719.666667,5979.0,0.5341
2021,1,Vermont,406.0,205.0,0.5125
2021,1,Vermont,83559.333333,18939.0,0.3263
2021,1,Vermont,27493.0,7264.0,0.3691
2021,1,Virgin Islands,12859.666667,824.0,0.1138
2021,1,Virginia,961561.0,176467.0,0.2411
2021,1,Virginia,106332.33333,29521.0,0.3505
2021,1,Virginia,855228.66667,146946.0,0.2269
2021,1,Virginia,866071.0,148466.0,0.2246
2021,1,Virginia,85802.333333,24802.0,0.404
2021,1,Virginia,9687.6666667,3199.0,0.3361
2021,1,Virginia,173268.0,24331.0,0.1854
2021,1,Virginia,786654.0,151865.0,0.2533
2021,1,Washington,737392.33333,117930.0,0.2364
2021,1,Washington,116131.66667,26567.0,0.3337
2021,1,Washington,621260.66667,91363.0,0.2179
2021,1,Washington,650747.0,97008.0,0.2193
2021,1,Washington,80167.0,18646.0,0.3704
2021,1,Washington,6478.3333333,2276.0,0.3631
2021,1,Washington,174568.33333,23018.0,0.2003
2021,1,Washington,562382.66667,94864.0,0.2472
2021,1,West Virginia,227061.66667,42549.0,0.2548
2021,1,West Virginia,53985.0,14607.0,0.354
2021,1,West Virginia,173076.66667,27942.0,0.2223
2021,1,West Virginia,183329.0,30565.0,0.2254
2021,1,West Virginia,41850.0,11386.0,0.3857
2021,1,West Virginia,1882.6666667,598.0,0.327
2021,1,West Virginia,77303.333333,12514.0,0.2215
2021,1,West Virginia,149478.0,29980.0,0.2718
2021,1,Wisconsin,545756.66667,77824.0,0.2103
2021,1,Wisconsin,105645.66667,27381.0,0.3465
2021,1,Wisconsin,440111.0,50443.0,0.1733
2021,1,Wisconsin,465153.33333,56038.0,0.1792
2021,1,Wisconsin,75370.666667,20298.0,0.3884
2021,1,Wisconsin,5232.6666667,1488.0,0.292
2021,1,Wisconsin,210419.66667,26181.0,0.1909
2021,1,Wisconsin,335239.0,51639.0,0.2218
2021,1,Wyoming,100019.66667,10028.0,0.1531
2021,1,Wyoming,11962.0,2822.0,0.3083
2021,1,Wyoming,88057.666667,7206.0,0.1279
2021,1,Wyoming,89348.0,7589.0,0.1307
2021,1,Wyoming,10175.0,2247.0,0.3229
2021,1,Wyoming,496.66666667,192.0,0.4025
2021,1,Wyoming,69172.0,6400.0,0.1445
2021,1,Wyoming,30830.666667,3627.0,0.1714
2021,2,Alabama,457112.33333,38998.0,0.1093
2021,2,Alabama,83240.0,9720.0,0.1487
2021,2,Alabama,373872.33333,29278.0,0.1004
2021,2,Alabama,376268.66667,28169.0,0.0945
2021,2,Alabama,74987.666667,10025.0,0.1894
2021,2,Alabama,5856.0,804.0,0.14
2021,2,Alabama,135452.66667,10411.0,0.0982
2021,2,Alabama,320612.0,28478.0,0.1139
2021,2,Alaska,92448.666667,11423.0,0.192
2021,2,Alaska,20098.333333,3968.0,0.2756
2021,2,Alaska,72350.333333,7455.0,0.1653
2021,2,Alaska,81727.666667,8984.0,0.1729
2021,2,Alaska,10025.666667,2306.0,0.3355
2021,2,Alaska,695.33333333,133.0,0.2009
2021,2,Alaska,43971.0,5298.0,0.1869
2021,2,Alaska,45215.666667,5780.0,0.1981
2021,2,Arizona,660480.0,102920.0,0.2064
2021,2,Arizona,71455.666667,15520.0,0.312
2021,2,Arizona,589024.33333,87400.0,0.1947
2021,2,Arizona,612463.66667,90280.0,0.194
2021,2,Arizona,42291.333333,10750.0,0.3872
2021,2,Arizona,5725.0,1890.0,0.3415
2021,2,Arizona,100463.33333,12814.0,0.1828
2021,2,Arizona,558558.0,89959.0,0.2104
2021,2,Arkansas,384521.0,34546.0,0.1166
2021,2,Arkansas,68071.666667,9898.0,0.1854
2021,2,Arkansas,316449.33333,24648.0,0.1015
2021,2,Arkansas,325346.33333,25372.0,0.1003
2021,2,Arkansas,55542.0,8511.0,0.2142
2021,2,Arkansas,3632.6666667,663.0,0.1911
2021,2,Arkansas,174159.33333,13986.0,0.1049
2021,2,Arkansas,208495.33333,20351.0,0.126
2021,2,California,2861280.6667,697623.0,0.3351
2021,2,California,941884.0,298215.0,0.4228
2021,2,California,1919396.6667,399408.0,0.2901
2021,2,California,2509170.6667,577097.0,0.3154
2021,2,California,314354.33333,105944.0,0.4905
2021,2,California,37755.666667,14582.0,0.402
2021,2,California,320291.66667,67009.0,0.2918
2021,2,California,2538644.0,630275.0,0.3405
2021,2,Colorado,437952.66667,54245.0,0.1736
2021,2,Colorado,72549.666667,16010.0,0.3026
2021,2,Colorado,365403.0,38235.0,0.1473
2021,2,Colorado,390510.66667,41934.0,0.1502
2021,2,Colorado,44253.0,11566.0,0.3801
2021,2,Colorado,3189.0,745.0,0.2496
2021,2,Colorado,112133.33333,11150.0,0.146
2021,2,Colorado,325492.33333,43071.0,0.1825
2021,2,Connecticut,297704.66667,51793.0,0.2176
2021,2,Connecticut,83530.333333,23028.0,0.3359
2021,2,Connecticut,214174.33333,28765.0,0.1698
2021,2,Connecticut,257002.33333,37622.0,0.183
2021,2,Connecticut,37790.333333,13429.0,0.4541
2021,2,Connecticut,2912.0,742.0,0.2603
2021,2,Connecticut,13145.0,1932.0,0.1859
2021,2,Connecticut,284442.66667,49856.0,0.2191
2021,2,Delaware,154138.66667,30787.0,0.2477
2021,2,Delaware,21086.333333,6360.0,0.3774
2021,2,Delaware,133052.33333,24427.0,0.2274
2021,2,Delaware,138345.33333,25252.0,0.2255
2021,2,Delaware,14359.333333,5035.0,0.4619
2021,2,Delaware,1434.0,500.0,0.3546
2021,2,Delaware,47687.666667,8269.0,0.2085
2021,2,Delaware,106381.66667,22503.0,0.266
2021,2,District Of Columbia,54950.666667,11830.0,0.2936
2021,2,District Of Columbia,21082.0,5776.0,0.3626
2021,2,District Of Columbia,33868.666667,6054.0,0.2486
2021,2,District Of Columbia,46117.666667,9122.0,0.2695
2021,2,District Of Columbia,7686.6666667,2342.0,0.4405
2021,2,District Of Columbia,1146.3333333,366.0,0.3256
2021,2,District Of Columbia,54934.666667,11829.0,0.2937
2021,2,Florida,2061529.0,281078.0,0.1677
2021,2,Florida,282627.0,56090.0,0.2448
2021,2,Florida,1778902.0,224988.0,0.1555
2021,2,Florida,1863501.6667,234748.0,0.1537
2021,2,Florida,177591.66667,41379.0,0.3205
2021,2,Florida,20435.666667,4951.0,0.2468
2021,2,Florida,80581.666667,9420.0,0.1501
2021,2,Florida,1976997.3333,271385.0,0.1685
2021,2,Georgia,823118.0,87123.0,0.137
2021,2,Georgia,139598.66667,21875.0,0.1995
2021,2,Georgia,683519.33333,65248.0,0.124
2021,2,Georgia,710182.66667,67315.0,0.1217
2021,2,Georgia,99614.333333,17450.0,0.2491
2021,2,Georgia,13321.0,2358.0,0.1817
2021,2,Georgia,165414.66667,15105.0,0.1163
2021,2,Georgia,657060.66667,71959.0,0.1423
2021,2,Hawaii,107722.66667,18024.0,0.233
2021,2,Hawaii,12154.666667,2306.0,0.2826
2021,2,Hawaii,95568.0,15718.0,0.2271
2021,2,Hawaii,98604.333333,15735.0,0.2213
2021,2,Hawaii,7066.6666667,1656.0,0.3865
2021,2,Hawaii,2051.6666667,633.0,0.321
2021,2,Hawaii,35526.0,4847.0,0.1998
2021,2,Hawaii,72149.333333,13174.0,0.2481
2021,2,Idaho,190105.0,14567.0,0.1089
2021,2,Idaho,28302.333333,3924.0,0.1919
2021,2,Idaho,161802.66667,10643.0,0.0939
2021,2,Idaho,167060.0,10791.0,0.0917
2021,2,Idaho,21809.0,3549.0,0.2369
2021,2,Idaho,1236.0,227.0,0.1916
2021,2,Idaho,81542.0,5241.0,0.0948
2021,2,Idaho,108541.0,9326.0,0.1188
2021,2,Illinois,1314829.3333,149223.0,0.1499
2021,2,Illinois,248398.33333,50404.0,0.2515
2021,2,Illinois,1066431.0,98819.0,0.1243
2021,2,Illinois,1156361.6667,112962.0,0.1291
2021,2,Illinois,143508.0,32757.0,0.3085
2021,2,Illinois,14959.666667,3504.0,0.2403
2021,2,Illinois,248042.66667,17781.0,0.0952
2021,2,Illinois,1066285.6667,131397.0,0.1625
2021,2,Indiana,683569.33333,65749.0,0.1249
2021,2,Indiana,119744.0,23976.0,0.2437
2021,2,Indiana,563825.33333,41773.0,0.0976
2021,2,Indiana,589977.0,45816.0,0.1006
2021,2,Indiana,86961.666667,18761.0,0.2894
2021,2,Indiana,6630.6666667,1172.0,0.1832
2021,2,Indiana,196902.0,15404.0,0.102
2021,2,Indiana,486310.66667,50307.0,0.1341
2021,2,Iowa,421212.33333,30179.0,0.0946
2021,2,Iowa,54258.333333,11207.0,0.2605
2021,2,Iowa,366954.0,18972.0,0.0687
2021,2,Iowa,378890.66667,21776.0,0.0757
2021,2,Iowa,39638.666667,8008.0,0.2782
2021,2,Iowa,2683.0,395.0,0.1548
2021,2,Iowa,230928.33333,15636.0,0.0902
2021,2,Iowa,190091.33333,14479.0,0.0996
2021,2,Kansas,370048.33333,28332.0,0.1004
2021,2,Kansas,43914.333333,8128.0,0.2261
2021,2,Kansas,326134.0,20204.0,0.0821
2021,2,Kansas,329704.66667,20745.0,0.0824
2021,2,Kansas,37552.666667,7104.0,0.255
2021,2,Kansas,2791.0,483.0,0.18
2021,2,Kansas,176179.33333,12831.0,0.0964
2021,2,Kansas,193365.0,15455.0,0.1039
2021,2,Kentucky,476196.33333,51886.0,0.1405
2021,2,Kentucky,108462.66667,21255.0,0.2414
2021,2,Kentucky,367733.66667,30631.0,0.1089
2021,2,Kentucky,390305.0,34371.0,0.1127
2021,2,Kentucky,81869.666667,16764.0,0.2778
2021,2,Kentucky,4021.6666667,751.0,0.1936
2021,2,Kentucky,241877.0,29703.0,0.159
2021,2,Kentucky,232417.66667,21920.0,0.1211
2021,2,Louisiana,412470.0,32470.0,0.1013
2021,2,Louisiana,103529.0,13100.0,0.16
2021,2,Louisiana,308941.0,19370.0,0.0812
2021,2,Louisiana,342670.66667,22749.0,0.0848
2021,2,Louisiana,63396.333333,8902.0,0.1948
2021,2,Louisiana,6403.0,819.0,0.1298
2021,2,Louisiana,95845.666667,7036.0,0.0943
2021,2,Louisiana,314484.66667,25207.0,0.1032
2021,2,Maine,162219.33333,21723.0,0.187
2021,2,Maine,49648.0,10184.0,0.2644
2021,2,Maine,112571.33333,11539.0,0.1486
2021,2,Maine,131263.0,14050.0,0.1495
2021,2,Maine,29943.0,7434.0,0.3502
2021,2,Maine,1013.3333333,239.0,0.2429
2021,2,Maine,92262.666667,11788.0,0.1787
2021,2,Maine,69918.0,9933.0,0.1979
2021,2,Maryland,750017.0,142013.0,0.2438
2021,2,Maryland,131963.0,37032.0,0.3504
2021,2,Maryland,618054.0,104981.0,0.2202
2021,2,Maryland,656342.66667,110783.0,0.2176
2021,2,Maryland,84970.666667,28626.0,0.4418
2021,2,Maryland,8703.6666667,2604.0,0.3077
2021,2,Maryland,44400.0,5820.0,0.1646
2021,2,Maryland,705457.66667,136178.0,0.249
2021,2,Massachusetts,832935.0,217377.0,0.3296
2021,2,Massachusetts,205215.33333,76098.0,0.4583
2021,2,Massachusetts,627719.66667,141279.0,0.2863
2021,2,Massachusetts,706007.33333,162279.0,0.2903
2021,2,Massachusetts,121649.66667,53071.0,0.5566
2021,2,Massachusetts,5278.0,2027.0,0.3904
2021,2,Massachusetts,33388.666667,8425.0,0.3253
2021,2,Massachusetts,799250.33333,208913.0,0.3298
2021,2,Michigan,892565.33333,138989.0,0.2064
2021,2,Michigan,185562.0,48456.0,0.3238
2021,2,Michigan,707003.33333,90533.0,0.1729
2021,2,Michigan,733364.33333,94730.0,0.171
2021,2,Michigan,149031.66667,41561.0,0.38
2021,2,Michigan,10169.333333,2698.0,0.271
2021,2,Michigan,230771.0,26326.0,0.1575
2021,2,Michigan,661527.66667,112632.0,0.2226
2021,2,Minnesota,430539.66667,64328.0,0.2094
2021,2,Minnesota,78850.333333,24013.0,0.3935
2021,2,Minnesota,351689.33333,40315.0,0.1637
2021,2,Minnesota,354780.66667,39931.0,0.1587
2021,2,Minnesota,71793.0,23139.0,0.4455
2021,2,Minnesota,3966.0,1258.0,0.3355
2021,2,Minnesota,164656.66667,17253.0,0.149
2021,2,Minnesota,265658.33333,47048.0,0.2459
2021,2,Mississippi,394159.66667,31519.0,0.1011
2021,2,Mississippi,93584.333333,10870.0,0.1417
2021,2,Mississippi,300575.33333,20649.0,0.0879
2021,2,Mississippi,326243.0,22793.0,0.088
2021,2,Mississippi,61920.0,7924.0,0.1696
2021,2,Mississippi,5996.6666667,802.0,0.136
2021,2,Mississippi,232200.33333,16881.0,0.0913
2021,2,Mississippi,160193.33333,14508.0,0.1157
2021,2,Missouri,613889.66667,48150.0,0.1038
2021,2,Missouri,95343.333333,17169.0,0.2189
2021,2,Missouri,518546.33333,30981.0,0.0803
2021,2,Missouri,520540.0,31194.0,0.0791
2021,2,Missouri,86784.0,15928.0,0.251
2021,2,Missouri,6565.6666667,1028.0,0.1628
2021,2,Missouri,228493.33333,14926.0,0.0885
2021,2,Missouri,385307.66667,33216.0,0.1125
2021,2,Montana,169322.0,12122.0,0.104
2021,2,Montana,24140.0,3515.0,0.1971
2021,2,Montana,145182.0,8607.0,0.0871
2021,2,Montana,151605.33333,9086.0,0.087
2021,2,Montana,16834.666667,2916.0,0.2571
2021,2,Montana,882.0,120.0,0.1425
2021,2,Montana,115294.33333,8161.0,0.1043
2021,2,Montana,54007.666667,3960.0,0.1032
2021,2,Nebraska,242694.33333,14775.0,0.0829
2021,2,Nebraska,26998.666667,4714.0,0.2162
2021,2,Nebraska,215695.66667,10061.0,0.0643
2021,2,Nebraska,220521.66667,10943.0,0.0676
2021,2,Nebraska,20586.333333,3589.0,0.2435
2021,2,Nebraska,1586.3333333,243.0,0.1619
2021,2,Nebraska,123074.33333,6694.0,0.0747
2021,2,Nebraska,119554.66667,8080.0,0.0913
2021,2,Nevada,261580.66667,36030.0,0.1928
2021,2,Nevada,43991.333333,10829.0,0.3286
2021,2,Nevada,217589.33333,25201.0,0.1637
2021,2,Nevada,231714.33333,28129.0,0.17
2021,2,Nevada,27015.666667,7021.0,0.3759
2021,2,Nevada,2850.6666667,880.0,0.3205
2021,2,Nevada,46977.333333,4499.0,0.138
2021,2,Nevada,214224.0,31501.0,0.2044
2021,2,New Hampshire,201139.66667,33391.0,0.2243
2021,2,New Hampshire,26982.0,8962.0,0.4149
2021,2,New Hampshire,174157.66667,24429.0,0.1919
2021,2,New Hampshire,173614.66667,24511.0,0.1903
2021,2,New Hampshire,26575.333333,8567.0,0.4472
2021,2,New Hampshire,949.66666667,313.0,0.3486
2021,2,New Hampshire,87621.0,13149.0,0.2078
2021,2,New Hampshire,113041.33333,20144.0,0.2363
2021,2,New Jersey,900197.0,153214.0,0.2123
2021,2,New Jersey,131920.0,33166.0,0.3016
2021,2,New Jersey,768277.0,120048.0,0.1962
2021,2,New Jersey,801917.0,124013.0,0.1923
2021,2,New Jersey,88501.666667,26843.0,0.3993
2021,2,New Jersey,9778.3333333,2358.0,0.2475
2021,2,New Jersey,10522.0,1650.0,0.2024
2021,2,New Jersey,888372.33333,151449.0,0.2126
2021,2,New Mexico,216886.33333,36505.0,0.2411
2021,2,New Mexico,49485.333333,11157.0,0.3229
2021,2,New Mexico,167401.0,25348.0,0.2168
2021,2,New Mexico,187755.33333,28847.0,0.2198
2021,2,New Mexico,26493.666667,6975.0,0.3963
2021,2,New Mexico,2637.3333333,683.0,0.2643
2021,2,New Mexico,89552.0,13192.0,0.2107
2021,2,New Mexico,126706.33333,23231.0,0.2628
2021,2,New York,1656745.6667,308588.0,0.2336
2021,2,New York,412724.66667,122298.0,0.3562
2021,2,New York,1244021.0,186290.0,0.1905
2021,2,New York,1423764.3333,234703.0,0.2059
2021,2,New York,213588.33333,68862.0,0.4246
2021,2,New York,19393.0,5023.0,0.2617
2021,2,New York,200478.33333,31142.0,0.1996
2021,2,New York,1455345.3333,277356.0,0.2381
2021,2,North Carolina,1022369.6667,108595.0,0.1363
2021,2,North Carolina,170598.33333,30436.0,0.2225
2021,2,North Carolina,851771.33333,78159.0,0.1184
2021,2,North Carolina,877544.0,79223.0,0.1153
2021,2,North Carolina,132326.0,26696.0,0.2737
2021,2,North Carolina,12499.666667,2676.0,0.2188
2021,2,North Carolina,309240.66667,30145.0,0.1247
2021,2,North Carolina,711832.33333,78303.0,0.1414
2021,2,North Dakota,94620.0,6108.0,0.0889
2021,2,North Dakota,13504.666667,2221.0,0.206
2021,2,North Dakota,81115.333333,3887.0,0.0671
2021,2,North Dakota,84090.0,4406.0,0.0723
2021,2,North Dakota,9811.3333333,1599.0,0.2263
2021,2,North Dakota,718.66666667,103.0,0.1519
2021,2,North Dakota,56018.0,3829.0,0.0953
2021,2,North Dakota,38541.0,2276.0,0.0799
2021,2,Ohio,1055853.3333,115400.0,0.1426
2021,2,Ohio,159251.0,35238.0,0.2735
2021,2,Ohio,896602.33333,80162.0,0.1178
2021,2,Ohio,917702.0,83751.0,0.1185
2021,2,Ohio,128849.0,29782.0,0.3184
2021,2,Ohio,9302.3333333,1867.0,0.2063
2021,2,Ohio,302089.0,29672.0,0.1288
2021,2,Ohio,753208.33333,85659.0,0.148
2021,2,Oklahoma,462208.0,44505.0,0.1247
2021,2,Oklahoma,76653.333333,13053.0,0.2097
2021,2,Oklahoma,385554.66667,31452.0,0.1067
2021,2,Oklahoma,394494.33333,32790.0,0.1071
2021,2,Oklahoma,62848.666667,10799.0,0.2349
2021,2,Oklahoma,4865.0,916.0,0.1951
2021,2,Oklahoma,223644.66667,20424.0,0.1182
2021,2,Oklahoma,237527.33333,23972.0,0.1307
2021,2,Oregon,388287.33333,56033.0,0.2094
2021,2,Oregon,78353.333333,16164.0,0.3046
2021,2,Oregon,309934.0,39869.0,0.1859
2021,2,Oregon,334372.33333,42786.0,0.1849
2021,2,Oregon,50788.333333,12286.0,0.3704
2021,2,Oregon,3126.6666667,961.0,0.3211
2021,2,Oregon,163514.0,19115.0,0.1719
2021,2,Oregon,224713.66667,36916.0,0.2361
2021,2,Pennsylvania,1262817.6667,170503.0,0.174
2021,2,Pennsylvania,203920.0,49030.0,0.3074
2021,2,Pennsylvania,1058897.6667,121473.0,0.148
2021,2,Pennsylvania,1100459.6667,125846.0,0.1465
2021,2,Pennsylvania,151005.66667,41647.0,0.3785
2021,2,Pennsylvania,11352.333333,3010.0,0.272
2021,2,Pennsylvania,182152.66667,19023.0,0.1359
2021,2,Pennsylvania,1080132.3333,151442.0,0.1804
2021,2,Puerto Rico,41023.0,4611.0,0.1688
2021,2,Rhode Island,88876.666667,18046.0,0.2593
2021,2,Rhode Island,15467.0,4368.0,0.3736
2021,2,Rhode Island,73409.666667,13678.0,0.2362
2021,2,Rhode Island,76869.666667,14354.0,0.234
2021,2,Rhode Island,11327.666667,3518.0,0.4622
2021,2,Rhode Island,679.33333333,174.0,0.2673
2021,2,Rhode Island,213.66666667,36.0,0.2182
2021,2,Rhode Island,88653.333333,18010.0,0.2594
2021,2,South Carolina,642315.66667,58013.0,0.1136
2021,2,South Carolina,62163.333333,9446.0,0.1891
2021,2,South Carolina,580152.33333,48567.0,0.1054
2021,2,South Carolina,570793.33333,46400.0,0.1014
2021,2,South Carolina,64576.0,10174.0,0.2192
2021,2,South Carolina,6946.3333333,1439.0,0.2126
2021,2,South Carolina,124897.0,9921.0,0.1012
2021,2,South Carolina,517065.0,48081.0,0.1166
2021,2,South Dakota,121347.66667,7953.0,0.0924
2021,2,South Dakota,16998.0,2591.0,0.1977
2021,2,South Dakota,104349.66667,5362.0,0.0735
2021,2,South Dakota,108510.0,5951.0,0.0774
2021,2,South Dakota,11891.0,1793.0,0.2173
2021,2,South Dakota,946.66666667,209.0,0.2325
2021,2,South Dakota,75748.666667,5474.0,0.1023
2021,2,South Dakota,45583.666667,2476.0,0.0762
2021,2,Tennessee,668828.33333,49128.0,0.0941
2021,2,Tennessee,90502.333333,13752.0,0.189
2021,2,Tennessee,578326.0,35376.0,0.0787
2021,2,Tennessee,585825.0,35273.0,0.0767
2021,2,Tennessee,75949.0,12942.0,0.2344
2021,2,Tennessee,7054.3333333,913.0,0.1339
2021,2,Tennessee,225697.66667,15181.0,0.0857
2021,2,Tennessee,442320.33333,33892.0,0.0984
2021,2,Territories,16843.666667,336.0,0.0373
2021,2,Texas,1968161.6667,277215.0,0.187
2021,2,Texas,270461.66667,62100.0,0.2833
2021,2,Texas,1697700.0,215115.0,0.1703
2021,2,Texas,1741585.6667,224555.0,0.1704
2021,2,Texas,195091.33333,43912.0,0.3271
2021,2,Texas,31484.666667,8748.0,0.2867
2021,2,Texas,391292.0,44125.0,0.1501
2021,2,Texas,1574288.0,232797.0,0.1962
2021,2,Utah,203837.33333,19674.0,0.1318
2021,2,Utah,22336.666667,4174.0,0.25
2021,2,Utah,181500.66667,15500.0,0.1169
2021,2,Utah,182554.66667,15083.0,0.1124
2021,2,Utah,19562.666667,4210.0,0.313
2021,2,Utah,1720.0,381.0,0.2372
2021,2,Utah,47858.333333,4346.0,0.1289
2021,2,Utah,155935.66667,15326.0,0.1326
2021,2,Vermont,111252.0,19094.0,0.233
2021,2,Vermont,23935.666667,6320.0,0.3395
2021,2,Vermont,87316.333333,12774.0,0.2017
2021,2,Vermont,95253.333333,14148.0,0.2012
2021,2,Vermont,15611.333333,4823.0,0.4281
2021,2,Vermont,387.33333333,123.0,0.3298
2021,2,Vermont,83354.333333,13835.0,0.2265
2021,2,Vermont,27559.333333,5166.0,0.2505
2021,2,Virgin Islands,12915.666667,734.0,0.0963
2021,2,Virginia,957535.66667,115465.0,0.1561
2021,2,Virginia,100848.66667,20787.0,0.2575
2021,2,Virginia,856687.0,94678.0,0.1437
2021,2,Virginia,864466.33333,94554.0,0.141
2021,2,Virginia,83945.666667,18861.0,0.3134
2021,2,Virginia,9123.6666667,2050.0,0.2313
2021,2,Virginia,171570.0,14449.0,0.1098
2021,2,Virginia,784356.33333,100809.0,0.1661
2021,2,Washington,737020.66667,88273.0,0.1715
2021,2,Washington,114287.66667,20842.0,0.261
2021,2,Washington,622733.0,67431.0,0.1551
2021,2,Washington,650980.66667,71003.0,0.1551
2021,2,Washington,79778.333333,15554.0,0.3053
2021,2,Washington,6261.6666667,1716.0,0.2885
2021,2,Washington,175113.66667,17630.0,0.1464
2021,2,Washington,561477.0,70607.0,0.1792
2021,2,West Virginia,225038.0,25912.0,0.1519
2021,2,West Virginia,52064.333333,10079.0,0.2472
2021,2,West Virginia,172973.66667,15833.0,0.122
2021,2,West Virginia,182143.0,17262.0,0.1239
2021,2,West Virginia,41131.666667,8229.0,0.2786
2021,2,West Virginia,1763.3333333,421.0,0.2479
2021,2,West Virginia,76407.333333,7564.0,0.1307
2021,2,West Virginia,148350.66667,18313.0,0.1628
2021,2,Wisconsin,544450.0,54415.0,0.1418
2021,2,Wisconsin,103429.33333,20151.0,0.2547
2021,2,Wisconsin,441020.66667,34264.0,0.1125
2021,2,Wisconsin,464533.0,37280.0,0.1143
2021,2,Wisconsin,74911.333333,16182.0,0.3063
2021,2,Wisconsin,5005.6666667,953.0,0.1984
2021,2,Wisconsin,210262.0,18656.0,0.1296
2021,2,Wisconsin,334091.0,35756.0,0.1491
2021,2,Wyoming,100793.0,6829.0,0.0981
2021,2,Wyoming,11915.333333,2022.0,0.2151
2021,2,Wyoming,88877.666667,4807.0,0.0798
2021,2,Wyoming,90000.333333,4918.0,0.0794
2021,2,Wyoming,10300.333333,1756.0,0.2437
2021,2,Wyoming,492.33333333,155.0,0.3312
2021,2,Wyoming,69756.666667,4669.0,0.0988
2021,2,Wyoming,31018.666667,2160.0,0.0965
2021,3,Alabama,454672.33333,41519.0,0.1162
2021,3,Alabama,80497.333333,9619.0,0.1518
2021,3,Alabama,374175.0,31900.0,0.1086
2021,3,Alabama,374900.33333,30767.0,0.1028
2021,3,Alabama,74217.333333,10057.0,0.1917
2021,3,Alabama,5554.6666667,695.0,0.1277
2021,3,Alabama,134238.66667,11675.0,0.1108
2021,3,Alabama,319398.33333,29719.0,0.1184
2021,3,Alaska,94065.666667,10897.0,0.1805
2021,3,Alaska,20280.0,3673.0,0.2544
2021,3,Alaska,73785.666667,7224.0,0.1573
2021,3,Alaska,83204.0,8617.0,0.1631
2021,3,Alaska,10163.333333,2166.0,0.3151
2021,3,Alaska,698.33333333,114.0,0.1717
2021,3,Alaska,44756.333333,5365.0,0.1878
2021,3,Alaska,45973.0,5171.0,0.1735
2021,3,Arizona,664226.0,88855.0,0.1788
2021,3,Arizona,69857.333333,13273.0,0.2734
2021,3,Arizona,594368.66667,75582.0,0.1685
2021,3,Arizona,616957.33333,77625.0,0.1672
2021,3,Arizona,41713.666667,9673.0,0.3549
2021,3,Arizona,5555.0,1557.0,0.2916
2021,3,Arizona,100524.66667,10794.0,0.1545
2021,3,Arizona,562259.66667,77936.0,0.1829
2021,3,Arkansas,384422.0,36034.0,0.1205
2021,3,Arkansas,66521.666667,9865.0,0.1886
2021,3,Arkansas,317900.33333,26169.0,0.106
2021,3,Arkansas,325755.33333,26729.0,0.1043
2021,3,Arkansas,55180.333333,8714.0,0.2198
2021,3,Arkansas,3486.3333333,591.0,0.1789
2021,3,Arkansas,173810.0,14714.0,0.1097
2021,3,Arkansas,208757.33333,21121.0,0.1291
2021,3,California,2887377.6667,617381.0,0.2932
2021,3,California,944944.0,260753.0,0.3698
2021,3,California,1942433.6667,356628.0,0.2546
2021,3,California,2533971.6667,507560.0,0.2739
2021,3,California,316545.0,97038.0,0.4459
2021,3,California,36861.0,12783.0,0.3616
2021,3,California,322886.0,60847.0,0.2639
2021,3,California,2562190.6667,556263.0,0.2968
2021,3,Colorado,441947.66667,46738.0,0.1472
2021,3,Colorado,72029.666667,13107.0,0.2507
2021,3,Colorado,369918.0,33631.0,0.1268
2021,3,Colorado,394762.0,36248.0,0.1274
2021,3,Colorado,44107.333333,9870.0,0.3271
2021,3,Colorado,3078.3333333,620.0,0.2153
2021,3,Colorado,113209.33333,9936.0,0.1281
2021,3,Colorado,328405.66667,36786.0,0.1534
2021,3,Connecticut,297441.66667,42430.0,0.1777
2021,3,Connecticut,81737.666667,18304.0,0.2741
2021,3,Connecticut,215704.0,24126.0,0.1402
2021,3,Connecticut,257135.33333,30670.0,0.1481
2021,3,Connecticut,37526.0,11193.0,0.3847
2021,3,Connecticut,2780.3333333,567.0,0.2094
2021,3,Connecticut,13084.0,1460.0,0.1413
2021,3,Connecticut,284241.33333,40962.0,0.1793
2021,3,Delaware,155232.33333,24483.0,0.1945
2021,3,Delaware,20870.333333,5150.0,0.3108
2021,3,Delaware,134362.0,19333.0,0.1769
2021,3,Delaware,139448.66667,19923.0,0.1753
2021,3,Delaware,14398.0,4178.0,0.3837
2021,3,Delaware,1385.6666667,382.0,0.2828
2021,3,Delaware,48132.333333,6572.0,0.1641
2021,3,Delaware,107030.66667,17903.0,0.2087
2021,3,District Of Columbia,55190.333333,10237.0,0.2544
2021,3,District Of Columbia,20911.0,4990.0,0.3185
2021,3,District Of Columbia,34279.333333,5247.0,0.2135
2021,3,District Of Columbia,46439.0,7794.0,0.2298
2021,3,District Of Columbia,7645.0,2158.0,0.4104
2021,3,District Of Columbia,1106.3333333,285.0,0.2659
2021,3,District Of Columbia,55173.666667,10235.0,0.2544
2021,3,Florida,2064253.0,269013.0,0.1616
2021,3,Florida,275395.33333,50603.0,0.2276
2021,3,Florida,1788857.6667,218410.0,0.1514
2021,3,Florida,1867771.3333,228021.0,0.1502
2021,3,Florida,177011.33333,36556.0,0.2862
2021,3,Florida,19470.333333,4436.0,0.2331
2021,3,Florida,80420.0,9464.0,0.1521
2021,3,Florida,1979884.0,259305.0,0.162
2021,3,Georgia,824034.66667,85648.0,0.1329
2021,3,Georgia,135643.66667,20518.0,0.1923
2021,3,Georgia,688391.0,65130.0,0.1211
2021,3,Georgia,712510.0,67197.0,0.1194
2021,3,Georgia,98793.0,16360.0,0.2352
2021,3,Georgia,12731.666667,2091.0,0.1702
2021,3,Georgia,164467.66667,15727.0,0.1207
2021,3,Georgia,658937.0,69848.0,0.136
2021,3,Hawaii,108857.66667,21609.0,0.2772
2021,3,Hawaii,12398.333333,2625.0,0.3219
2021,3,Hawaii,96459.333333,18984.0,0.272
2021,3,Hawaii,99672.0,19110.0,0.2664
2021,3,Hawaii,7179.0,1792.0,0.4143
2021,3,Hawaii,2006.6666667,707.0,0.3739
2021,3,Hawaii,35919.666667,5549.0,0.2268
2021,3,Hawaii,72889.333333,16059.0,0.3003
2021,3,Idaho,191338.66667,13675.0,0.1018
2021,3,Idaho,27950.333333,3478.0,0.1733
2021,3,Idaho,163388.33333,10197.0,0.0892
2021,3,Idaho,168313.0,10302.0,0.0871
2021,3,Idaho,21821.333333,3167.0,0.2122
2021,3,Idaho,1204.3333333,206.0,0.178
2021,3,Idaho,82143.666667,4871.0,0.0879
2021,3,Idaho,109171.66667,8803.0,0.1115
2021,3,Illinois,1316966.3333,127170.0,0.126
2021,3,Illinois,242346.66667,42507.0,0.2156
2021,3,Illinois,1074619.6667,84663.0,0.1042
2021,3,Illinois,1160990.3333,96066.0,0.1079
2021,3,Illinois,141666.33333,28240.0,0.2672
2021,3,Illinois,14309.666667,2864.0,0.2053
2021,3,Illinois,246931.66667,16683.0,0.0877
2021,3,Illinois,1069540.3333,110453.0,0.1348
2021,3,Indiana,685185.66667,58187.0,0.1088
2021,3,Indiana,116382.33333,19805.0,0.2068
2021,3,Indiana,568803.33333,38382.0,0.0874
2021,3,Indiana,592556.33333,41207.0,0.0887
2021,3,Indiana,86310.666667,16055.0,0.2504
2021,3,Indiana,6318.6666667,925.0,0.1519
2021,3,Indiana,197101.33333,14492.0,0.0945
2021,3,Indiana,487733.0,43665.0,0.1145
2021,3,Iowa,423756.0,23766.0,0.0732
2021,3,Iowa,53513.666667,8533.0,0.2013
2021,3,Iowa,370242.33333,15233.0,0.054
2021,3,Iowa,381475.0,17342.0,0.0591
2021,3,Iowa,39689.333333,6106.0,0.2113
2021,3,Iowa,2591.6666667,318.0,0.129
2021,3,Iowa,231989.33333,13218.0,0.0748
2021,3,Iowa,191576.66667,10501.0,0.071
2021,3,Kansas,371643.0,27027.0,0.0942
2021,3,Kansas,42667.333333,7435.0,0.2135
2021,3,Kansas,328975.66667,19592.0,0.0777
2021,3,Kansas,331619.33333,19900.0,0.0775
2021,3,Kansas,37332.0,6695.0,0.2429
2021,3,Kansas,2691.6666667,432.0,0.1671
2021,3,Kansas,176706.33333,12652.0,0.0933
2021,3,Kansas,194429.33333,14335.0,0.0949
2021,3,Kentucky,474017.66667,51710.0,0.1385
2021,3,Kentucky,105849.0,20808.0,0.2411
2021,3,Kentucky,368168.66667,30902.0,0.1077
2021,3,Kentucky,389705.66667,34936.0,0.1128
2021,3,Kentucky,80491.0,16119.0,0.2693
2021,3,Kentucky,3821.0,655.0,0.1763
2021,3,Kentucky,239503.66667,30424.0,0.1621
2021,3,Kentucky,232633.33333,20990.0,0.114
2021,3,Louisiana,410040.0,37323.0,0.1169
2021,3,Louisiana,100675.33333,13831.0,0.1742
2021,3,Louisiana,309364.66667,23492.0,0.0979
2021,3,Louisiana,341577.66667,26982.0,0.1005
2021,3,Louisiana,62363.0,9321.0,0.2074
2021,3,Louisiana,6099.3333333,1020.0,0.1719
2021,3,Louisiana,95085.0,8098.0,0.1085
2021,3,Louisiana,312834.33333,29001.0,0.1193
2021,3,Maine,161181.0,16378.0,0.1431
2021,3,Maine,48258.666667,7905.0,0.2145
2021,3,Maine,112922.33333,8473.0,0.1092
2021,3,Maine,130765.66667,10402.0,0.1117
2021,3,Maine,29464.666667,5811.0,0.2852
2021,3,Maine,950.66666667,165.0,0.1778
2021,3,Maine,91615.333333,8662.0,0.1335
2021,3,Maine,69530.0,7716.0,0.1558
2021,3,Maryland,756829.0,115124.0,0.1943
2021,3,Maryland,132215.0,30852.0,0.2916
2021,3,Maryland,624614.0,84272.0,0.1732
2021,3,Maryland,662832.66667,88357.0,0.1703
2021,3,Maryland,85562.666667,24858.0,0.3797
2021,3,Maryland,8433.6666667,1909.0,0.2347
2021,3,Maryland,44820.666667,4454.0,0.1229
2021,3,Maryland,711850.66667,110657.0,0.199
2021,3,Massachusetts,838920.33333,177785.0,0.2675
2021,3,Massachusetts,204542.66667,64207.0,0.3894
2021,3,Massachusetts,634377.66667,113578.0,0.2272
2021,3,Massachusetts,711230.33333,129501.0,0.2295
2021,3,Massachusetts,122617.33333,46760.0,0.4896
2021,3,Massachusetts,5072.6666667,1524.0,0.3061
2021,3,Massachusetts,33630.0,6802.0,0.2648
2021,3,Massachusetts,804996.0,170957.0,0.2676
2021,3,Michigan,893496.66667,117137.0,0.1728
2021,3,Michigan,181475.66667,40862.0,0.2798
2021,3,Michigan,712021.0,76275.0,0.1434
2021,3,Michigan,735715.66667,78806.0,0.1407
2021,3,Michigan,148028.0,36159.0,0.3341
2021,3,Michigan,9753.0,2172.0,0.2279
2021,3,Michigan,230950.66667,21924.0,0.1303
2021,3,Michigan,662287.33333,95184.0,0.1868
2021,3,Minnesota,432396.0,55005.0,0.1769
2021,3,Minnesota,77939.0,20198.0,0.3356
2021,3,Minnesota,354457.0,34807.0,0.1388
2021,3,Minnesota,356553.33333,34165.0,0.1337
2021,3,Minnesota,72000.333333,19750.0,0.3809
2021,3,Minnesota,3842.3333333,1090.0,0.3035
2021,3,Minnesota,165200.33333,14752.0,0.1253
2021,3,Minnesota,266977.0,40229.0,0.2083
2021,3,Mississippi,392500.66667,34799.0,0.1107
2021,3,Mississippi,90604.333333,10597.0,0.1417
2021,3,Mississippi,301896.33333,24202.0,0.1011
2021,3,Mississippi,325510.0,26380.0,0.1007
2021,3,Mississippi,61238.0,7709.0,0.1655
2021,3,Mississippi,5752.6666667,710.0,0.1254
2021,3,Mississippi,230714.66667,18366.0,0.0987
2021,3,Mississippi,160046.0,16312.0,0.1288
2021,3,Missouri,614560.33333,44731.0,0.0952
2021,3,Missouri,92435.666667,15200.0,0.2
2021,3,Missouri,522124.66667,29531.0,0.075
2021,3,Missouri,522189.0,29663.0,0.074
2021,3,Missouri,86005.666667,14073.0,0.2233
2021,3,Missouri,6365.6666667,995.0,0.164
2021,3,Missouri,227794.33333,15018.0,0.088
2021,3,Missouri,386677.33333,29710.0,0.0993
2021,3,Montana,170820.0,10555.0,0.0895
2021,3,Montana,24024.0,3135.0,0.1782
2021,3,Montana,146796.0,7420.0,0.0739
2021,3,Montana,153077.33333,7869.0,0.0743
2021,3,Montana,16879.666667,2577.0,0.2292
2021,3,Montana,863.0,109.0,0.1342
2021,3,Montana,116357.33333,7139.0,0.0902
2021,3,Montana,54443.666667,3415.0,0.088
2021,3,Nebraska,243879.0,13383.0,0.0734
2021,3,Nebraska,26535.333333,3993.0,0.1862
2021,3,Nebraska,217343.66667,9390.0,0.0583
2021,3,Nebraska,221682.66667,10010.0,0.0602
2021,3,Nebraska,20653.333333,3146.0,0.2132
2021,3,Nebraska,1543.0,227.0,0.156
2021,3,Nebraska,123425.66667,6233.0,0.0681
2021,3,Nebraska,120389.33333,7147.0,0.0786
2021,3,Nevada,263520.33333,31606.0,0.1676
2021,3,Nevada,43258.333333,9463.0,0.2906
2021,3,Nevada,220262.0,22143.0,0.1419
2021,3,Nevada,233763.0,24484.0,0.1465
2021,3,Nevada,26967.0,6374.0,0.3399
2021,3,Nevada,2790.3333333,748.0,0.281
2021,3,Nevada,47380.666667,3955.0,0.1205
2021,3,Nevada,215759.33333,27622.0,0.1776
2021,3,New Hampshire,202541.33333,25224.0,0.1677
2021,3,New Hampshire,26592.666667,7052.0,0.3338
2021,3,New Hampshire,175948.66667,18172.0,0.1405
2021,3,New Hampshire,175099.33333,17892.0,0.137
2021,3,New Hampshire,26514.0,7142.0,0.3768
2021,3,New Hampshire,928.0,190.0,0.2137
2021,3,New Hampshire,88267.666667,10132.0,0.1587
2021,3,New Hampshire,113800.33333,15018.0,0.1742
2021,3,New Jersey,906544.33333,130517.0,0.1792
2021,3,New Jersey,130842.0,28350.0,0.2611
2021,3,New Jersey,775702.33333,102167.0,0.1648
2021,3,New Jersey,808187.66667,104580.0,0.1604
2021,3,New Jersey,88936.0,24078.0,0.358
2021,3,New Jersey,9420.6666667,1859.0,0.2025
2021,3,New Jersey,10534.333333,1480.0,0.181
2021,3,New Jersey,894744.0,128966.0,0.1793
2021,3,New Mexico,217323.0,29526.0,0.1932
2021,3,New Mexico,48428.666667,8789.0,0.261
2021,3,New Mexico,168894.33333,20737.0,0.174
2021,3,New Mexico,188730.0,23349.0,0.1755
2021,3,New Mexico,26056.666667,5602.0,0.3233
2021,3,New Mexico,2536.3333333,575.0,0.2323
2021,3,New Mexico,89334.0,11206.0,0.1779
2021,3,New Mexico,127358.66667,18245.0,0.2041
2021,3,New York,1662948.6667,265533.0,0.2009
2021,3,New York,406293.33333,104125.0,0.3102
2021,3,New York,1256655.3333,161408.0,0.1637
2021,3,New York,1430945.3333,201163.0,0.1761
2021,3,New York,213365.0,60117.0,0.3738
2021,3,New York,18638.333333,4253.0,0.2319
2021,3,New York,200377.0,26451.0,0.1701
2021,3,New York,1461693.0,239015.0,0.205
2021,3,North Carolina,1021620.0,102390.0,0.127
2021,3,North Carolina,165030.0,27189.0,0.2052
2021,3,North Carolina,856590.0,75201.0,0.1116
2021,3,North Carolina,879020.0,75671.0,0.1084
2021,3,North Carolina,130674.0,24510.0,0.2539
2021,3,North Carolina,11926.0,2209.0,0.1901
2021,3,North Carolina,307672.66667,28580.0,0.1174
2021,3,North Carolina,712673.0,73641.0,0.1311
2021,3,North Dakota,95231.0,4918.0,0.0709
2021,3,North Dakota,13381.666667,1846.0,0.1722
2021,3,North Dakota,81849.333333,3072.0,0.0524
2021,3,North Dakota,84691.666667,3483.0,0.0566
2021,3,North Dakota,9840.3333333,1339.0,0.188
2021,3,North Dakota,699.0,96.0,0.1446
2021,3,North Dakota,56335.666667,3170.0,0.0787
2021,3,North Dakota,38832.666667,1745.0,0.0601
2021,3,Ohio,1057172.0,99478.0,0.1215
2021,3,Ohio,151867.66667,28507.0,0.2319
2021,3,Ohio,905304.33333,70971.0,0.102
2021,3,Ohio,922376.0,73114.0,0.1016
2021,3,Ohio,126152.66667,24872.0,0.2728
2021,3,Ohio,8643.3333333,1492.0,0.1793
2021,3,Ohio,302408.33333,26686.0,0.1145
2021,3,Ohio,754228.0,72733.0,0.1242
2021,3,Oklahoma,462877.33333,42923.0,0.1189
2021,3,Oklahoma,74628.666667,12121.0,0.1998
2021,3,Oklahoma,388248.66667,30802.0,0.1026
2021,3,Oklahoma,395770.66667,31755.0,0.1022
2021,3,Oklahoma,62406.666667,10245.0,0.2236
2021,3,Oklahoma,4700.0,923.0,0.2052
2021,3,Oklahoma,223404.66667,19344.0,0.1112
2021,3,Oklahoma,238434.66667,23438.0,0.1259
2021,3,Oregon,390745.66667,51836.0,0.1933
2021,3,Oregon,78239.666667,14689.0,0.2801
2021,3,Oregon,312506.0,37147.0,0.1722
2021,3,Oregon,336606.33333,39573.0,0.1704
2021,3,Oregon,51106.0,11462.0,0.3469
2021,3,Oregon,3033.3333333,801.0,0.2799
2021,3,Oregon,164388.66667,18056.0,0.1617
2021,3,Oregon,226301.0,33777.0,0.2159
2021,3,Pennsylvania,1269855.6667,139694.0,0.1407
2021,3,Pennsylvania,200560.66667,40548.0,0.2597
2021,3,Pennsylvania,1069295.0,99146.0,0.1185
2021,3,Pennsylvania,1108774.3333,102083.0,0.1169
2021,3,Pennsylvania,150145.0,35270.0,0.3226
2021,3,Pennsylvania,10936.333333,2341.0,0.2198
2021,3,Pennsylvania,182391.66667,16080.0,0.1139
2021,3,Pennsylvania,1086957.0,123584.0,0.1451
2021,3,Puerto Rico,40699.333333,3821.0,0.1428
2021,3,Rhode Island,88298.333333,13859.0,0.2008
2021,3,Rhode Island,14968.0,3474.0,0.3119
2021,3,Rhode Island,73330.333333,10385.0,0.1794
2021,3,Rhode Island,76509.333333,10850.0,0.1775
2021,3,Rhode Island,11132.333333,2885.0,0.3972
2021,3,Rhode Island,656.66666667,124.0,0.1984
2021,3,Rhode Island,211.66666667,21.0,0.1419
2021,3,Rhode Island,88073.333333,13838.0,0.2009
2021,3,South Carolina,644172.66667,54901.0,0.1058
2021,3,South Carolina,59908.0,7994.0,0.1651
2021,3,South Carolina,584264.66667,46907.0,0.0997
2021,3,South Carolina,573651.0,45055.0,0.0965
2021,3,South Carolina,63936.333333,8632.0,0.1878
2021,3,South Carolina,6585.3333333,1214.0,0.1892
2021,3,South Carolina,124714.33333,9151.0,0.0923
2021,3,South Carolina,519108.33333,45735.0,0.109
2021,3,South Dakota,122319.66667,6478.0,0.0743
2021,3,South Dakota,16809.333333,1899.0,0.1466
2021,3,South Dakota,105510.33333,4579.0,0.0617
2021,3,South Dakota,109433.66667,4892.0,0.0627
2021,3,South Dakota,11964.333333,1367.0,0.164
2021,3,South Dakota,921.66666667,219.0,0.2489
2021,3,South Dakota,76376.666667,4535.0,0.0836
2021,3,South Dakota,45928.0,1941.0,0.0589
2021,3,Tennessee,670463.33333,48259.0,0.0914
2021,3,Tennessee,87736.333333,11917.0,0.1692
2021,3,Tennessee,582727.0,36342.0,0.0794
2021,3,Tennessee,588451.0,36124.0,0.0774
2021,3,Tennessee,75315.666667,11223.0,0.2055
2021,3,Tennessee,6696.6666667,912.0,0.1417
2021,3,Tennessee,225513.66667,14372.0,0.0806
2021,3,Tennessee,444127.0,33829.0,0.0969
2021,3,Territories,17255.0,384.0,0.0425
2021,3,Texas,1979541.6667,269523.0,0.1799
2021,3,Texas,262628.0,57233.0,0.269
2021,3,Texas,1716913.6667,212290.0,0.1651
2021,3,Texas,1755124.3333,220065.0,0.1648
2021,3,Texas,194037.33333,41115.0,0.3086
2021,3,Texas,30380.0,8343.0,0.2836
2021,3,Texas,391579.33333,45084.0,0.152
2021,3,Texas,1585370.6667,224129.0,0.1868
2021,3,Utah,205177.33333,17567.0,0.1159
2021,3,Utah,22076.666667,3730.0,0.2246
2021,3,Utah,183100.66667,13837.0,0.1025
2021,3,Utah,183964.0,13444.0,0.0985
2021,3,Utah,19520.333333,3796.0,0.2824
2021,3,Utah,1693.0,327.0,0.2067
2021,3,Utah,48253.666667,4073.0,0.1189
2021,3,Utah,156881.66667,13492.0,0.115
2021,3,Vermont,111948.0,14105.0,0.1706
2021,3,Vermont,23441.666667,4786.0,0.2625
2021,3,Vermont,88506.333333,9319.0,0.1446
2021,3,Vermont,95959.0,10178.0,0.1432
2021,3,Vermont,15622.666667,3844.0,0.3413
2021,3,Vermont,366.33333333,83.0,0.2299
2021,3,Vermont,83810.333333,10425.0,0.169
2021,3,Vermont,27801.666667,3609.0,0.1738
2021,3,Virgin Islands,13012.0,843.0,0.1084
2021,3,Virginia,961277.0,97413.0,0.1294
2021,3,Virginia,96935.333333,16902.0,0.2179
2021,3,Virginia,864341.66667,80511.0,0.1192
2021,3,Virginia,869431.0,79786.0,0.1165
2021,3,Virginia,83128.333333,16011.0,0.2679
2021,3,Virginia,8717.6666667,1616.0,0.1921
2021,3,Virginia,171095.0,12820.0,0.0959
2021,3,Virginia,788575.66667,84420.0,0.1366
2021,3,Washington,741040.0,77543.0,0.1497
2021,3,Washington,113072.33333,17636.0,0.2251
2021,3,Washington,627967.66667,59907.0,0.1362
2021,3,Washington,655239.66667,62562.0,0.1354
2021,3,Washington,79763.333333,13551.0,0.2687
2021,3,Washington,6037.0,1430.0,0.2494
2021,3,Washington,176211.33333,16146.0,0.1333
2021,3,Washington,564398.0,61363.0,0.1546
2021,3,West Virginia,224635.66667,23676.0,0.138
2021,3,West Virginia,50494.0,8948.0,0.2256
2021,3,West Virginia,174141.66667,14728.0,0.1117
2021,3,West Virginia,182466.33333,16022.0,0.1139
2021,3,West Virginia,40511.0,7303.0,0.2496
2021,3,West Virginia,1658.3333333,351.0,0.2164
2021,3,West Virginia,76152.0,7299.0,0.1256
2021,3,West Virginia,148205.33333,16349.0,0.1444
2021,3,Wisconsin,546908.33333,45531.0,0.1165
2021,3,Wisconsin,101892.0,16694.0,0.2143
2021,3,Wisconsin,445016.33333,28837.0,0.0921
2021,3,Wisconsin,467230.33333,31085.0,0.0931
2021,3,Wisconsin,74859.0,13668.0,0.2605
2021,3,Wisconsin,4819.0,778.0,0.169
2021,3,Wisconsin,211265.0,15675.0,0.1071
2021,3,Wisconsin,335549.33333,29851.0,0.1221
2021,3,Wyoming,102159.0,6127.0,0.0869
2021,3,Wyoming,11865.333333,1833.0,0.1969
2021,3,Wyoming,90293.666667,4294.0,0.0701
2021,3,Wyoming,91204.0,4424.0,0.0705
2021,3,Wyoming,10467.333333,1558.0,0.213
2021,3,Wyoming,487.66666667,145.0,0.3159
2021,3,Wyoming,70787.666667,4249.0,0.0886
2021,3,Wyoming,31353.333333,1877.0,0.0832
2021,4,Alabama,451456.0,35065.0,0.0998
2021,4,Alabama,78032.0,7963.0,0.1327
2021,4,Alabama,373424.0,27102.0,0.0931
2021,4,Alabama,372524.66667,25662.0,0.0869
2021,4,Alabama,73684.333333,8792.0,0.1731
2021,4,Alabama,5247.0,611.0,0.1218
2021,4,Alabama,132890.33333,9490.0,0.0917
2021,4,Alabama,317541.33333,25492.0,0.1032
2021,4,Alaska,94822.333333,11305.0,0.1886
2021,4,Alaska,20332.0,3684.0,0.2636
2021,4,Alaska,74490.333333,7621.0,0.1658
2021,4,Alaska,83848.0,8984.0,0.1711
2021,4,Alaska,10306.333333,2206.0,0.3242
2021,4,Alaska,668.0,115.0,0.184
2021,4,Alaska,45172.0,5418.0,0.1901
2021,4,Alaska,46295.333333,5520.0,0.1871
2021,4,Arizona,666054.33333,85835.0,0.1707
2021,4,Arizona,68895.666667,12515.0,0.2673
2021,4,Arizona,597158.66667,73320.0,0.1607
2021,4,Arizona,619171.33333,75271.0,0.1596
2021,4,Arizona,41566.0,9175.0,0.3484
2021,4,Arizona,5317.0,1389.0,0.2737
2021,4,Arizona,100385.33333,10600.0,0.1519
2021,4,Arizona,564236.0,75119.0,0.1738
2021,4,Arkansas,383312.0,31750.0,0.1073
2021,4,Arkansas,65077.0,8443.0,0.1687
2021,4,Arkansas,318235.0,23307.0,0.0948
2021,4,Arkansas,325165.66667,23579.0,0.0927
2021,4,Arkansas,54836.666667,7654.0,0.1999
2021,4,Arkansas,3309.6666667,517.0,0.1672
2021,4,Arkansas,173041.0,13058.0,0.0984
2021,4,Arkansas,208439.66667,18536.0,0.1146
2021,4,California,2897828.0,585595.0,0.2801
2021,4,California,945225.33333,244593.0,0.3527
2021,4,California,1952602.6667,341002.0,0.244
2021,4,California,2543966.3333,481400.0,0.2612
2021,4,California,318342.33333,92762.0,0.4333
2021,4,California,35519.333333,11433.0,0.3369
2021,4,California,323694.66667,59014.0,0.2583
2021,4,California,2571889.6667,526327.0,0.2828
2021,4,Colorado,444390.33333,49338.0,0.1555
2021,4,Colorado,71764.0,13204.0,0.2579
2021,4,Colorado,372626.33333,36134.0,0.1357
2021,4,Colorado,397373.0,38930.0,0.1366
2021,4,Colorado,44081.333333,9798.0,0.3313
2021,4,Colorado,2936.0,610.0,0.2228
2021,4,Colorado,114017.0,10720.0,0.1376
2021,4,Colorado,330041.66667,38599.0,0.1613
2021,4,Connecticut,295872.33333,43355.0,0.1819
2021,4,Connecticut,80017.333333,18042.0,0.2773
2021,4,Connecticut,215855.0,25313.0,0.1461
2021,4,Connecticut,255845.0,31781.0,0.1535
2021,4,Connecticut,37377.666667,11019.0,0.3833
2021,4,Connecticut,2649.6666667,555.0,0.2174
2021,4,Connecticut,13012.0,1606.0,0.1556
2021,4,Connecticut,282746.0,41745.0,0.1831
2021,4,Delaware,155723.33333,23684.0,0.1857
2021,4,Delaware,20693.666667,5032.0,0.3055
2021,4,Delaware,135029.66667,18652.0,0.1679
2021,4,Delaware,139949.0,19111.0,0.1657
2021,4,Delaware,14452.333333,4252.0,0.389
2021,4,Delaware,1322.0,321.0,0.2524
2021,4,Delaware,48408.333333,6474.0,0.1579
2021,4,Delaware,107246.33333,17196.0,0.1988
2021,4,District Of Columbia,55073.0,9236.0,0.2311
2021,4,District Of Columbia,20700.666667,4363.0,0.287
2021,4,District Of Columbia,34372.333333,4873.0,0.1968
2021,4,District Of Columbia,46397.0,7105.0,0.2099
2021,4,District Of Columbia,7612.6666667,1884.0,0.3697
2021,4,District Of Columbia,1063.3333333,247.0,0.2414
2021,4,District Of Columbia,55057.666667,9235.0,0.2311
2021,4,Florida,2060120.0,229395.0,0.1374
2021,4,Florida,268173.33333,42676.0,0.2004
2021,4,Florida,1791946.6667,186719.0,0.1281
2021,4,Florida,1864990.3333,193758.0,0.1268
2021,4,Florida,176695.0,32135.0,0.2578
2021,4,Florida,18434.666667,3502.0,0.1978
2021,4,Florida,80003.0,7714.0,0.1249
2021,4,Florida,1976202.3333,221499.0,0.1379
2021,4,Georgia,822735.0,76719.0,0.1206
2021,4,Georgia,132018.33333,17356.0,0.1704
2021,4,Georgia,690716.66667,59363.0,0.1111
2021,4,Georgia,712098.33333,60356.0,0.1083
2021,4,Georgia,98552.666667,14569.0,0.2166
2021,4,Georgia,12084.0,1794.0,0.1569
2021,4,Georgia,163326.33333,12372.0,0.0969
2021,4,Georgia,658784.0,64297.0,0.1266
2021,4,Hawaii,109004.0,19095.0,0.2487
2021,4,Hawaii,12304.333333,2331.0,0.301
2021,4,Hawaii,96699.666667,16764.0,0.2429
2021,4,Hawaii,99842.333333,16899.0,0.2386
2021,4,Hawaii,7232.6666667,1597.0,0.3825
2021,4,Hawaii,1929.0,599.0,0.3401
2021,4,Hawaii,35995.666667,4951.0,0.2052
2021,4,Hawaii,72961.0,14144.0,0.2687
2021,4,Idaho,191735.33333,14827.0,0.1107
2021,4,Idaho,27592.333333,3574.0,0.1846
2021,4,Idaho,164143.0,11253.0,0.0982
2021,4,Idaho,168696.0,11339.0,0.0959
2021,4,Idaho,21892.333333,3304.0,0.2259
2021,4,Idaho,1147.0,184.0,0.1696
2021,4,Idaho,82306.0,5224.0,0.0948
2021,4,Idaho,109405.66667,9603.0,0.1218
2021,4,Illinois,1301240.3333,128090.0,0.1284
2021,4,Illinois,221652.66667,39163.0,0.2155
2021,4,Illinois,1079587.6667,88927.0,0.109
2021,4,Illinois,1155591.6667,99084.0,0.1117
2021,4,Illinois,132298.33333,26323.0,0.2699
2021,4,Illinois,13350.333333,2683.0,0.2054
2021,4,Illinois,237233.66667,15426.0,0.0847
2021,4,Illinois,1063538.3333,112618.0,0.1381
2021,4,Indiana,685441.33333,58526.0,0.1102
2021,4,Indiana,113210.66667,19080.0,0.2087
2021,4,Indiana,572230.66667,39446.0,0.0897
2021,4,Indiana,593470.0,42057.0,0.0908
2021,4,Indiana,85984.333333,15598.0,0.2498
2021,4,Indiana,5987.0,871.0,0.1544
2021,4,Indiana,196892.0,14920.0,0.0981
2021,4,Indiana,488206.0,43574.0,0.115
2021,4,Iowa,424776.66667,24681.0,0.0757
2021,4,Iowa,52950.0,8256.0,0.1994
2021,4,Iowa,371826.66667,16425.0,0.0577
2021,4,Iowa,382462.33333,18586.0,0.063
2021,4,Iowa,39831.666667,5814.0,0.2034
2021,4,Iowa,2482.6666667,281.0,0.1187
2021,4,Iowa,232360.0,13817.0,0.078
2021,4,Iowa,192232.66667,10825.0,0.0729
2021,4,Kansas,372497.66667,26315.0,0.0916
2021,4,Kansas,41741.333333,6999.0,0.2087
2021,4,Kansas,330756.33333,19316.0,0.0761
2021,4,Kansas,332543.33333,19517.0,0.0757
2021,4,Kansas,37387.333333,6448.0,0.238
2021,4,Kansas,2567.0,350.0,0.1426
2021,4,Kansas,176938.33333,12434.0,0.092
2021,4,Kansas,195052.66667,13831.0,0.0912
2021,4,Kentucky,471188.66667,48128.0,0.1311
2021,4,Kentucky,103677.66667,18740.0,0.2262
2021,4,Kentucky,367511.0,29388.0,0.1033
2021,4,Kentucky,387839.66667,32735.0,0.107
2021,4,Kentucky,79743.0,14809.0,0.2564
2021,4,Kentucky,3606.0,584.0,0.169
2021,4,Kentucky,236923.66667,27428.0,0.1494
2021,4,Kentucky,232415.66667,20433.0,0.1122
2021,4,Louisiana,409616.33333,29050.0,0.0912
2021,4,Louisiana,99405.666667,10903.0,0.1409
2021,4,Louisiana,310210.66667,18147.0,0.0752
2021,4,Louisiana,341656.66667,20674.0,0.0769
2021,4,Louisiana,62190.666667,7745.0,0.1759
2021,4,Louisiana,5769.0,631.0,0.1135
2021,4,Louisiana,94503.333333,6041.0,0.0823
2021,4,Louisiana,313022.33333,22849.0,0.0938
2021,4,Maine,159897.0,16832.0,0.1486
2021,4,Maine,47176.333333,8001.0,0.2253
2021,4,Maine,112720.66667,8831.0,0.1135
2021,4,Maine,129770.0,10821.0,0.1168
2021,4,Maine,29224.333333,5840.0,0.2951
2021,4,Maine,902.66666667,171.0,0.1995
2021,4,Maine,90792.666667,8986.0,0.1399
2021,4,Maine,69068.333333,7845.0,0.1598
2021,4,Maryland,760069.33333,114883.0,0.1925
2021,4,Maryland,132582.33333,30435.0,0.2886
2021,4,Maryland,627487.0,84448.0,0.1719
2021,4,Maryland,665684.33333,88476.0,0.1689
2021,4,Maryland,86216.666667,24619.0,0.3769
2021,4,Maryland,8168.3333333,1788.0,0.2281
2021,4,Maryland,45000.0,4430.0,0.1215
2021,4,Maryland,714920.66667,110441.0,0.1971
2021,4,Massachusetts,841480.33333,173883.0,0.2586
2021,4,Massachusetts,203898.66667,61660.0,0.3772
2021,4,Massachusetts,637581.66667,112223.0,0.2205
2021,4,Massachusetts,713224.66667,127131.0,0.2223
2021,4,Massachusetts,123377.0,45390.0,0.4746
2021,4,Massachusetts,4878.6666667,1362.0,0.2865
2021,4,Massachusetts,33757.0,6741.0,0.2569
2021,4,Massachusetts,807442.33333,167112.0,0.2587
2021,4,Michigan,892671.0,126647.0,0.1872
2021,4,Michigan,178141.33333,40645.0,0.2873
2021,4,Michigan,714529.66667,86002.0,0.1607
2021,4,Michigan,735949.0,88100.0,0.1569
2021,4,Michigan,147390.0,36481.0,0.3439
2021,4,Michigan,9332.0,2066.0,0.2287
2021,4,Michigan,230478.0,25703.0,0.1538
2021,4,Michigan,661936.66667,100906.0,0.1981
2021,4,Minnesota,432737.33333,56371.0,0.1813
2021,4,Minnesota,77160.666667,19841.0,0.3381
2021,4,Minnesota,355576.66667,36530.0,0.1448
2021,4,Minnesota,356745.0,35781.0,0.1397
2021,4,Minnesota,72280.333333,19574.0,0.3817
2021,4,Minnesota,3712.0,1016.0,0.2921
2021,4,Minnesota,165198.33333,15489.0,0.1324
2021,4,Minnesota,267321.66667,40859.0,0.2108
2021,4,Mississippi,390567.0,26917.0,0.0868
2021,4,Mississippi,88262.0,8118.0,0.1137
2021,4,Mississippi,302305.0,18799.0,0.0787
2021,4,Mississippi,324302.66667,20365.0,0.0784
2021,4,Mississippi,60805.666667,6008.0,0.1332
2021,4,Mississippi,5458.6666667,544.0,0.1033
2021,4,Mississippi,229289.66667,14197.0,0.0774
2021,4,Mississippi,159556.66667,12639.0,0.1009
2021,4,Missouri,613828.33333,42827.0,0.0917
2021,4,Missouri,90012.666667,13545.0,0.1855
2021,4,Missouri,523815.66667,29282.0,0.0743
2021,4,Missouri,522137.66667,28966.0,0.0725
2021,4,Missouri,85618.333333,13061.0,0.2126
2021,4,Missouri,6072.3333333,800.0,0.1396
2021,4,Missouri,226887.33333,13792.0,0.0816
2021,4,Missouri,386854.66667,29030.0,0.0975
2021,4,Montana,171509.33333,11544.0,0.098
2021,4,Montana,23872.666667,3181.0,0.1856
2021,4,Montana,147636.66667,8363.0,0.0831
2021,4,Montana,153760.66667,8803.0,0.0831
2021,4,Montana,16928.333333,2616.0,0.2354
2021,4,Montana,820.33333333,125.0,0.163
2021,4,Montana,116917.0,7906.0,0.0999
2021,4,Montana,54573.333333,3637.0,0.0942
2021,4,Nebraska,244303.0,14573.0,0.0798
2021,4,Nebraska,26195.666667,3979.0,0.1901
2021,4,Nebraska,218107.33333,10594.0,0.0655
2021,4,Nebraska,222106.0,11186.0,0.0671
2021,4,Nebraska,20720.333333,3179.0,0.2186
2021,4,Nebraska,1476.6666667,208.0,0.1523
2021,4,Nebraska,123306.0,7083.0,0.0773
2021,4,Nebraska,120930.0,7487.0,0.0823
2021,4,Nevada,263751.0,29943.0,0.1605
2021,4,Nevada,42461.0,8889.0,0.2857
2021,4,Nevada,221290.0,21054.0,0.1355
2021,4,Nevada,234113.0,23360.0,0.1408
2021,4,Nevada,26960.333333,5971.0,0.3286
2021,4,Nevada,2677.6666667,612.0,0.2435
2021,4,Nevada,47432.0,3821.0,0.1173
2021,4,Nevada,215940.33333,26099.0,0.1697
2021,4,New Hampshire,202958.33333,27089.0,0.1784
2021,4,New Hampshire,26242.0,7208.0,0.35
2021,4,New Hampshire,176716.33333,19881.0,0.1515
2021,4,New Hampshire,175598.0,19517.0,0.1475
2021,4,New Hampshire,26469.333333,7371.0,0.3946
2021,4,New Hampshire,891.0,201.0,0.2351
2021,4,New Hampshire,88375.666667,10974.0,0.1699
2021,4,New Hampshire,114113.33333,16035.0,0.1845
2021,4,New Jersey,908925.0,137016.0,0.1858
2021,4,New Jersey,129547.66667,27782.0,0.2592
2021,4,New Jersey,779377.33333,109234.0,0.1733
2021,4,New Jersey,810664.33333,111198.0,0.1681
2021,4,New Jersey,89232.666667,24064.0,0.3583
2021,4,New Jersey,9028.0,1754.0,0.2001
2021,4,New Jersey,10510.333333,1518.0,0.1872
2021,4,New Jersey,897191.66667,135422.0,0.1859
2021,4,New Mexico,217419.66667,29364.0,0.1951
2021,4,New Mexico,47991.0,8407.0,0.2596
2021,4,New Mexico,169428.66667,20957.0,0.1774
2021,4,New Mexico,189081.0,23508.0,0.1789
2021,4,New Mexico,25909.666667,5349.0,0.3196
2021,4,New Mexico,2429.0,507.0,0.2159
2021,4,New Mexico,89090.0,11601.0,0.1874
2021,4,New Mexico,127703.0,17690.0,0.2006
2021,4,New York,1663551.3333,277439.0,0.2076
2021,4,New York,400418.0,102179.0,0.3104
2021,4,New York,1263133.3333,175260.0,0.174
2021,4,New York,1432352.3333,213420.0,0.1842
2021,4,New York,213437.66667,60023.0,0.375
2021,4,New York,17761.333333,3996.0,0.23
2021,4,New York,199936.33333,28504.0,0.1834
2021,4,New York,1462743.0,248874.0,0.2108
2021,4,North Carolina,1019566.6667,96345.0,0.1209
2021,4,North Carolina,160571.33333,24897.0,0.1977
2021,4,North Carolina,858995.33333,71448.0,0.1065
2021,4,North Carolina,878469.66667,71323.0,0.103
2021,4,North Carolina,129783.33333,23049.0,0.2469
2021,4,North Carolina,11313.666667,1973.0,0.1817
2021,4,North Carolina,306082.0,26768.0,0.1116
2021,4,North Carolina,712240.66667,69462.0,0.1249
2021,4,North Dakota,95571.0,4735.0,0.0679
2021,4,North Dakota,13270.333333,1853.0,0.1775
2021,4,North Dakota,82300.666667,2882.0,0.0486
2021,4,North Dakota,84986.333333,3280.0,0.0529
2021,4,North Dakota,9911.3333333,1353.0,0.191
2021,4,North Dakota,673.33333333,102.0,0.1619
2021,4,North Dakota,56508.0,3030.0,0.0747
2021,4,North Dakota,39001.666667,1702.0,0.0585
2021,4,Ohio,1058121.3333,108186.0,0.1329
2021,4,Ohio,148754.0,28511.0,0.2429
2021,4,Ohio,909367.33333,79675.0,0.1143
2021,4,Ohio,924192.33333,81680.0,0.1138
2021,4,Ohio,125835.66667,25081.0,0.283
2021,4,Ohio,8093.3333333,1425.0,0.1863
2021,4,Ohio,301936.33333,28797.0,0.1244
2021,4,Ohio,755654.66667,79343.0,0.1362
2021,4,Oklahoma,462044.33333,39785.0,0.1117
2021,4,Oklahoma,72779.666667,10876.0,0.1872
2021,4,Oklahoma,389264.66667,28909.0,0.097
2021,4,Oklahoma,395362.66667,29544.0,0.096
2021,4,Oklahoma,62211.333333,9489.0,0.2138
2021,4,Oklahoma,4470.3333333,752.0,0.1785
2021,4,Oklahoma,222532.66667,17923.0,0.1044
2021,4,Oklahoma,238486.66667,21742.0,0.1183
2021,4,Oregon,391717.33333,51478.0,0.1932
2021,4,Oregon,78211.0,14188.0,0.2772
2021,4,Oregon,313506.33333,37290.0,0.1732
2021,4,Oregon,337365.66667,39575.0,0.1712
2021,4,Oregon,51434.333333,11129.0,0.3414
2021,4,Oregon,2917.3333333,774.0,0.2829
2021,4,Oregon,164851.0,18090.0,0.1627
2021,4,Oregon,226809.66667,33387.0,0.2151
2021,4,Pennsylvania,1274876.3333,148807.0,0.1485
2021,4,Pennsylvania,199189.66667,39303.0,0.2559
2021,4,Pennsylvania,1075686.6667,109504.0,0.1291
2021,4,Pennsylvania,1113738.0,111832.0,0.1266
2021,4,Pennsylvania,150683.0,34745.0,0.3196
2021,4,Pennsylvania,10455.333333,2230.0,0.2203
2021,4,Pennsylvania,182551.66667,18317.0,0.1297
2021,4,Pennsylvania,1091834.3333,130463.0,0.1516
2021,4,Puerto Rico,39680.0,3279.0,0.1277
2021,4,Rhode Island,88006.666667,14107.0,0.2051
2021,4,Rhode Island,14521.0,3336.0,0.3129
2021,4,Rhode Island,73485.666667,10771.0,0.1854
2021,4,Rhode Island,76416.0,11245.0,0.1838
2021,4,Rhode Island,10972.666667,2742.0,0.3915
2021,4,Rhode Island,618.0,120.0,0.2037
2021,4,Rhode Island,213.0,23.0,0.1353
2021,4,Rhode Island,87780.333333,14084.0,0.2053
2021,4,South Carolina,644306.0,49586.0,0.0964
2021,4,South Carolina,58189.666667,7212.0,0.1569
2021,4,South Carolina,586116.33333,42374.0,0.0905
2021,4,South Carolina,574396.66667,40666.0,0.0877
2021,4,South Carolina,63668.666667,7724.0,0.173
2021,4,South Carolina,6240.6666667,1196.0,0.1994
2021,4,South Carolina,124305.0,8372.0,0.0857
2021,4,South Carolina,519654.66667,41202.0,0.0989
2021,4,South Dakota,122647.33333,6624.0,0.0752
2021,4,South Dakota,16545.0,1813.0,0.1435
2021,4,South Dakota,106102.33333,4811.0,0.0638
2021,4,South Dakota,109765.66667,5138.0,0.0651
2021,4,South Dakota,12003.0,1346.0,0.1628
2021,4,South Dakota,878.66666667,140.0,0.1677
2021,4,South Dakota,76572.0,4798.0,0.0874
2021,4,South Dakota,46061.0,1825.0,0.055
2021,4,Tennessee,670241.0,45332.0,0.0865
2021,4,Tennessee,85399.0,10811.0,0.1611
2021,4,Tennessee,584842.0,34521.0,0.0755
2021,4,Tennessee,588909.33333,34205.0,0.0735
2021,4,Tennessee,74966.333333,10304.0,0.1947
2021,4,Tennessee,6365.3333333,823.0,0.1359
2021,4,Tennessee,224647.33333,13174.0,0.0747
2021,4,Tennessee,444772.33333,32106.0,0.0924
2021,4,Territories,17330.666667,384.0,0.0432
2021,4,Texas,1979485.6667,244023.0,0.1638
2021,4,Texas,255141.66667,50716.0,0.2492
2021,4,Texas,1724344.0,193307.0,0.1503
2021,4,Texas,1757198.3333,200021.0,0.1501
2021,4,Texas,193345.66667,37407.0,0.2887
2021,4,Texas,28941.666667,6595.0,0.2399
2021,4,Texas,389968.66667,40368.0,0.1376
2021,4,Texas,1586941.0,203390.0,0.1702
2021,4,Utah,205382.66667,18165.0,0.12
2021,4,Utah,21873.666667,3644.0,0.227
2021,4,Utah,183509.0,14521.0,0.1073
2021,4,Utah,184224.33333,14234.0,0.104
2021,4,Utah,19537.666667,3636.0,0.2791
2021,4,Utah,1620.6666667,295.0,0.2018
2021,4,Utah,48426.666667,4403.0,0.1283
2021,4,Utah,156917.33333,13761.0,0.1175
2021,4,Vermont,112118.33333,14533.0,0.1757
2021,4,Vermont,22955.0,4884.0,0.2759
2021,4,Vermont,89163.333333,9649.0,0.1484
2021,4,Vermont,96163.0,10544.0,0.148
2021,4,Vermont,15605.333333,3898.0,0.35
2021,4,Vermont,350.0,91.0,0.2676
2021,4,Vermont,83821.333333,10880.0,0.1768
2021,4,Vermont,27963.333333,3591.0,0.1716
2021,4,Virgin Islands,13027.0,713.0,0.0928
2021,4,Virginia,961725.33333,95871.0,0.1281
2021,4,Virginia,93801.333333,15751.0,0.2134
2021,4,Virginia,867924.0,80120.0,0.1188
2021,4,Virginia,870648.0,79193.0,0.1161
2021,4,Virginia,82799.666667,15248.0,0.2626
2021,4,Virginia,8277.6666667,1430.0,0.1802
2021,4,Virginia,170312.0,12756.0,0.0968
2021,4,Virginia,789819.66667,82946.0,0.1348
2021,4,Washington,741723.0,80272.0,0.1567
2021,4,Washington,112124.66667,17575.0,0.2326
2021,4,Washington,629598.33333,62697.0,0.1436
2021,4,Washington,656141.66667,65108.0,0.1423
2021,4,Washington,79818.0,13700.0,0.2781
2021,4,Washington,5763.3333333,1464.0,0.2699
2021,4,Washington,176642.66667,16895.0,0.141
2021,4,Washington,564654.33333,63348.0,0.1615
2021,4,West Virginia,223805.66667,25126.0,0.1482
2021,4,West Virginia,49341.0,9122.0,0.2393
2021,4,West Virginia,174464.66667,16004.0,0.1217
2021,4,West Virginia,181955.33333,17410.0,0.1247
2021,4,West Virginia,40292.0,7364.0,0.2586
2021,4,West Virginia,1558.3333333,352.0,0.2355
2021,4,West Virginia,75787.333333,7787.0,0.1352
2021,4,West Virginia,147743.66667,17306.0,0.1548
2021,4,Wisconsin,547868.33333,46504.0,0.1191
2021,4,Wisconsin,100589.66667,16511.0,0.2187
2021,4,Wisconsin,447278.66667,29993.0,0.0953
2021,4,Wisconsin,468252.66667,32100.0,0.096
2021,4,Wisconsin,75033.0,13667.0,0.2644
2021,4,Wisconsin,4582.6666667,737.0,0.1673
2021,4,Wisconsin,211783.0,16639.0,0.1139
2021,4,Wisconsin,335993.33333,29863.0,0.1223
2021,4,Wyoming,102869.66667,6787.0,0.0963
2021,4,Wyoming,11764.666667,1930.0,0.2134
2021,4,Wyoming,91105.0,4857.0,0.0791
2021,4,Wyoming,91797.0,4906.0,0.0781
2021,4,Wyoming,10597.333333,1706.0,0.2367
2021,4,Wyoming,475.33333333,175.0,0.3872
2021,4,Wyoming,71339.333333,4645.0,0.0968
2021,4,Wyoming,31513.666667,2141.0,0.0953
2022,Overall,Alabama,421893.08333,82179.0,0.1969
2022,Overall,Alaska,95795.833333,26750.0,0.3067
2022,Overall,Arizona,645969.08333,202388.0,0.3258
2022,Overall,Arkansas,366423.41667,90094.0,0.2495
2022,Overall,California,2847679.0833,1277962.0,0.4805
2022,Overall,Colorado,426870.41667,119185.0,0.2918
2022,Overall,Connecticut,276619.08333,99378.0,0.3599
2022,Overall,Delaware,151054.83333,54599.0,0.3619
2022,Overall,District Of Columbia,53160.083333,20934.0,0.4159
2022,Overall,Florida,2012967.4167,567392.0,0.2845
2022,Overall,Georgia,784961.33333,180989.0,0.2344
2022,Overall,Hawaii,105545.83333,42192.0,0.4262
2022,Overall,Idaho,184333.75,30513.0,0.1743
2022,Overall,Illinois,1242057.6667,312932.0,0.2567
2022,Overall,Indiana,653562.08333,134857.0,0.2083
2022,Overall,Iowa,408585.5,57168.0,0.1413
2022,Overall,Kansas,359623.91667,66261.0,0.1863
2022,Overall,Kentucky,437216.5,96061.0,0.2209
2022,Overall,Louisiana,387398.33333,67908.0,0.1746
2022,Overall,Maine,149807.16667,36097.0,0.2574
2022,Overall,Maryland,739680.75,262620.0,0.3646
2022,Overall,Massachusetts,822225.16667,362547.0,0.4446
2022,Overall,Michigan,828528.83333,258166.0,0.316
2022,Overall,Minnesota,411949.5,121302.0,0.3042
2022,Overall,Mississippi,365955.0,63015.0,0.1714
2022,Overall,Missouri,580380.75,105597.0,0.1856
2022,Overall,Montana,168025.0,26112.0,0.1644
2022,Overall,Nebraska,233751.0,34024.0,0.1483
2022,Overall,Nevada,251809.16667,64722.0,0.2748
2022,Overall,New Hampshire,196449.58333,58940.0,0.3136
2022,Overall,New Jersey,884846.25,320374.0,0.3664
2022,Overall,New Mexico,206456.33333,64181.0,0.3302
2022,Overall,New York,1611240.5,591261.0,0.3717
2022,Overall,North Carolina,960841.91667,237012.0,0.2486
2022,Overall,North Dakota,91650.75,11515.0,0.1292
2022,Overall,Ohio,1003970.4167,246124.0,0.2471
2022,Overall,Oklahoma,438994.16667,100756.0,0.2333
2022,Overall,Oregon,375965.58333,114677.0,0.3268
2022,Overall,Pennsylvania,1225329.0,337199.0,0.2778
2022,Overall,Puerto Rico,35673.5,7232.0,0.2318
2022,Overall,Rhode Island,82981.5,32998.0,0.404
2022,Overall,South Carolina,621832.58333,128054.0,0.2066
2022,Overall,South Dakota,117948.83333,16092.0,0.141
2022,Overall,Tennessee,641313.41667,112107.0,0.1766
2022,Overall,Territories,17355.5,1267.0,0.095
2022,Overall,Texas,1905729.5,576694.0,0.3129
2022,Overall,Utah,197316.25,41163.0,0.2139
2022,Overall,Vermont,102846.16667,30366.0,0.3077
2022,Overall,Virgin Islands,12785.583333,2157.0,0.1969
2022,Overall,Virginia,919050.25,237087.0,0.2616
2022,Overall,Washington,713828.5,195891.0,0.2922
2022,Overall,West Virginia,207655.16667,52863.0,0.261
2022,Overall,Wisconsin,523729.16667,106890.0,0.2108
2022,Overall,Wyoming,101187.08333,15374.0,0.1616
2022,Overall,Alabama,122435.5,21790.0,0.179
2022,Overall,Alaska,45731.0,13282.0,0.3188
2022,Overall,Arizona,94392.083333,25161.0,0.2847
2022,Overall,Arkansas,164065.25,34839.0,0.2153
2022,Overall,California,315841.08333,123958.0,0.4207
2022,Overall,Colorado,107194.5,25979.0,0.2569
2022,Overall,Connecticut,12217.0,3750.0,0.3089
2022,Overall,Delaware,47780.0,16047.0,0.3328
2022,Overall,Florida,76489.0,18730.0,0.2507
2022,Overall,Georgia,152822.58333,30241.0,0.1988
2022,Overall,Hawaii,34608.0,11636.0,0.3635
2022,Overall,Idaho,79048.0,11700.0,0.1585
2022,Overall,Illinois,225836.25,38955.0,0.1738
2022,Overall,Indiana,186859.08333,34599.0,0.1871
2022,Overall,Iowa,222960.91667,30904.0,0.1403
2022,Overall,Kansas,170878.66667,29137.0,0.1726
2022,Overall,Kentucky,217071.5,51818.0,0.2401
2022,Overall,Louisiana,88760.5,14888.0,0.1667
2022,Overall,Maine,84608.0,19597.0,0.2466
2022,Overall,Maryland,43155.5,10831.0,0.252
2022,Overall,Massachusetts,33239.833333,14730.0,0.451
2022,Overall,Michigan,213405.5,54192.0,0.2622
2022,Overall,Minnesota,157265.08333,35309.0,0.2328
2022,Overall,Mississippi,212356.5,31840.0,0.1483
2022,Overall,Missouri,213027.83333,32899.0,0.1598
2022,Overall,Montana,114594.33333,18228.0,0.1694
2022,Overall,Nebraska,117596.16667,15388.0,0.1331
2022,Overall,Nevada,45816.5,9266.0,0.2159
2022,Overall,New Hampshire,85005.416667,24396.0,0.302
2022,Overall,New Jersey,10054.833333,3380.0,0.3447
2022,Overall,New Mexico,83307.416667,24666.0,0.3136
2022,Overall,New York,190830.91667,60765.0,0.324
2022,Overall,North Carolina,284057.0,65254.0,0.2307
2022,Overall,North Dakota,53883.75,7522.0,0.1443
2022,Overall,Ohio,285991.91667,60090.0,0.2127
2022,Overall,Oklahoma,209006.25,44148.0,0.2145
2022,Overall,Oregon,158814.91667,41995.0,0.2852
2022,Overall,Pennsylvania,172047.91667,41408.0,0.2433
2022,Overall,Rhode Island,209.75,58.0,0.2871
2022,Overall,South Carolina,113636.16667,20788.0,0.1834
2022,Overall,South Dakota,74040.833333,11532.0,0.161
2022,Overall,Tennessee,213181.33333,32350.0,0.1531
2022,Overall,Texas,372587.91667,94083.0,0.2598
2022,Overall,Utah,46561.083333,9963.0,0.2213
2022,Overall,Vermont,76805.583333,22970.0,0.3129
2022,Overall,Virginia,159182.0,31648.0,0.201
2022,Overall,Washington,165014.25,40345.0,0.262
2022,Overall,West Virginia,69850.0,16240.0,0.2381
2022,Overall,Wisconsin,203191.0,39441.0,0.2031
2022,Overall,Wyoming,70506.416667,11086.0,0.1678
2022,Overall,Alabama,298536.5,60203.0,0.2042
2022,Overall,Alaska,46663.666667,12470.0,0.2934
2022,Overall,Arizona,550208.08333,176972.0,0.3329
2022,Overall,Arkansas,200683.66667,54870.0,0.2776
2022,Overall,California,2529538.0833,1153400.0,0.488
2022,Overall,Colorado,319384.58333,93154.0,0.3034
2022,Overall,Connecticut,259231.0,93679.0,0.3619
2022,Overall,Delaware,103201.5,38532.0,0.3756
2022,Overall,District Of Columbia,53139.833333,20932.0,0.4159
2022,Overall,Florida,1932714.9167,548089.0,0.2859
2022,Overall,Georgia,631558.0,150643.0,0.2432
2022,Overall,Hawaii,70880.583333,30554.0,0.4563
2022,Overall,Idaho,105260.16667,18812.0,0.1858
2022,Overall,Illinois,1015739.0833,273888.0,0.2753
2022,Overall,Indiana,466368.66667,100207.0,0.2168
2022,Overall,Iowa,185450.16667,26209.0,0.1424
2022,Overall,Kansas,188268.83333,37024.0,0.1986
2022,Overall,Kentucky,218453.91667,43788.0,0.2014
2022,Overall,Louisiana,296624.0,52625.0,0.1768
2022,Overall,Maine,65162.416667,16497.0,0.2716
2022,Overall,Maryland,696358.25,251760.0,0.3718
2022,Overall,Massachusetts,788683.5,347738.0,0.4443
2022,Overall,Michigan,614862.66667,203899.0,0.3342
2022,Overall,Minnesota,254494.08333,85955.0,0.3481
2022,Overall,Mississippi,151965.16667,30909.0,0.2044
2022,Overall,Missouri,367261.58333,72686.0,0.2002
2022,Overall,Montana,53411.666667,7882.0,0.1539
2022,Overall,Nebraska,116085.5,18629.0,0.1637
2022,Overall,Nevada,205621.75,55395.0,0.288
2022,Overall,New Hampshire,110979.16667,34390.0,0.3222
2022,Overall,New Jersey,873447.25,316703.0,0.3669
2022,Overall,New Mexico,122565.16667,39333.0,0.3415
2022,Overall,New York,1419506.75,530327.0,0.378
2022,Overall,North Carolina,675603.91667,171480.0,0.2561
2022,Overall,North Dakota,37711.416667,3987.0,0.1079
2022,Overall,Ohio,717498.5,185916.0,0.2608
2022,Overall,Oklahoma,229002.0,56362.0,0.2504
2022,Overall,Oregon,217074.0,72676.0,0.3568
2022,Overall,Pennsylvania,1052783.1667,295733.0,0.2835
2022,Overall,Rhode Island,82759.25,32938.0,0.4043
2022,Overall,South Carolina,507843.5,107219.0,0.2118
2022,Overall,South Dakota,43892.083333,4554.0,0.1072
2022,Overall,Tennessee,427353.66667,79625.0,0.1884
2022,Overall,Texas,1530668.8333,481993.0,0.326
2022,Overall,Utah,150703.08333,31191.0,0.2116
2022,Overall,Vermont,25717.833333,7274.0,0.291
2022,Overall,Virginia,758399.5,205086.0,0.2744
2022,Overall,Washington,548405.0,155465.0,0.3011
2022,Overall,West Virginia,137570.91667,36566.0,0.2726
2022,Overall,Wisconsin,320447.75,67443.0,0.2156
2022,Overall,Wyoming,30667.583333,4286.0,0.1476
2022,Overall,Alabama,354238.41667,65419.0,0.1861
2022,Overall,Alaska,85275.0,22683.0,0.292
2022,Overall,Arizona,603823.75,183495.0,0.3156
2022,Overall,Arkansas,315661.91667,74167.0,0.2382
2022,Overall,California,2520763.25,1100668.0,0.4673
2022,Overall,Colorado,385947.58333,101061.0,0.2738
2022,Overall,Connecticut,241743.33333,80760.0,0.3356
2022,Overall,Delaware,137008.0,47119.0,0.3442
2022,Overall,District Of Columbia,45071.5,16980.0,0.3988
2022,Overall,Florida,1836631.25,503115.0,0.276
2022,Overall,Georgia,688710.0,151530.0,0.2235
2022,Overall,Hawaii,97407.75,38184.0,0.4176
2022,Overall,Idaho,163762.5,24513.0,0.1576
2022,Overall,Illinois,1111567.1667,260808.0,0.2397
2022,Overall,Indiana,571582.5,105807.0,0.187
2022,Overall,Iowa,370660.25,46246.0,0.1259
2022,Overall,Kansas,324314.08333,54275.0,0.1691
2022,Overall,Kentucky,366771.91667,71844.0,0.1971
2022,Overall,Louisiana,328967.0,52329.0,0.1588
2022,Overall,Maine,123317.25,25957.0,0.2254
2022,Overall,Maryland,654111.5,220284.0,0.3459
2022,Overall,Massachusetts,705780.66667,291542.0,0.4173
2022,Overall,Michigan,692989.83333,197083.0,0.2891
2022,Overall,Minnesota,342279.58333,87264.0,0.2639
2022,Overall,Mississippi,309818.33333,50786.0,0.1635
2022,Overall,Missouri,500920.25,80007.0,0.163
2022,Overall,Montana,152030.58333,21550.0,0.1495
2022,Overall,Nebraska,214366.91667,28292.0,0.1344
2022,Overall,Nevada,225339.25,53959.0,0.2563
2022,Overall,New Hampshire,171876.5,47241.0,0.2868
2022,Overall,New Jersey,795827.16667,277172.0,0.3525
2022,Overall,New Mexico,181955.58333,54151.0,0.3163
2022,Overall,New York,1402440.1667,489606.0,0.3535
2022,Overall,North Carolina,839740.58333,193384.0,0.2322
2022,Overall,North Dakota,81934.416667,8985.0,0.1127
2022,Overall,Ohio,885755.83333,200686.0,0.229
2022,Overall,Oklahoma,380932.5,81437.0,0.2171
2022,Overall,Oregon,327499.08333,94186.0,0.3076
2022,Overall,Pennsylvania,1084033.0833,276263.0,0.2574
2022,Overall,Rhode Island,73023.75,28124.0,0.3894
2022,Overall,South Carolina,560808.41667,110844.0,0.1982
2022,Overall,South Dakota,106191.0,13213.0,0.1283
2022,Overall,Tennessee,570751.41667,91889.0,0.1624
2022,Overall,Texas,1709688.8333,498231.0,0.3014
2022,Overall,Utah,178422.91667,34456.0,0.1976
2022,Overall,Vermont,88287.583333,23878.0,0.2809
2022,Overall,Virginia,840337.5,208215.0,0.2512
2022,Overall,Washington,637942.83333,167841.0,0.2791
2022,Overall,West Virginia,171637.83333,39971.0,0.2382
2022,Overall,Wisconsin,451917.66667,81407.0,0.1862
2022,Overall,Wyoming,91110.083333,12418.0,0.1449
2022,Overall,Alabama,62873.25,15320.0,0.255
2022,Overall,Alaska,9818.9166667,3780.0,0.4299
2022,Overall,Arizona,37030.666667,15926.0,0.472
2022,Overall,Arkansas,47604.416667,14643.0,0.3182
2022,Overall,California,291265.58333,154159.0,0.5835
2022,Overall,Colorado,38131.0,16730.0,0.4643
2022,Overall,Connecticut,32363.833333,17256.0,0.5301
2022,Overall,Delaware,12702.0,6710.0,0.5384
2022,Overall,District Of Columbia,7040.5833333,3399.0,0.5151
2022,Overall,Florida,158523.75,56092.0,0.3732
2022,Overall,Georgia,85175.916667,25288.0,0.313
2022,Overall,Hawaii,6330.75,2778.0,0.5032
2022,Overall,Idaho,19467.25,5569.0,0.3046
2022,Overall,Illinois,117340.25,45712.0,0.3938
2022,Overall,Indiana,76261.166667,26834.0,0.3576
2022,Overall,Iowa,35498.25,10190.0,0.2965
2022,Overall,Kansas,32867.916667,11013.0,0.3446
2022,Overall,Kentucky,67120.0,23002.0,0.3461
2022,Overall,Louisiana,53126.416667,13968.0,0.2631
2022,Overall,Maine,25594.583333,9734.0,0.4039
2022,Overall,Maryland,77454.583333,38148.0,0.5137
2022,Overall,Massachusetts,111485.08333,68008.0,0.6118
2022,Overall,Michigan,126730.66667,56669.0,0.4534
2022,Overall,Minnesota,66097.666667,32053.0,0.5005
2022,Overall,Mississippi,51043.916667,10839.0,0.2129
2022,Overall,Missouri,73763.666667,23453.0,0.3274
2022,Overall,Montana,15189.5,4290.0,0.3118
2022,Overall,Nebraska,17949.166667,5256.0,0.3028
2022,Overall,Nevada,23829.25,9449.0,0.4301
2022,Overall,New Hampshire,23659.333333,11257.0,0.507
2022,Overall,New Jersey,80025.5,38870.0,0.5003
2022,Overall,New Mexico,22216.416667,9015.0,0.4387
2022,Overall,New York,191583.75,92647.0,0.499
2022,Overall,North Carolina,110785.0,39369.0,0.3629
2022,Overall,North Dakota,9017.9166667,2301.0,0.2671
2022,Overall,Ohio,110437.75,42035.0,0.3821
2022,Overall,Oklahoma,53735.583333,17418.0,0.3371
2022,Overall,Oregon,45769.083333,18902.0,0.4537
2022,Overall,Pennsylvania,131385.91667,56041.0,0.4354
2022,Overall,Rhode Island,9411.8333333,4562.0,0.5183
2022,Overall,South Carolina,55213.833333,14961.0,0.28
2022,Overall,South Dakota,10896.666667,2509.0,0.246
2022,Overall,Tennessee,64637.666667,18280.0,0.2956
2022,Overall,Texas,169364.5,64996.0,0.412
2022,Overall,Utah,17307.333333,6013.0,0.3682
2022,Overall,Vermont,14188.0,6202.0,0.4666
2022,Overall,Virginia,71058.75,25597.0,0.3749
2022,Overall,Washington,70417.666667,25120.0,0.3991
2022,Overall,West Virginia,34564.416667,12158.0,0.3683
2022,Overall,Wisconsin,67423.5,23691.0,0.3657
2022,Overall,Wyoming,9598.5833333,2720.0,0.3056
2022,Overall,Alabama,4781.4166667,1440.0,0.2509
2022,Overall,Alaska,701.91666667,287.0,0.3796
2022,Overall,Arizona,5114.6666667,2967.0,0.4985
2022,Overall,Arkansas,3157.0833333,1284.0,0.3498
2022,Overall,California,35650.25,23135.0,0.5748
2022,Overall,Colorado,2791.8333333,1394.0,0.4384
2022,Overall,Connecticut,2511.9166667,1362.0,0.4663
2022,Overall,Delaware,1344.8333333,770.0,0.5093
2022,Overall,District Of Columbia,1048.0,555.0,0.476
2022,Overall,Florida,17812.416667,8185.0,0.3851
2022,Overall,Georgia,11075.416667,4171.0,0.3167
2022,Overall,Hawaii,1807.3333333,1230.0,0.605
2022,Overall,Idaho,1104.0,431.0,0.3399
2022,Overall,Illinois,13150.25,6412.0,0.4218
2022,Overall,Indiana,5718.4166667,2216.0,0.334
2022,Overall,Iowa,2427.0,732.0,0.2678
2022,Overall,Kansas,2441.9166667,973.0,0.3433
2022,Overall,Kentucky,3324.5833333,1215.0,0.3023
2022,Overall,Louisiana,5304.9166667,1611.0,0.252
2022,Overall,Maine,895.33333333,406.0,0.4072
2022,Overall,Maryland,8114.6666667,4188.0,0.4559
2022,Overall,Massachusetts,4959.4166667,2997.0,0.5295
2022,Overall,Michigan,8808.3333333,4414.0,0.4299
2022,Overall,Minnesota,3572.25,1985.0,0.4927
2022,Overall,Mississippi,5092.75,1390.0,0.2285
2022,Overall,Missouri,5696.8333333,2137.0,0.325
2022,Overall,Montana,804.91666667,272.0,0.3067
2022,Overall,Nebraska,1434.9166667,476.0,0.2915
2022,Overall,Nevada,2640.6666667,1314.0,0.4301
2022,Overall,New Hampshire,913.75,442.0,0.4312
2022,Overall,New Jersey,8993.5833333,4332.0,0.4139
2022,Overall,New Mexico,2284.3333333,1015.0,0.3877
2022,Overall,New York,17216.583333,9008.0,0.4424
2022,Overall,North Carolina,10316.333333,4259.0,0.3511
2022,Overall,North Dakota,698.41666667,229.0,0.2921
2022,Overall,Ohio,7776.8333333,3403.0,0.361
2022,Overall,Oklahoma,4326.0833333,1901.0,0.3794
2022,Overall,Oregon,2697.4166667,1589.0,0.5213
2022,Overall,Pennsylvania,9910.0,4895.0,0.4252
2022,Overall,Rhode Island,545.91666667,312.0,0.4867
2022,Overall,South Carolina,5810.3333333,2249.0,0.3234
2022,Overall,South Dakota,861.16666667,370.0,0.3846
2022,Overall,Tennessee,5924.3333333,1938.0,0.2764
2022,Overall,Texas,26676.166667,13467.0,0.4204
2022,Overall,Utah,1586.0,694.0,0.3888
2022,Overall,Vermont,370.58333333,286.0,0.7186
2022,Overall,Virginia,7654.0,3275.0,0.3654
2022,Overall,Washington,5468.0,2930.0,0.4678
2022,Overall,West Virginia,1452.9166667,734.0,0.4282
2022,Overall,Wisconsin,4388.0,1792.0,0.3544
2022,Overall,Wyoming,478.41666667,236.0,0.4354
2022,Overall,Alabama,72036.5,16546.0,0.2202
2022,Overall,Alaska,21065.833333,7421.0,0.3728
2022,Overall,Arizona,67044.666667,25526.0,0.3873
2022,Overall,Arkansas,61361.583333,19182.0,0.2973
2022,Overall,California,952875.08333,488250.0,0.5365
2022,Overall,Colorado,66860.083333,25960.0,0.3856
2022,Overall,Connecticut,73909.0,33577.0,0.4339
2022,Overall,Delaware,19660.083333,9388.0,0.4606
2022,Overall,District Of Columbia,20457.166667,9051.0,0.4494
2022,Overall,Florida,258758.75,86903.0,0.3159
2022,Overall,Georgia,123427.0,36249.0,0.2815
2022,Overall,Hawaii,11469.0,4674.0,0.4195
2022,Overall,Idaho,25903.333333,6513.0,0.2519
2022,Overall,Illinois,217200.66667,81800.0,0.3534
2022,Overall,Indiana,111186.08333,37826.0,0.3228
2022,Overall,Iowa,50304.833333,14838.0,0.2867
2022,Overall,Kansas,40549.166667,13335.0,0.3136
2022,Overall,Kentucky,88541.75,30510.0,0.3232
2022,Overall,Louisiana,90659.666667,22144.0,0.2269
2022,Overall,Maine,43238.333333,14538.0,0.3319
2022,Overall,Maryland,129159.41667,56411.0,0.4332
2022,Overall,Massachusetts,201925.91667,108123.0,0.5215
2022,Overall,Michigan,170197.66667,72020.0,0.3976
2022,Overall,Minnesota,76139.25,35459.0,0.4492
2022,Overall,Mississippi,77043.166667,16434.0,0.1977
2022,Overall,Missouri,82856.583333,26663.0,0.2999
2022,Overall,Montana,23300.083333,5767.0,0.2544
2022,Overall,Nebraska,24711.833333,7403.0,0.2846
2022,Overall,Nevada,40110.75,15517.0,0.3923
2022,Overall,New Hampshire,25474.0,12093.0,0.4677
2022,Overall,New Jersey,129824.25,57048.0,0.4206
2022,Overall,New Mexico,44724.416667,16189.0,0.3726
2022,Overall,New York,386246.5,188540.0,0.4622
2022,Overall,North Carolina,144524.0,48338.0,0.317
2022,Overall,North Dakota,13122.416667,3278.0,0.2453
2022,Overall,Ohio,140420.0,53302.0,0.3465
2022,Overall,Oklahoma,66787.083333,22172.0,0.3178
2022,Overall,Oregon,75388.5,27887.0,0.3855
2022,Overall,Pennsylvania,190911.91667,73696.0,0.3704
2022,Overall,Rhode Island,13400.416667,6472.0,0.4511
2022,Overall,South Carolina,53275.5,15321.0,0.2642
2022,Overall,South Dakota,15881.416667,3569.0,0.2233
2022,Overall,Tennessee,79090.25,21346.0,0.2584
2022,Overall,Texas,237939.41667,98048.0,0.388
2022,Overall,Utah,20854.25,6555.0,0.3082
2022,Overall,Vermont,22221.083333,8996.0,0.4107
2022,Overall,Virginia,85503.333333,29696.0,0.3318
2022,Overall,Washington,107598.66667,36502.0,0.3493
2022,Overall,West Virginia,45127.083333,16150.0,0.3477
2022,Overall,Wisconsin,96503.25,31519.0,0.321
2022,Overall,Wyoming,11550.916667,3349.0,0.2894
2022,Overall,Alabama,349856.58333,65633.0,0.1918
2022,Overall,Alaska,74730.0,19329.0,0.2871
2022,Overall,Arizona,578924.41667,176862.0,0.3185
2022,Overall,Arkansas,305061.83333,70912.0,0.2391
2022,Overall,California,1894804.0,789712.0,0.4513
2022,Overall,Colorado,360010.33333,93225.0,0.2733
2022,Overall,Connecticut,202710.08333,65801.0,0.331
2022,Overall,Delaware,131394.75,45211.0,0.3465
2022,Overall,District Of Columbia,32702.916667,11883.0,0.3935
2022,Overall,Florida,1754208.6667,480489.0,0.2795
2022,Overall,Georgia,661534.33333,144740.0,0.225
2022,Overall,Hawaii,94076.833333,37518.0,0.4271
2022,Overall,Idaho,158430.41667,24000.0,0.1608
2022,Overall,Illinois,1024857.0,231132.0,0.234
2022,Overall,Indiana,542376.0,97031.0,0.183
2022,Overall,Iowa,358280.66667,42330.0,0.12
2022,Overall,Kansas,319074.75,52926.0,0.169
2022,Overall,Kentucky,348674.75,65551.0,0.1925
2022,Overall,Louisiana,296738.66667,45764.0,0.1571
2022,Overall,Maine,106568.83333,21559.0,0.2236
2022,Overall,Maryland,610521.33333,206209.0,0.3495
2022,Overall,Massachusetts,620299.25,254424.0,0.4183
2022,Overall,Michigan,658331.16667,186146.0,0.2927
2022,Overall,Minnesota,335810.25,85843.0,0.2684
2022,Overall,Mississippi,288911.83333,46581.0,0.1637
2022,Overall,Missouri,497524.16667,78934.0,0.1644
2022,Overall,Montana,144724.91667,20345.0,0.1494
2022,Overall,Nebraska,209039.16667,26621.0,0.1309
2022,Overall,Nevada,211698.41667,49205.0,0.2511
2022,Overall,New Hampshire,170975.58333,46847.0,0.289
2022,Overall,New Jersey,755022.0,263326.0,0.3565
2022,Overall,New Mexico,161731.91667,47992.0,0.318
2022,Overall,New York,1224994.0,402721.0,0.3404
2022,Overall,North Carolina,816317.91667,188674.0,0.2355
2022,Overall,North Dakota,78528.333333,8237.0,0.1088
2022,Overall,Ohio,863550.41667,192822.0,0.229
2022,Overall,Oklahoma,372207.08333,78584.0,0.217
2022,Overall,Oregon,300577.08333,86790.0,0.3115
2022,Overall,Pennsylvania,1034417.0833,263503.0,0.2597
2022,Overall,Rhode Island,69581.083333,26526.0,0.394
2022,Overall,South Carolina,568557.08333,112733.0,0.2007
2022,Overall,South Dakota,102067.41667,12523.0,0.1276
2022,Overall,Tennessee,562223.16667,90761.0,0.1644
2022,Overall,Texas,1667790.0833,478646.0,0.301
2022,Overall,Utah,176462.0,34608.0,0.2022
2022,Overall,Vermont,80625.083333,21370.0,0.2783
2022,Overall,Virginia,833546.91667,207391.0,0.2539
2022,Overall,Washington,606229.83333,159389.0,0.2816
2022,Overall,West Virginia,162528.08333,36713.0,0.2352
2022,Overall,Wisconsin,427225.91667,75371.0,0.1844
2022,Overall,Wyoming,89636.166667,12025.0,0.1439
2022,1,Alabama,426726.33333,40545.0,0.1207
2022,1,Alabama,75680.0,9105.0,0.155
2022,1,Alabama,351046.33333,31440.0,0.1135
2022,1,Alabama,357357.66667,30816.0,0.1078
2022,1,Alabama,64195.333333,9008.0,0.2004
2022,1,Alabama,5173.3333333,721.0,0.1407
2022,1,Alabama,124517.0,10580.0,0.1085
2022,1,Alabama,301265.33333,29864.0,0.1257
2022,1,Alaska,94201.333333,12284.0,0.2044
2022,1,Alaska,20766.0,3968.0,0.2727
2022,1,Alaska,73435.333333,8316.0,0.1825
2022,1,Alaska,83848.0,9910.0,0.1873
2022,1,Alaska,9626.3333333,2219.0,0.3409
2022,1,Alaska,727.0,155.0,0.2246
2022,1,Alaska,44950.0,5918.0,0.2081
2022,1,Alaska,45913.0,5954.0,0.2002
2022,1,Arizona,643462.33333,97846.0,0.1998
2022,1,Arizona,68872.0,14289.0,0.3007
2022,1,Arizona,574590.33333,83557.0,0.1889
2022,1,Arizona,600502.33333,86528.0,0.1881
2022,1,Arizona,37561.333333,9580.0,0.3922
2022,1,Arizona,5398.6666667,1738.0,0.3272
2022,1,Arizona,94707.666667,11785.0,0.1778
2022,1,Arizona,547374.0,85943.0,0.2034
2022,1,Arkansas,368689.66667,41513.0,0.1471
2022,1,Arkansas,63951.0,10480.0,0.213
2022,1,Arkansas,304738.66667,31033.0,0.1331
2022,1,Arkansas,316837.66667,32154.0,0.1314
2022,1,Arkansas,48470.0,8618.0,0.2514
2022,1,Arkansas,3382.0,741.0,0.2245
2022,1,Arkansas,165604.33333,16113.0,0.1284
2022,1,Arkansas,201380.33333,25192.0,0.162
2022,1,California,2826066.3333,679645.0,0.3269
2022,1,California,947799.0,283898.0,0.4026
2022,1,California,1878267.3333,395747.0,0.2881
2022,1,California,2500118.6667,569487.0,0.3091
2022,1,California,288776.66667,95944.0,0.4786
2022,1,California,37171.0,14214.0,0.3933
2022,1,California,313978.66667,64138.0,0.2845
2022,1,California,2509740.3333,615144.0,0.3321
2022,1,Colorado,423729.33333,55206.0,0.1837
2022,1,Colorado,67716.666667,14277.0,0.2935
2022,1,Colorado,356012.66667,40929.0,0.1625
2022,1,Colorado,382263.66667,44541.0,0.1641
2022,1,Colorado,38543.333333,9922.0,0.376
2022,1,Colorado,2922.3333333,743.0,0.2655
2022,1,Colorado,106611.0,11331.0,0.1581
2022,1,Colorado,316827.0,43847.0,0.1917
2022,1,Connecticut,278456.66667,51100.0,0.231
2022,1,Connecticut,76569.333333,20570.0,0.3313
2022,1,Connecticut,201887.33333,30530.0,0.1919
2022,1,Connecticut,242994.66667,38759.0,0.2008
2022,1,Connecticut,32787.666667,11539.0,0.4516
2022,1,Connecticut,2674.3333333,802.0,0.3012
2022,1,Connecticut,12310.333333,1907.0,0.2
2022,1,Connecticut,261008.0,48252.0,0.2325
2022,1,Delaware,150467.33333,27940.0,0.2293
2022,1,Delaware,20014.333333,5711.0,0.3604
2022,1,Delaware,130453.0,22229.0,0.2097
2022,1,Delaware,136313.66667,23188.0,0.2092
2022,1,Delaware,12742.0,4296.0,0.4446
2022,1,Delaware,1411.6666667,456.0,0.3304
2022,1,Delaware,47383.333333,7973.0,0.2029
2022,1,Delaware,103007.66667,19951.0,0.2417
2022,1,District Of Columbia,53331.666667,10398.0,0.2686
2022,1,District Of Columbia,20791.0,4938.0,0.3236
2022,1,District Of Columbia,32540.666667,5460.0,0.2329
2022,1,District Of Columbia,45129.666667,8136.0,0.248
2022,1,District Of Columbia,7089.6666667,1974.0,0.4091
2022,1,District Of Columbia,1112.3333333,288.0,0.2679
2022,1,District Of Columbia,53309.666667,10396.0,0.2686
2022,1,Florida,2014523.3333,253789.0,0.1548
2022,1,Florida,268333.66667,47125.0,0.2189
2022,1,Florida,1746189.6667,206664.0,0.1452
2022,1,Florida,1835885.3333,217695.0,0.1446
2022,1,Florida,159670.66667,31889.0,0.279
2022,1,Florida,18967.333333,4205.0,0.2242
2022,1,Florida,76852.0,8454.0,0.1418
2022,1,Florida,1933857.0,245087.0,0.1554
2022,1,Georgia,786231.33333,84882.0,0.1372
2022,1,Georgia,128729.0,19049.0,0.1895
2022,1,Georgia,657502.33333,65833.0,0.1271
2022,1,Georgia,688029.0,68301.0,0.125
2022,1,Georgia,86479.0,14484.0,0.2391
2022,1,Georgia,11723.333333,2097.0,0.1818
2022,1,Georgia,154483.33333,14146.0,0.1157
2022,1,Georgia,631160.66667,70686.0,0.1425
2022,1,Hawaii,105455.33333,22185.0,0.2911
2022,1,Hawaii,11749.0,2604.0,0.341
2022,1,Hawaii,93706.333333,19581.0,0.2855
2022,1,Hawaii,97143.666667,19733.0,0.2798
2022,1,Hawaii,6393.3333333,1675.0,0.4337
2022,1,Hawaii,1918.3333333,777.0,0.4218
2022,1,Hawaii,34563.0,5486.0,0.2311
2022,1,Hawaii,70833.333333,16698.0,0.3183
2022,1,Idaho,183877.66667,14738.0,0.1163
2022,1,Idaho,26610.0,3689.0,0.1971
2022,1,Idaho,157267.66667,11049.0,0.1023
2022,1,Idaho,163120.33333,11230.0,0.0999
2022,1,Idaho,19580.0,3275.0,0.2487
2022,1,Idaho,1177.3333333,233.0,0.2028
2022,1,Idaho,78814.666667,5391.0,0.105
2022,1,Idaho,105038.0,9347.0,0.124
2022,1,Illinois,1239732.3333,152291.0,0.1642
2022,1,Illinois,220643.33333,46103.0,0.2591
2022,1,Illinois,1019089.0,106188.0,0.1417
2022,1,Illinois,1108975.6667,120815.0,0.146
2022,1,Illinois,116911.66667,27815.0,0.3211
2022,1,Illinois,13845.0,3661.0,0.2672
2022,1,Illinois,225642.66667,18987.0,0.1141
2022,1,Illinois,1013598.6667,133257.0,0.1751
2022,1,Indiana,653221.66667,68007.0,0.1372
2022,1,Indiana,114766.0,22401.0,0.2436
2022,1,Indiana,538455.66667,45606.0,0.1129
2022,1,Indiana,570149.66667,50283.0,0.116
2022,1,Indiana,76946.333333,16525.0,0.2934
2022,1,Indiana,6125.6666667,1199.0,0.2017
2022,1,Indiana,187253.0,17183.0,0.1216
2022,1,Indiana,465624.33333,50799.0,0.1433
2022,1,Iowa,408382.66667,26576.0,0.0884
2022,1,Iowa,51772.0,9033.0,0.2251
2022,1,Iowa,356610.66667,17543.0,0.0673
2022,1,Iowa,369913.0,20178.0,0.074
2022,1,Iowa,35900.0,6039.0,0.235
2022,1,Iowa,2569.6666667,359.0,0.1427
2022,1,Iowa,223204.0,14482.0,0.0891
2022,1,Iowa,185005.33333,12054.0,0.0873
2022,1,Kansas,358899.33333,33438.0,0.1234
2022,1,Kansas,42181.666667,8131.0,0.2417
2022,1,Kansas,316717.66667,25307.0,0.1066
2022,1,Kansas,323247.66667,26078.0,0.1067
2022,1,Kansas,33042.666667,6832.0,0.2843
2022,1,Kansas,2609.0,528.0,0.2064
2022,1,Kansas,170752.0,14592.0,0.1146
2022,1,Kansas,187668.0,18798.0,0.1311
2022,1,Kentucky,442595.33333,52620.0,0.1544
2022,1,Kentucky,92546.0,19260.0,0.2618
2022,1,Kentucky,350049.33333,33360.0,0.1248
2022,1,Kentucky,369593.0,36974.0,0.1289
2022,1,Kentucky,69344.333333,14907.0,0.2958
2022,1,Kentucky,3658.0,739.0,0.2036
2022,1,Kentucky,221364.33333,29709.0,0.1765
2022,1,Kentucky,219504.66667,22652.0,0.1322
2022,1,Louisiana,390317.33333,32515.0,0.1055
2022,1,Louisiana,94429.666667,11840.0,0.1585
2022,1,Louisiana,295887.66667,20675.0,0.0886
2022,1,Louisiana,330071.66667,24054.0,0.0915
2022,1,Louisiana,54564.666667,7684.0,0.1946
2022,1,Louisiana,5681.0,777.0,0.1377
2022,1,Louisiana,89897.666667,6990.0,0.0986
2022,1,Louisiana,298354.66667,25308.0,0.1074
2022,1,Maine,151973.66667,19162.0,0.1828
2022,1,Maine,45040.333333,8987.0,0.2682
2022,1,Maine,106933.33333,10175.0,0.1426
2022,1,Maine,124876.0,12608.0,0.1464
2022,1,Maine,26156.0,6337.0,0.3562
2022,1,Maine,941.66666667,217.0,0.2372
2022,1,Maine,85994.333333,10106.0,0.1711
2022,1,Maine,65942.666667,9055.0,0.1978
2022,1,Maryland,736437.66667,135712.0,0.2377
2022,1,Maryland,130382.66667,34245.0,0.3326
2022,1,Maryland,606055.0,101467.0,0.2168
2022,1,Maryland,650574.66667,108015.0,0.2144
2022,1,Maryland,77338.333333,25205.0,0.4288
2022,1,Maryland,8524.6666667,2492.0,0.2973
2022,1,Maryland,43076.333333,5375.0,0.1568
2022,1,Maryland,693183.33333,130322.0,0.2428
2022,1,Massachusetts,821871.33333,197851.0,0.309
2022,1,Massachusetts,205726.0,70908.0,0.4321
2022,1,Massachusetts,616145.33333,126943.0,0.2666
2022,1,Massachusetts,703246.66667,148652.0,0.272
2022,1,Massachusetts,113356.33333,47283.0,0.5338
2022,1,Massachusetts,5268.3333333,1916.0,0.3672
2022,1,Massachusetts,33075.333333,7938.0,0.3203
2022,1,Massachusetts,788485.0,189874.0,0.3085
2022,1,Michigan,834695.33333,130662.0,0.2116
2022,1,Michigan,176662.66667,43750.0,0.3124
2022,1,Michigan,658032.66667,86912.0,0.182
2022,1,Michigan,695926.33333,92156.0,0.1793
2022,1,Michigan,129433.66667,35920.0,0.3809
2022,1,Michigan,9335.3333333,2586.0,0.2782
2022,1,Michigan,215183.0,25709.0,0.1716
2022,1,Michigan,619237.33333,104914.0,0.2244
2022,1,Minnesota,411866.33333,58588.0,0.2054
2022,1,Minnesota,77355.666667,21352.0,0.3624
2022,1,Minnesota,334510.66667,37236.0,0.1645
2022,1,Minnesota,341940.66667,37553.0,0.1605
2022,1,Minnesota,66188.666667,19895.0,0.4165
2022,1,Minnesota,3737.0,1140.0,0.3182
2022,1,Minnesota,157461.33333,16542.0,0.1561
2022,1,Minnesota,254210.66667,42021.0,0.2345
2022,1,Mississippi,369943.0,28575.0,0.0965
2022,1,Mississippi,81626.0,8229.0,0.1232
2022,1,Mississippi,288317.0,20346.0,0.0888
2022,1,Mississippi,312153.33333,22193.0,0.0883
2022,1,Mississippi,52347.0,5762.0,0.1464
2022,1,Mississippi,5442.6666667,620.0,0.1139
2022,1,Mississippi,215562.33333,14782.0,0.0853
2022,1,Mississippi,152708.33333,13681.0,0.1127
2022,1,Missouri,582760.0,53166.0,0.1238
2022,1,Missouri,86910.666667,16145.0,0.234
2022,1,Missouri,495849.33333,37021.0,0.1027
2022,1,Missouri,501539.33333,37623.0,0.1017
2022,1,Missouri,75159.666667,14348.0,0.2689
2022,1,Missouri,6061.0,1195.0,0.2028
2022,1,Missouri,214728.0,15952.0,0.1053
2022,1,Missouri,367939.33333,37208.0,0.1339
2022,1,Montana,166558.66667,11867.0,0.106
2022,1,Montana,23376.333333,3225.0,0.1933
2022,1,Montana,143182.33333,8642.0,0.0907
2022,1,Montana,150527.33333,9203.0,0.091
2022,1,Montana,15187.0,2538.0,0.2537
2022,1,Montana,844.33333333,126.0,0.1554
2022,1,Montana,113504.66667,8081.0,0.1082
2022,1,Montana,53032.0,3784.0,0.1015
2022,1,Nebraska,233950.0,15216.0,0.0887
2022,1,Nebraska,25812.666667,4218.0,0.2049
2022,1,Nebraska,208137.33333,10998.0,0.0729
2022,1,Nebraska,214198.33333,11830.0,0.0754
2022,1,Nebraska,18243.666667,3178.0,0.2432
2022,1,Nebraska,1508.0,208.0,0.1445
2022,1,Nebraska,117982.66667,6795.0,0.0793
2022,1,Nebraska,115897.33333,8421.0,0.0983
2022,1,Nevada,250947.66667,33607.0,0.1861
2022,1,Nevada,40921.0,9576.0,0.3142
2022,1,Nevada,210026.66667,24031.0,0.1601
2022,1,Nevada,224334.0,26876.0,0.1665
2022,1,Nevada,23852.0,5912.0,0.3576
2022,1,Nevada,2761.6666667,819.0,0.3053
2022,1,Nevada,45573.0,4174.0,0.1315
2022,1,Nevada,204993.33333,29408.0,0.1979
2022,1,New Hampshire,195778.0,29715.0,0.2117
2022,1,New Hampshire,25985.0,7807.0,0.387
2022,1,New Hampshire,169793.0,21908.0,0.1823
2022,1,New Hampshire,171053.0,22028.0,0.1796
2022,1,New Hampshire,23756.333333,7430.0,0.4433
2022,1,New Hampshire,968.66666667,257.0,0.2725
2022,1,New Hampshire,84860.0,11890.0,0.202
2022,1,New Hampshire,110456.0,17728.0,0.2185
2022,1,New Jersey,881151.66667,158481.0,0.2247
2022,1,New Jersey,131303.66667,33147.0,0.3058
2022,1,New Jersey,749848.0,125334.0,0.21
2022,1,New Jersey,791782.33333,131296.0,0.2067
2022,1,New Jersey,79899.0,24742.0,0.4077
2022,1,New Jersey,9470.3333333,2443.0,0.2624
2022,1,New Jersey,10083.666667,1814.0,0.2315
2022,1,New Jersey,869640.33333,156529.0,0.2248
2022,1,New Mexico,206638.0,31752.0,0.2191
2022,1,New Mexico,45848.666667,9096.0,0.2891
2022,1,New Mexico,160789.33333,22656.0,0.1997
2022,1,New Mexico,181529.0,25824.0,0.2024
2022,1,New Mexico,22667.0,5343.0,0.3579
2022,1,New Mexico,2442.0,585.0,0.2436
2022,1,New Mexico,83719.666667,12516.0,0.214
2022,1,New Mexico,122328.0,19139.0,0.2225
2022,1,New York,1610862.6667,301193.0,0.2387
2022,1,New York,395324.33333,114082.0,0.3523
2022,1,New York,1215538.3333,187111.0,0.1995
2022,1,New York,1400285.0,235703.0,0.2145
2022,1,New York,192376.0,60497.0,0.4179
2022,1,New York,18201.666667,4993.0,0.2759
2022,1,New York,192031.66667,30611.0,0.2129
2022,1,New York,1417905.3333,270498.0,0.242
2022,1,North Carolina,965831.66667,108893.0,0.1429
2022,1,North Carolina,151808.0,27558.0,0.2287
2022,1,North Carolina,814023.66667,81335.0,0.1268
2022,1,North Carolina,841700.0,83147.0,0.1244
2022,1,North Carolina,113093.0,23347.0,0.2822
2022,1,North Carolina,11038.666667,2399.0,0.2198
2022,1,North Carolina,287031.33333,30700.0,0.1355
2022,1,North Carolina,677588.66667,78023.0,0.146
2022,1,North Dakota,91248.333333,5395.0,0.0851
2022,1,North Dakota,13348.333333,1983.0,0.1909
2022,1,North Dakota,77900.0,3412.0,0.0644
2022,1,North Dakota,81545.0,3917.0,0.0696
2022,1,North Dakota,8963.3333333,1350.0,0.2116
2022,1,North Dakota,740.0,128.0,0.179
2022,1,North Dakota,53651.0,3450.0,0.0942
2022,1,North Dakota,37537.666667,1944.0,0.0728
2022,1,Ohio,1003627.0,120906.0,0.1593
2022,1,Ohio,145688.33333,31443.0,0.272
2022,1,Ohio,857938.66667,89463.0,0.1391
2022,1,Ohio,883248.66667,93137.0,0.139
2022,1,Ohio,111993.66667,25877.0,0.3212
2022,1,Ohio,8384.6666667,1892.0,0.229
2022,1,Ohio,286792.66667,30867.0,0.1431
2022,1,Ohio,716344.66667,89970.0,0.1657
2022,1,Oklahoma,440161.0,53364.0,0.1575
2022,1,Oklahoma,69898.333333,13172.0,0.2352
2022,1,Oklahoma,370262.66667,40192.0,0.1422
2022,1,Oklahoma,381299.33333,41573.0,0.141
2022,1,Oklahoma,54287.0,10724.0,0.2728
2022,1,Oklahoma,4574.6666667,1067.0,0.2371
2022,1,Oklahoma,210324.33333,22876.0,0.1416
2022,1,Oklahoma,228843.33333,30383.0,0.1723
2022,1,Oregon,375836.33333,55039.0,0.2152
2022,1,Oregon,76644.666667,14936.0,0.294
2022,1,Oregon,299191.66667,40103.0,0.1957
2022,1,Oregon,327044.0,43355.0,0.1942
2022,1,Oregon,45899.666667,10815.0,0.3642
2022,1,Oregon,2892.6666667,869.0,0.3138
2022,1,Oregon,158569.66667,19064.0,0.181
2022,1,Oregon,217193.0,35970.0,0.2392
2022,1,Pennsylvania,1225026.6667,163984.0,0.1735
2022,1,Pennsylvania,195661.33333,43339.0,0.286
2022,1,Pennsylvania,1029365.3333,120645.0,0.1521
2022,1,Pennsylvania,1081372.3333,126179.0,0.1506
2022,1,Pennsylvania,133056.33333,35055.0,0.362
2022,1,Pennsylvania,10598.0,2750.0,0.2644
2022,1,Pennsylvania,173110.0,19946.0,0.1532
2022,1,Pennsylvania,1051399.3333,143998.0,0.1768
2022,1,Puerto Rico,37172.0,3377.0,0.1378
2022,1,Rhode Island,83906.333333,16551.0,0.2564
2022,1,Rhode Island,14365.0,3961.0,0.3766
2022,1,Rhode Island,69541.333333,12590.0,0.233
2022,1,Rhode Island,73593.666667,13428.0,0.2332
2022,1,Rhode Island,9713.0,2936.0,0.46
2022,1,Rhode Island,599.66666667,187.0,0.318
2022,1,Rhode Island,210.0,24.0,0.1622
2022,1,Rhode Island,83684.666667,16526.0,0.2566
2022,1,South Carolina,621344.33333,56256.0,0.1119
2022,1,South Carolina,55744.333333,8200.0,0.1833
2022,1,South Carolina,565600.0,48056.0,0.1049
2022,1,South Carolina,559107.66667,46876.0,0.1027
2022,1,South Carolina,56050.0,8233.0,0.2047
2022,1,South Carolina,6186.6666667,1147.0,0.1869
2022,1,South Carolina,114158.66667,8877.0,0.098
2022,1,South Carolina,506824.33333,47361.0,0.115
2022,1,South Dakota,117578.33333,6878.0,0.0846
2022,1,South Dakota,16403.0,1959.0,0.1579
2022,1,South Dakota,101175.33333,4919.0,0.0714
2022,1,South Dakota,105772.66667,5293.0,0.0726
2022,1,South Dakota,10900.333333,1382.0,0.184
2022,1,South Dakota,905.33333333,203.0,0.2309
2022,1,South Dakota,73794.666667,4881.0,0.0963
2022,1,South Dakota,43767.666667,1994.0,0.0653
2022,1,Tennessee,643311.0,53224.0,0.106
2022,1,Tennessee,82912.0,12322.0,0.1882
2022,1,Tennessee,560399.0,40902.0,0.0937
2022,1,Tennessee,570964.66667,41325.0,0.0921
2022,1,Tennessee,66007.0,10931.0,0.2311
2022,1,Tennessee,6339.3333333,968.0,0.1555
2022,1,Tennessee,214812.0,15550.0,0.0929
2022,1,Tennessee,427713.0,37601.0,0.1126
2022,1,Territories,17118.333333,353.0,0.0379
2022,1,Texas,1901456.6667,291936.0,0.2026
2022,1,Texas,249172.66667,58761.0,0.2944
2022,1,Texas,1652284.0,233175.0,0.1878
2022,1,Texas,1701474.0,243884.0,0.1881
2022,1,Texas,171629.33333,39965.0,0.3418
2022,1,Texas,28353.333333,8087.0,0.2898
2022,1,Texas,373861.66667,48039.0,0.1712
2022,1,Texas,1525104.3333,243586.0,0.2102
2022,1,Utah,197292.66667,19496.0,0.1344
2022,1,Utah,21452.333333,3811.0,0.2406
2022,1,Utah,175840.33333,15685.0,0.1214
2022,1,Utah,178122.33333,15523.0,0.1181
2022,1,Utah,17505.333333,3583.0,0.2997
2022,1,Utah,1665.0,390.0,0.2467
2022,1,Utah,46401.333333,4524.0,0.1382
2022,1,Utah,150835.33333,14965.0,0.1333
2022,1,Vermont,102431.33333,15686.0,0.2172
2022,1,Vermont,22726.333333,5461.0,0.3238
2022,1,Vermont,79705.0,10225.0,0.1847
2022,1,Vermont,87857.333333,11583.0,0.187
2022,1,Vermont,14190.666667,3945.0,0.3973
2022,1,Vermont,383.33333333,158.0,0.4191
2022,1,Vermont,76578.0,12117.0,0.2263
2022,1,Vermont,25529.333333,3482.0,0.1883
2022,1,Virgin Islands,12726.666667,955.0,0.1254
2022,1,Virginia,919744.66667,112664.0,0.1576
2022,1,Virginia,91027.666667,17626.0,0.2454
2022,1,Virginia,828717.0,95038.0,0.1478
2022,1,Virginia,838930.66667,95013.0,0.145
2022,1,Virginia,72539.333333,15859.0,0.3091
2022,1,Virginia,8274.6666667,1792.0,0.2209
2022,1,Virginia,160782.0,14638.0,0.1186
2022,1,Virginia,757482.66667,97855.0,0.1658
2022,1,Washington,713449.0,89778.0,0.1825
2022,1,Washington,109877.66667,19672.0,0.2651
2022,1,Washington,603571.33333,70106.0,0.1678
2022,1,Washington,636627.0,74012.0,0.1675
2022,1,Washington,70994.333333,14066.0,0.3162
2022,1,Washington,5827.6666667,1700.0,0.3006
2022,1,Washington,164602.0,17419.0,0.1589
2022,1,Washington,548423.33333,72320.0,0.1892
2022,1,West Virginia,209295.33333,28160.0,0.1795
2022,1,West Virginia,47098.0,9924.0,0.2741
2022,1,West Virginia,162197.33333,18236.0,0.1511
2022,1,West Virginia,172458.0,20135.0,0.1545
2022,1,West Virginia,35237.666667,7589.0,0.3032
2022,1,West Virginia,1599.6666667,436.0,0.279
2022,1,West Virginia,70547.333333,8410.0,0.1596
2022,1,West Virginia,138511.0,19718.0,0.1896
2022,1,Wisconsin,523644.0,48920.0,0.1359
2022,1,Wisconsin,99028.0,17446.0,0.2368
2022,1,Wisconsin,424616.0,31474.0,0.11
2022,1,Wisconsin,450992.0,34263.0,0.1112
2022,1,Wisconsin,67984.0,13719.0,0.2907
2022,1,Wisconsin,4668.0,938.0,0.206
2022,1,Wisconsin,203062.0,17082.0,0.1282
2022,1,Wisconsin,320488.66667,31836.0,0.1405
2022,1,Wyoming,100262.33333,7319.0,0.1079
2022,1,Wyoming,11847.0,2034.0,0.2208
2022,1,Wyoming,88415.333333,5285.0,0.0901
2022,1,Wyoming,90216.0,5520.0,0.091
2022,1,Wyoming,9538.6666667,1692.0,0.252
2022,1,Wyoming,507.66666667,107.0,0.2149
2022,1,Wyoming,69724.0,5081.0,0.1098
2022,1,Wyoming,30524.333333,2236.0,0.1038
2022,2,Alabama,422193.0,27424.0,0.0823
2022,2,Alabama,72879.666667,6327.0,0.1117
2022,2,Alabama,349313.33333,21097.0,0.0762
2022,2,Alabama,354290.0,20522.0,0.0721
2022,2,Alabama,63014.666667,6377.0,0.1451
2022,2,Alabama,4888.3333333,525.0,0.1101
2022,2,Alabama,122696.33333,7139.0,0.0737
2022,2,Alabama,298568.66667,20209.0,0.0857
2022,2,Alaska,95098.333333,10470.0,0.1663
2022,2,Alaska,20999.333333,3326.0,0.2211
2022,2,Alaska,74099.0,7144.0,0.1491
2022,2,Alaska,84622.666667,8465.0,0.1523
2022,2,Alaska,9759.3333333,1889.0,0.2819
2022,2,Alaska,716.33333333,116.0,0.1734
2022,2,Alaska,45396.0,5255.0,0.1755
2022,2,Alaska,46334.333333,4823.0,0.156
2022,2,Arizona,643490.33333,80831.0,0.1636
2022,2,Arizona,67218.666667,11904.0,0.254
2022,2,Arizona,576271.66667,68927.0,0.1541
2022,2,Arizona,601356.0,71153.0,0.153
2022,2,Arizona,36964.333333,8372.0,0.3478
2022,2,Arizona,5170.0,1306.0,0.2603
2022,2,Arizona,94111.0,9814.0,0.1469
2022,2,Arizona,548010.33333,70916.0,0.1663
2022,2,Arkansas,366073.33333,29153.0,0.1022
2022,2,Arkansas,61889.666667,7680.0,0.1592
2022,2,Arkansas,304183.66667,21473.0,0.0906
2022,2,Arkansas,315166.66667,22238.0,0.0896
2022,2,Arkansas,47687.0,6417.0,0.1896
2022,2,Arkansas,3219.6666667,498.0,0.1613
2022,2,Arkansas,163993.0,11485.0,0.0906
2022,2,Arkansas,200397.0,17529.0,0.1116
2022,2,California,2832732.0,593786.0,0.2835
2022,2,California,948949.0,246205.0,0.3471
2022,2,California,1883783.0,347581.0,0.2509
2022,2,California,2506946.0,496172.0,0.2669
2022,2,California,289734.66667,85955.0,0.4269
2022,2,California,36051.333333,11659.0,0.3363
2022,2,California,314555.66667,55435.0,0.2432
2022,2,California,2515865.0,538073.0,0.2884
2022,2,Colorado,424682.0,46454.0,0.1499
2022,2,Colorado,66672.333333,12412.0,0.2555
2022,2,Colorado,358009.66667,34042.0,0.1303
2022,2,Colorado,383818.0,37032.0,0.1318
2022,2,Colorado,38045.0,8836.0,0.3363
2022,2,Colorado,2819.0,586.0,0.2201
2022,2,Colorado,106655.0,9371.0,0.1262
2022,2,Colorado,317737.66667,37066.0,0.1575
2022,2,Connecticut,276167.0,42862.0,0.1913
2022,2,Connecticut,74274.0,16293.0,0.2682
2022,2,Connecticut,201893.0,26569.0,0.1627
2022,2,Connecticut,241345.0,32821.0,0.1671
2022,2,Connecticut,32255.666667,9468.0,0.3758
2022,2,Connecticut,2566.3333333,573.0,0.2287
2022,2,Connecticut,12196.333333,1619.0,0.1664
2022,2,Connecticut,258819.66667,40366.0,0.1921
2022,2,Delaware,150418.33333,22775.0,0.1838
2022,2,Delaware,19645.0,4665.0,0.2966
2022,2,Delaware,130773.33333,18110.0,0.1674
2022,2,Delaware,136398.33333,18565.0,0.1645
2022,2,Delaware,12671.666667,3876.0,0.3993
2022,2,Delaware,1348.3333333,334.0,0.2552
2022,2,Delaware,47545.666667,6318.0,0.1572
2022,2,Delaware,102798.66667,16444.0,0.1966
2022,2,District Of Columbia,52954.666667,9176.0,0.2338
2022,2,District Of Columbia,20453.0,4269.0,0.2795
2022,2,District Of Columbia,32501.666667,4907.0,0.2046
2022,2,District Of Columbia,44876.666667,7120.0,0.2138
2022,2,District Of Columbia,7018.6666667,1801.0,0.3667
2022,2,District Of Columbia,1059.3333333,255.0,0.2476
2022,2,District Of Columbia,52934.0,9176.0,0.2338
2022,2,Florida,2009546.3333,227149.0,0.1375
2022,2,Florida,261334.66667,39785.0,0.1898
2022,2,Florida,1748211.6667,187364.0,0.13
2022,2,Florida,1832946.3333,195350.0,0.1285
2022,2,Florida,158395.66667,28397.0,0.2503
2022,2,Florida,18204.333333,3402.0,0.191
2022,2,Florida,76410.0,7095.0,0.118
2022,2,Florida,1929372.3333,219865.0,0.1384
2022,2,Georgia,782779.33333,66744.0,0.109
2022,2,Georgia,124437.33333,15428.0,0.1599
2022,2,Georgia,658342.0,51316.0,0.0995
2022,2,Georgia,686463.66667,53196.0,0.098
2022,2,Georgia,85087.333333,11846.0,0.2013
2022,2,Georgia,11228.333333,1702.0,0.1582
2022,2,Georgia,152929.33333,10693.0,0.0883
2022,2,Georgia,629263.0,56021.0,0.1141
2022,2,Hawaii,105240.66667,19103.0,0.2489
2022,2,Hawaii,11551.666667,2290.0,0.3011
2022,2,Hawaii,93689.0,16813.0,0.2431
2022,2,Hawaii,97077.666667,16891.0,0.2376
2022,2,Hawaii,6323.3333333,1576.0,0.4032
2022,2,Hawaii,1839.6666667,636.0,0.3645
2022,2,Hawaii,34500.666667,5063.0,0.2104
2022,2,Hawaii,70680.0,14039.0,0.2665
2022,2,Idaho,183766.0,10839.0,0.0829
2022,2,Idaho,25948.666667,2870.0,0.1556
2022,2,Idaho,157817.33333,7969.0,0.0709
2022,2,Idaho,163261.66667,8107.0,0.0695
2022,2,Idaho,19383.0,2581.0,0.1968
2022,2,Idaho,1121.3333333,151.0,0.1427
2022,2,Idaho,78798.666667,4185.0,0.0777
2022,2,Idaho,104941.66667,6653.0,0.0865
2022,2,Illinois,1237993.0,121009.0,0.1265
2022,2,Illinois,217491.33333,36624.0,0.2063
2022,2,Illinois,1020501.6667,84385.0,0.1083
2022,2,Illinois,1107766.6667,95532.0,0.1115
2022,2,Illinois,116880.0,22866.0,0.2622
2022,2,Illinois,13346.333333,2611.0,0.2011
2022,2,Illinois,225411.66667,13053.0,0.0755
2022,2,Illinois,1012095.0,107919.0,0.1377
2022,2,Indiana,651758.66667,46978.0,0.0926
2022,2,Indiana,111809.66667,16553.0,0.1843
2022,2,Indiana,539949.0,30425.0,0.0729
2022,2,Indiana,569799.66667,33705.0,0.0756
2022,2,Indiana,76114.333333,12480.0,0.2246
2022,2,Indiana,5844.6666667,793.0,0.1422
2022,2,Indiana,186599.0,11936.0,0.0824
2022,2,Indiana,464828.33333,35017.0,0.0967
2022,2,Iowa,407555.33333,20895.0,0.0668
2022,2,Iowa,50429.0,7205.0,0.1823
2022,2,Iowa,357126.33333,13690.0,0.0501
2022,2,Iowa,369698.33333,15553.0,0.0546
2022,2,Iowa,35380.0,5055.0,0.1973
2022,2,Iowa,2477.0,287.0,0.1224
2022,2,Iowa,222545.33333,11606.0,0.0685
2022,2,Iowa,184833.66667,9258.0,0.0646
2022,2,Kansas,358490.33333,23584.0,0.085
2022,2,Kansas,40920.666667,6052.0,0.1824
2022,2,Kansas,317569.66667,17532.0,0.0718
2022,2,Kansas,323206.66667,17936.0,0.0715
2022,2,Kansas,32810.0,5293.0,0.2196
2022,2,Kansas,2473.6666667,355.0,0.1487
2022,2,Kansas,170388.66667,10443.0,0.08
2022,2,Kansas,187626.33333,13114.0,0.0895
2022,2,Kentucky,437509.0,35302.0,0.1029
2022,2,Kentucky,89304.666667,13389.0,0.1861
2022,2,Kentucky,348204.33333,21913.0,0.0808
2022,2,Kentucky,366653.0,24191.0,0.0832
2022,2,Kentucky,67442.333333,10661.0,0.2168
2022,2,Kentucky,3413.6666667,450.0,0.1357
2022,2,Kentucky,217603.0,19479.0,0.1149
2022,2,Kentucky,218202.33333,15628.0,0.0907
2022,2,Louisiana,386744.66667,23479.0,0.0768
2022,2,Louisiana,91220.333333,8440.0,0.1169
2022,2,Louisiana,295524.33333,15039.0,0.0644
2022,2,Louisiana,328095.66667,17060.0,0.0651
2022,2,Louisiana,53259.0,5837.0,0.1523
2022,2,Louisiana,5390.0,582.0,0.11
2022,2,Louisiana,88778.333333,4860.0,0.0694
2022,2,Louisiana,295944.66667,18464.0,0.0789
2022,2,Maine,150151.0,15577.0,0.1445
2022,2,Maine,43625.333333,7229.0,0.2172
2022,2,Maine,106525.66667,8348.0,0.112
2022,2,Maine,123559.66667,10198.0,0.1144
2022,2,Maine,25673.0,5194.0,0.2921
2022,2,Maine,918.33333333,185.0,0.2076
2022,2,Maine,84841.666667,8303.0,0.1363
2022,2,Maine,65273.333333,7273.0,0.1551
2022,2,Maryland,736359.0,110333.0,0.1899
2022,2,Maryland,129125.33333,28350.0,0.2755
2022,2,Maryland,607233.66667,81983.0,0.1715
2022,2,Maryland,650983.66667,87161.0,0.1695
2022,2,Maryland,77151.666667,21390.0,0.3643
2022,2,Maryland,8223.6666667,1782.0,0.2228
2022,2,Maryland,43022.333333,4151.0,0.1185
2022,2,Maryland,693168.33333,106171.0,0.1945
2022,2,Massachusetts,820820.33333,170859.0,0.2582
2022,2,Massachusetts,203095.66667,59550.0,0.3628
2022,2,Massachusetts,617724.66667,111309.0,0.2237
2022,2,Massachusetts,703560.33333,128403.0,0.2258
2022,2,Massachusetts,112197.66667,41075.0,0.4665
2022,2,Massachusetts,5062.3333333,1381.0,0.2775
2022,2,Massachusetts,33116.0,6700.0,0.2569
2022,2,Massachusetts,787400.0,164126.0,0.2582
2022,2,Michigan,828410.0,108503.0,0.1705
2022,2,Michigan,171557.66667,35725.0,0.2597
2022,2,Michigan,656852.33333,72778.0,0.1459
2022,2,Michigan,692435.33333,76347.0,0.1429
2022,2,Michigan,127012.33333,30268.0,0.3245
2022,2,Michigan,8962.3333333,1888.0,0.2151
2022,2,Michigan,213477.66667,20902.0,0.1324
2022,2,Michigan,614670.0,87577.0,0.1831
2022,2,Minnesota,410510.33333,51780.0,0.1733
2022,2,Minnesota,75992.333333,18775.0,0.3194
2022,2,Minnesota,334518.0,33005.0,0.1375
2022,2,Minnesota,341165.33333,32994.0,0.1334
2022,2,Minnesota,65726.0,17851.0,0.3723
2022,2,Minnesota,3619.0,935.0,0.2736
2022,2,Minnesota,156838.33333,14235.0,0.1268
2022,2,Minnesota,253485.0,37534.0,0.2014
2022,2,Mississippi,366105.0,20827.0,0.0709
2022,2,Mississippi,77960.666667,6095.0,0.0952
2022,2,Mississippi,288144.33333,14732.0,0.0641
2022,2,Mississippi,309725.0,16081.0,0.0643
2022,2,Mississippi,51186.666667,4276.0,0.1114
2022,2,Mississippi,5193.3333333,470.0,0.092
2022,2,Mississippi,212682.0,10990.0,0.0641
2022,2,Mississippi,151773.33333,9734.0,0.0805
2022,2,Missouri,579472.0,37860.0,0.0855
2022,2,Missouri,83755.0,11901.0,0.1741
2022,2,Missouri,495717.0,25959.0,0.0693
2022,2,Missouri,499788.0,25952.0,0.0676
2022,2,Missouri,73894.333333,11152.0,0.2078
2022,2,Missouri,5789.6666667,756.0,0.136
2022,2,Missouri,212961.33333,11522.0,0.0729
2022,2,Missouri,366418.66667,26334.0,0.0924
2022,2,Montana,167115.33333,9851.0,0.0841
2022,2,Montana,23258.333333,2796.0,0.1642
2022,2,Montana,143857.0,7055.0,0.0705
2022,2,Montana,151174.0,7571.0,0.0713
2022,2,Montana,15130.666667,2166.0,0.2127
2022,2,Montana,810.66666667,114.0,0.1502
2022,2,Montana,113948.0,6907.0,0.0879
2022,2,Montana,53147.666667,2943.0,0.0764
2022,2,Nebraska,233129.33333,11530.0,0.0663
2022,2,Nebraska,24888.666667,3292.0,0.1647
2022,2,Nebraska,208240.66667,8238.0,0.0535
2022,2,Nebraska,213735.0,8773.0,0.0549
2022,2,Nebraska,17936.333333,2590.0,0.2027
2022,2,Nebraska,1458.0,167.0,0.1242
2022,2,Nebraska,117391.33333,5318.0,0.0615
2022,2,Nebraska,115668.0,6210.0,0.0709
2022,2,Nevada,250777.66667,28335.0,0.1559
2022,2,Nevada,40359.0,8142.0,0.2731
2022,2,Nevada,210418.66667,20193.0,0.1329
2022,2,Nevada,224326.0,22427.0,0.1378
2022,2,Nevada,23769.0,5305.0,0.3239
2022,2,Nevada,2682.6666667,603.0,0.2362
2022,2,Nevada,45599.0,3772.0,0.1171
2022,2,Nevada,204803.0,24541.0,0.1644
2022,2,New Hampshire,195801.66667,25078.0,0.1697
2022,2,New Hampshire,25556.666667,6685.0,0.33
2022,2,New Hampshire,170245.0,18393.0,0.1443
2022,2,New Hampshire,171231.33333,18374.0,0.1415
2022,2,New Hampshire,23632.0,6511.0,0.3834
2022,2,New Hampshire,938.33333333,193.0,0.2156
2022,2,New Hampshire,84729.666667,9960.0,0.1598
2022,2,New Hampshire,110608.33333,15043.0,0.1768
2022,2,New Jersey,881378.66667,134847.0,0.1875
2022,2,New Jersey,130366.0,27441.0,0.2533
2022,2,New Jersey,751012.66667,107406.0,0.1759
2022,2,New Jersey,792435.66667,111721.0,0.1721
2022,2,New Jersey,79789.333333,21263.0,0.3489
2022,2,New Jersey,9153.6666667,1863.0,0.2079
2022,2,New Jersey,10055.0,1397.0,0.1776
2022,2,New Jersey,869947.0,133349.0,0.1878
2022,2,New Mexico,205650.66667,25636.0,0.1751
2022,2,New Mexico,44680.333333,7106.0,0.2302
2022,2,New Mexico,160970.33333,18530.0,0.1604
2022,2,New Mexico,181132.0,20863.0,0.1612
2022,2,New Mexico,22203.0,4387.0,0.2978
2022,2,New Mexico,2315.6666667,386.0,0.1721
2022,2,New Mexico,83086.666667,9829.0,0.1665
2022,2,New Mexico,121980.66667,15735.0,0.181
2022,2,New York,1605805.0,270405.0,0.208
2022,2,New York,386983.33333,99046.0,0.3083
2022,2,New York,1218821.6667,171359.0,0.1751
2022,2,New York,1397412.6667,212824.0,0.1872
2022,2,New York,190907.66667,53513.0,0.3678
2022,2,New York,17484.666667,4068.0,0.235
2022,2,New York,190682.33333,25995.0,0.1732
2022,2,New York,1414216.3333,244337.0,0.2126
2022,2,North Carolina,959396.0,86379.0,0.1141
2022,2,North Carolina,145975.66667,21221.0,0.1838
2022,2,North Carolina,813420.33333,65158.0,0.1016
2022,2,North Carolina,837881.33333,65705.0,0.0986
2022,2,North Carolina,110988.66667,18906.0,0.2347
2022,2,North Carolina,10526.0,1768.0,0.1718
2022,2,North Carolina,283956.66667,23199.0,0.1033
2022,2,North Carolina,674251.66667,63068.0,0.1186
2022,2,North Dakota,91272.0,4804.0,0.0721
2022,2,North Dakota,13123.666667,1766.0,0.1696
2022,2,North Dakota,78148.333333,3038.0,0.054
2022,2,North Dakota,81627.333333,3449.0,0.0579
2022,2,North Dakota,8939.3333333,1249.0,0.1936
2022,2,North Dakota,705.33333333,106.0,0.1616
2022,2,North Dakota,53643.333333,3106.0,0.0805
2022,2,North Dakota,37570.333333,1695.0,0.0604
2022,2,Ohio,1000955.3333,85577.0,0.11
2022,2,Ohio,141569.66667,23082.0,0.2043
2022,2,Ohio,859385.66667,62495.0,0.094
2022,2,Ohio,882554.33333,64753.0,0.0937
2022,2,Ohio,110459.0,19607.0,0.2458
2022,2,Ohio,7942.0,1217.0,0.1603
2022,2,Ohio,285539.0,20162.0,0.0914
2022,2,Ohio,714936.33333,65367.0,0.1173
2022,2,Oklahoma,437538.66667,33316.0,0.0977
2022,2,Oklahoma,67386.333333,8956.0,0.1642
2022,2,Oklahoma,370152.33333,24360.0,0.0851
2022,2,Oklahoma,379560.33333,25232.0,0.0847
2022,2,Oklahoma,53593.0,7463.0,0.1919
2022,2,Oklahoma,4385.3333333,621.0,0.1469
2022,2,Oklahoma,208538.33333,15140.0,0.0934
2022,2,Oklahoma,228009.33333,18094.0,0.1016
2022,2,Oregon,374594.66667,47289.0,0.1807
2022,2,Oregon,75240.666667,12712.0,0.2514
2022,2,Oregon,299354.0,34577.0,0.1638
2022,2,Oregon,326275.66667,37152.0,0.1619
2022,2,Oregon,45564.333333,9463.0,0.3201
2022,2,Oregon,2754.6666667,674.0,0.2596
2022,2,Oregon,158255.66667,16643.0,0.1524
2022,2,Oregon,216262.33333,30645.0,0.201
2022,2,Pennsylvania,1221504.3333,131400.0,0.1365
2022,2,Pennsylvania,191246.33333,34597.0,0.2323
2022,2,Pennsylvania,1030258.0,96803.0,0.119
2022,2,Pennsylvania,1080279.6667,100544.0,0.1173
2022,2,Pennsylvania,131125.0,28750.0,0.3016
2022,2,Pennsylvania,10099.666667,2106.0,0.2145
2022,2,Pennsylvania,171973.33333,15049.0,0.1126
2022,2,Pennsylvania,1049023.0,116327.0,0.1404
2022,2,Puerto Rico,35866.0,2937.0,0.1232
2022,2,Rhode Island,83162.333333,13965.0,0.2113
2022,2,Rhode Island,13667.666667,2988.0,0.2942
2022,2,Rhode Island,69494.666667,10977.0,0.1962
2022,2,Rhode Island,73092.0,11480.0,0.1937
2022,2,Rhode Island,9514.3333333,2363.0,0.3754
2022,2,Rhode Island,556.0,122.0,0.2234
2022,2,Rhode Island,209.33333333,23.0,0.1429
2022,2,Rhode Island,82941.333333,13942.0,0.2114
2022,2,South Carolina,620237.33333,43872.0,0.0876
2022,2,South Carolina,53784.0,6273.0,0.1449
2022,2,South Carolina,566453.33333,37599.0,0.0822
2022,2,South Carolina,559057.33333,36652.0,0.0804
2022,2,South Carolina,55265.0,6325.0,0.16
2022,2,South Carolina,5915.0,895.0,0.1548
2022,2,South Carolina,113513.0,6965.0,0.077
2022,2,South Carolina,506366.33333,36898.0,0.0899
2022,2,South Dakota,117434.33333,5630.0,0.0666
2022,2,South Dakota,15966.666667,1592.0,0.1309
2022,2,South Dakota,101467.66667,4038.0,0.0558
2022,2,South Dakota,105740.33333,4326.0,0.0567
2022,2,South Dakota,10823.0,1135.0,0.153
2022,2,South Dakota,871.0,169.0,0.2053
2022,2,South Dakota,73687.333333,4091.0,0.0774
2022,2,South Dakota,43731.0,1537.0,0.0485
2022,2,Tennessee,640047.33333,38724.0,0.0767
2022,2,Tennessee,79857.333333,9204.0,0.1456
2022,2,Tennessee,560190.0,29520.0,0.0668
2022,2,Tennessee,569300.0,29571.0,0.0653
2022,2,Tennessee,64737.0,8422.0,0.1824
2022,2,Tennessee,6010.3333333,731.0,0.1255
2022,2,Tennessee,213150.0,11088.0,0.0659
2022,2,Tennessee,426115.0,27593.0,0.0821
2022,2,Territories,17184.333333,357.0,0.039
2022,2,Texas,1896861.6667,217617.0,0.1503
2022,2,Texas,240310.33333,43787.0,0.2271
2022,2,Texas,1656551.3333,173830.0,0.1385
2022,2,Texas,1700549.3333,180023.0,0.1378
2022,2,Texas,169358.66667,31689.0,0.2749
2022,2,Texas,26953.666667,5905.0,0.2264
2022,2,Texas,371649.66667,34780.0,0.1236
2022,2,Texas,1522734.6667,182607.0,0.1567
2022,2,Utah,196774.33333,15821.0,0.1085
2022,2,Utah,20878.333333,3134.0,0.2046
2022,2,Utah,175896.0,12687.0,0.0972
2022,2,Utah,177913.66667,12485.0,0.0941
2022,2,Utah,17245.666667,3052.0,0.2629
2022,2,Utah,1615.0,284.0,0.1931
2022,2,Utah,46381.666667,3735.0,0.1127
2022,2,Utah,150341.66667,12083.0,0.1073
2022,2,Vermont,102539.66667,13251.0,0.1742
2022,2,Vermont,22387.0,4567.0,0.263
2022,2,Vermont,80152.666667,8684.0,0.148
2022,2,Vermont,87991.0,9693.0,0.148
2022,2,Vermont,14165.333333,3373.0,0.3313
2022,2,Vermont,383.33333333,185.0,0.5027
2022,2,Vermont,76598.666667,9942.0,0.176
2022,2,Vermont,25615.666667,3251.0,0.1682
2022,2,Virgin Islands,12726.666667,739.0,0.0965
2022,2,Virginia,916580.66667,87535.0,0.1215
2022,2,Virginia,86738.0,13252.0,0.1925
2022,2,Virginia,829842.66667,74283.0,0.114
2022,2,Virginia,837677.33333,74063.0,0.1118
2022,2,Virginia,71091.666667,12219.0,0.2426
2022,2,Virginia,7811.6666667,1253.0,0.1659
2022,2,Virginia,159226.33333,11129.0,0.0897
2022,2,Virginia,755879.0,76259.0,0.1281
2022,2,Washington,712182.66667,77782.0,0.1548
2022,2,Washington,108083.0,16403.0,0.2223
2022,2,Washington,604099.66667,61379.0,0.1432
2022,2,Washington,636223.0,64219.0,0.1419
2022,2,Washington,70425.333333,12181.0,0.2743
2022,2,Washington,5534.3333333,1382.0,0.2606
2022,2,Washington,164551.33333,15477.0,0.1357
2022,2,Washington,547224.0,62280.0,0.1604
2022,2,West Virginia,207480.33333,20112.0,0.1265
2022,2,West Virginia,45551.0,7500.0,0.2124
2022,2,West Virginia,161929.33333,12612.0,0.102
2022,2,West Virginia,171365.66667,14023.0,0.1055
2022,2,West Virginia,34616.333333,5780.0,0.2348
2022,2,West Virginia,1498.3333333,309.0,0.2122
2022,2,West Virginia,69811.333333,6190.0,0.1159
2022,2,West Virginia,137431.66667,13899.0,0.1318
2022,2,Wisconsin,522721.33333,41409.0,0.1109
2022,2,Wisconsin,96992.333333,14601.0,0.1992
2022,2,Wisconsin,425729.0,26808.0,0.0894
2022,2,Wisconsin,450849.0,28842.0,0.0896
2022,2,Wisconsin,67411.333333,11842.0,0.251
2022,2,Wisconsin,4461.0,725.0,0.168
2022,2,Wisconsin,202724.0,14646.0,0.1046
2022,2,Wisconsin,319906.33333,26763.0,0.1148
2022,2,Wyoming,100670.66667,5647.0,0.0806
2022,2,Wyoming,11610.0,1569.0,0.1747
2022,2,Wyoming,89060.666667,4078.0,0.0667
2022,2,Wyoming,90657.666667,4267.0,0.0677
2022,2,Wyoming,9531.3333333,1283.0,0.1935
2022,2,Wyoming,481.66666667,97.0,0.2073
2022,2,Wyoming,70129.0,4075.0,0.0848
2022,2,Wyoming,30528.666667,1572.0,0.0714
2022,3,Alabama,420466.66667,28029.0,0.084
2022,3,Alabama,70697.666667,5836.0,0.1059
2022,3,Alabama,349769.0,22193.0,0.0797
2022,3,Alabama,353467.66667,21602.0,0.0757
2022,3,Alabama,62367.666667,5945.0,0.1365
2022,3,Alabama,4631.3333333,482.0,0.1071
2022,3,Alabama,121730.33333,7525.0,0.0778
2022,3,Alabama,297824.0,20432.0,0.0865
2022,3,Alaska,96496.333333,10462.0,0.1665
2022,3,Alaska,21199.0,3182.0,0.2126
2022,3,Alaska,75297.333333,7280.0,0.1521
2022,3,Alaska,85914.0,8561.0,0.1542
2022,3,Alaska,9889.6666667,1775.0,0.2666
2022,3,Alaska,692.66666667,126.0,0.1935
2022,3,Alaska,46068.666667,5230.0,0.1764
2022,3,Alaska,47000.333333,4815.0,0.1548
2022,3,Arizona,647301.66667,79079.0,0.1621
2022,3,Arizona,66317.0,11209.0,0.2461
2022,3,Arizona,580984.66667,67870.0,0.1534
2022,3,Arizona,605534.33333,69897.0,0.1522
2022,3,Arizona,36746.333333,7839.0,0.3299
2022,3,Arizona,5021.0,1343.0,0.2787
2022,3,Arizona,94322.0,9680.0,0.1471
2022,3,Arizona,551616.33333,69292.0,0.1645
2022,3,Arkansas,365833.0,31864.0,0.111
2022,3,Arkansas,60451.0,7713.0,0.1632
2022,3,Arkansas,305382.0,24151.0,0.1007
2022,3,Arkansas,315486.33333,24946.0,0.0996
2022,3,Arkansas,47274.666667,6459.0,0.1918
2022,3,Arkansas,3072.0,459.0,0.1584
2022,3,Arkansas,163612.0,12409.0,0.0972
2022,3,Arkansas,200557.0,19315.0,0.1221
2022,3,California,2860348.6667,592779.0,0.2813
2022,3,California,956037.66667,244013.0,0.3434
2022,3,California,1904311.0,348766.0,0.2498
2022,3,California,2532679.3333,495704.0,0.2651
2022,3,California,292423.33333,85831.0,0.423
2022,3,California,35246.0,11244.0,0.3318
2022,3,California,316773.33333,55304.0,0.2418
2022,3,California,2541287.3333,537232.0,0.2862
2022,3,Colorado,428435.0,45180.0,0.1456
2022,3,Colorado,66602.0,11627.0,0.2417
2022,3,Colorado,361833.0,33553.0,0.128
2022,3,Colorado,387714.66667,36206.0,0.1286
2022,3,Colorado,37969.0,8413.0,0.3235
2022,3,Colorado,2751.3333333,561.0,0.2162
2022,3,Colorado,107460.33333,9221.0,0.1246
2022,3,Colorado,320686.66667,35947.0,0.1523
2022,3,Connecticut,276383.66667,39360.0,0.1772
2022,3,Connecticut,73005.333333,15001.0,0.2533
2022,3,Connecticut,203378.33333,24359.0,0.1496
2022,3,Connecticut,241724.0,30092.0,0.1546
2022,3,Connecticut,32200.333333,8753.0,0.3495
2022,3,Connecticut,2459.3333333,515.0,0.2154
2022,3,Connecticut,12194.0,1501.0,0.1557
2022,3,Connecticut,259000.0,37091.0,0.1782
2022,3,Delaware,151367.66667,21105.0,0.1709
2022,3,Delaware,19504.333333,4301.0,0.2785
2022,3,Delaware,131863.33333,16804.0,0.1555
2022,3,Delaware,137376.66667,17114.0,0.152
2022,3,Delaware,12675.0,3699.0,0.3835
2022,3,Delaware,1316.0,292.0,0.2312
2022,3,Delaware,47958.666667,5893.0,0.1472
2022,3,Delaware,103337.0,15203.0,0.1822
2022,3,District Of Columbia,53214.0,8774.0,0.2255
2022,3,District Of Columbia,20324.333333,4060.0,0.2703
2022,3,District Of Columbia,32889.666667,4714.0,0.1973
2022,3,District Of Columbia,45169.0,6833.0,0.2063
2022,3,District Of Columbia,7014.0,1720.0,0.359
2022,3,District Of Columbia,1031.0,221.0,0.2206
2022,3,District Of Columbia,,0.0,
2022,3,District Of Columbia,53193.666667,8774.0,0.2255
2022,3,Florida,2014449.3333,229277.0,0.1414
2022,3,Florida,255801.0,38609.0,0.1896
2022,3,Florida,1758648.3333,190668.0,0.1345
2022,3,Florida,1838825.6667,197634.0,0.1324
2022,3,Florida,158188.0,28110.0,0.2509
2022,3,Florida,17435.666667,3533.0,0.2076
2022,3,Florida,76400.666667,7542.0,0.1269
2022,3,Florida,1934305.6667,221523.0,0.142
2022,3,Georgia,785318.0,69581.0,0.1127
2022,3,Georgia,121685.33333,15410.0,0.1623
2022,3,Georgia,663632.66667,54171.0,0.1037
2022,3,Georgia,689739.0,56080.0,0.1023
2022,3,Georgia,84700.0,11865.0,0.2026
2022,3,Georgia,10879.0,1636.0,0.1568
2022,3,Georgia,152294.0,11435.0,0.0942
2022,3,Georgia,632443.33333,58103.0,0.1172
2022,3,Hawaii,105690.33333,18446.0,0.2393
2022,3,Hawaii,11350.333333,2114.0,0.2892
2022,3,Hawaii,94340.0,16332.0,0.2341
2022,3,Hawaii,97612.666667,16389.0,0.2289
2022,3,Hawaii,6316.0,1462.0,0.3833
2022,3,Hawaii,1761.6666667,595.0,0.3608
2022,3,Hawaii,34670.333333,5181.0,0.2158
2022,3,Hawaii,70965.666667,13264.0,0.25
2022,3,Idaho,184619.33333,9971.0,0.0765
2022,3,Idaho,25625.0,2565.0,0.1413
2022,3,Idaho,158994.33333,7406.0,0.066
2022,3,Idaho,164133.0,7428.0,0.064
2022,3,Idaho,19410.0,2391.0,0.182
2022,3,Idaho,1076.3333333,152.0,0.1469
2022,3,Idaho,79197.666667,3827.0,0.0717
2022,3,Idaho,105397.33333,6144.0,0.0799
2022,3,Illinois,1244065.3333,117609.0,0.1226
2022,3,Illinois,216133.66667,34844.0,0.1979
2022,3,Illinois,1027931.6667,82765.0,0.1057
2022,3,Illinois,1113806.3333,93318.0,0.1086
2022,3,Illinois,117309.33333,21913.0,0.2507
2022,3,Illinois,12949.666667,2378.0,0.1891
2022,3,Illinois,225923.0,13217.0,0.076
2022,3,Illinois,1017662.0,104361.0,0.133
2022,3,Indiana,654160.0,46330.0,0.0909
2022,3,Indiana,109873.66667,15464.0,0.1748
2022,3,Indiana,544286.33333,30866.0,0.0732
2022,3,Indiana,572649.66667,33717.0,0.0751
2022,3,Indiana,75939.333333,11908.0,0.2147
2022,3,Indiana,5571.0,705.0,0.1323
2022,3,Indiana,186868.66667,11945.0,0.0822
2022,3,Indiana,466959.33333,34366.0,0.0943
2022,3,Iowa,408786.33333,20577.0,0.0656
2022,3,Iowa,49684.666667,6763.0,0.175
2022,3,Iowa,359101.66667,13814.0,0.0502
2022,3,Iowa,371142.0,15458.0,0.054
2022,3,Iowa,35268.0,4865.0,0.1923
2022,3,Iowa,2376.3333333,254.0,0.113
2022,3,Iowa,222899.66667,11353.0,0.0668
2022,3,Iowa,185712.66667,9202.0,0.0641
2022,3,Kansas,360078.33333,24024.0,0.0861
2022,3,Kansas,39956.0,5981.0,0.185
2022,3,Kansas,320122.33333,18043.0,0.0731
2022,3,Kansas,324933.33333,18437.0,0.0729
2022,3,Kansas,32759.666667,5248.0,0.2189
2022,3,Kansas,2385.3333333,339.0,0.1487
2022,3,Kansas,171020.33333,10693.0,0.0814
2022,3,Kansas,188585.33333,13291.0,0.0901
2022,3,Kentucky,435484.33333,36263.0,0.1056
2022,3,Kentucky,87052.333333,13167.0,0.1875
2022,3,Kentucky,348432.0,23096.0,0.0845
2022,3,Kentucky,366050.66667,25321.0,0.0867
2022,3,Kentucky,66237.0,10524.0,0.2172
2022,3,Kentucky,3196.6666667,418.0,0.1347
2022,3,Kentucky,215528.33333,19952.0,0.1181
2022,3,Kentucky,218279.33333,16119.0,0.093
2022,3,Louisiana,386652.0,24114.0,0.0785
2022,3,Louisiana,89229.0,8370.0,0.118
2022,3,Louisiana,297423.0,15744.0,0.0666
2022,3,Louisiana,328876.0,17760.0,0.0673
2022,3,Louisiana,52599.333333,5772.0,0.1512
2022,3,Louisiana,5176.6666667,582.0,0.1147
2022,3,Louisiana,88373.0,5303.0,0.0753
2022,3,Louisiana,296290.66667,18662.0,0.0793
2022,3,Maine,149205.33333,14116.0,0.1338
2022,3,Maine,42531.666667,6499.0,0.2025
2022,3,Maine,106673.66667,7617.0,0.1037
2022,3,Maine,122962.0,9152.0,0.1049
2022,3,Maine,25356.0,4813.0,0.2765
2022,3,Maine,887.33333333,151.0,0.1764
2022,3,Maine,84204.0,7612.0,0.1276
2022,3,Maine,64964.0,6503.0,0.1418
2022,3,Maryland,741900.0,107031.0,0.1839
2022,3,Maryland,128780.0,26937.0,0.2637
2022,3,Maryland,613120.0,80094.0,0.1669
2022,3,Maryland,656389.33333,84891.0,0.1647
2022,3,Maryland,77520.666667,20472.0,0.3479
2022,3,Maryland,7990.0,1668.0,0.2153
2022,3,Maryland,43222.0,3998.0,0.115
2022,3,Maryland,698514.66667,103029.0,0.1883
2022,3,Massachusetts,823399.33333,155910.0,0.2388
2022,3,Massachusetts,200822.66667,54193.0,0.338
2022,3,Massachusetts,622576.66667,101717.0,0.2065
2022,3,Massachusetts,707561.66667,117075.0,0.2084
2022,3,Massachusetts,110977.0,37657.0,0.4369
2022,3,Massachusetts,4860.6666667,1178.0,0.2454
2022,3,Massachusetts,33320.0,6052.0,0.2355
2022,3,Massachusetts,789781.66667,149824.0,0.239
2022,3,Michigan,826978.0,104292.0,0.1658
2022,3,Michigan,168207.0,33608.0,0.2504
2022,3,Michigan,658771.0,70684.0,0.1428
2022,3,Michigan,692555.66667,73540.0,0.1391
2022,3,Michigan,125782.0,29021.0,0.3155
2022,3,Michigan,8640.3333333,1731.0,0.2059
2022,3,Michigan,212808.0,19922.0,0.1283
2022,3,Michigan,613912.0,84342.0,0.1781
2022,3,Minnesota,412472.66667,48783.0,0.1644
2022,3,Minnesota,75698.333333,17653.0,0.3042
2022,3,Minnesota,336774.33333,31130.0,0.1304
2022,3,Minnesota,342991.0,30929.0,0.1258
2022,3,Minnesota,65954.0,17028.0,0.3572
2022,3,Minnesota,3527.6666667,826.0,0.2508
2022,3,Minnesota,157344.66667,13448.0,0.1209
2022,3,Minnesota,254936.66667,35319.0,0.1906
2022,3,Mississippi,364612.66667,20419.0,0.0693
2022,3,Mississippi,75266.666667,5677.0,0.0916
2022,3,Mississippi,289346.0,14742.0,0.0633
2022,3,Mississippi,309130.66667,15809.0,0.0627
2022,3,Mississippi,50508.0,4146.0,0.1093
2022,3,Mississippi,4974.0,464.0,0.0957
2022,3,Mississippi,211232.33333,10430.0,0.0607
2022,3,Mississippi,151761.66667,9901.0,0.0814
2022,3,Missouri,579985.0,37750.0,0.0851
2022,3,Missouri,81305.333333,11418.0,0.1717
2022,3,Missouri,498679.66667,26332.0,0.0699
2022,3,Missouri,501254.33333,26380.0,0.0685
2022,3,Missouri,73146.0,10638.0,0.2005
2022,3,Missouri,5584.6666667,732.0,0.1378
2022,3,Missouri,212568.66667,12184.0,0.0768
2022,3,Missouri,367326.33333,25562.0,0.0898
2022,3,Montana,168703.66667,9296.0,0.0794
2022,3,Montana,23276.0,2580.0,0.1533
2022,3,Montana,145427.66667,6716.0,0.0669
2022,3,Montana,152720.0,7164.0,0.0673
2022,3,Montana,15188.0,2027.0,0.2025
2022,3,Montana,795.66666667,105.0,0.1409
2022,3,Montana,115077.33333,6461.0,0.0822
2022,3,Montana,53608.666667,2834.0,0.0736
2022,3,Nebraska,233828.0,12098.0,0.0693
2022,3,Nebraska,24269.666667,3358.0,0.1732
2022,3,Nebraska,209558.33333,8740.0,0.0563
2022,3,Nebraska,214617.0,9454.0,0.0588
2022,3,Nebraska,17796.666667,2491.0,0.1979
2022,3,Nebraska,1414.3333333,153.0,0.1176
2022,3,Nebraska,117508.66667,5451.0,0.0628
2022,3,Nebraska,116250.33333,6643.0,0.0757
2022,3,Nevada,252416.66667,26948.0,0.1483
2022,3,Nevada,39854.333333,7699.0,0.2614
2022,3,Nevada,212562.33333,19249.0,0.1264
2022,3,Nevada,226004.66667,21236.0,0.1304
2022,3,Nevada,23818.666667,5147.0,0.3141
2022,3,Nevada,2593.3333333,565.0,0.2295
2022,3,Nevada,45955.333333,3547.0,0.1096
2022,3,Nevada,206095.33333,23375.0,0.1567
2022,3,New Hampshire,196900.66667,23486.0,0.161
2022,3,New Hampshire,25311.0,6193.0,0.3127
2022,3,New Hampshire,171589.66667,17293.0,0.1372
2022,3,New Hampshire,172370.66667,17347.0,0.1352
2022,3,New Hampshire,23635.0,5977.0,0.3581
2022,3,New Hampshire,895.0,162.0,0.1886
2022,3,New Hampshire,85168.333333,9346.0,0.1523
2022,3,New Hampshire,111264.33333,14079.0,0.1673
2022,3,New Jersey,887366.66667,128394.0,0.1792
2022,3,New Jersey,129535.0,25892.0,0.2423
2022,3,New Jersey,757831.66667,102502.0,0.1682
2022,3,New Jersey,798475.0,106534.0,0.1647
2022,3,New Jersey,80053.333333,20171.0,0.3318
2022,3,New Jersey,8838.3333333,1689.0,0.1951
2022,3,New Jersey,10049.666667,1245.0,0.159
2022,3,New Jersey,875993.33333,127046.0,0.1796
2022,3,New Mexico,206504.0,24456.0,0.1667
2022,3,New Mexico,44212.0,6654.0,0.2186
2022,3,New Mexico,162292.0,17802.0,0.1531
2022,3,New Mexico,182295.33333,20023.0,0.154
2022,3,New Mexico,21977.0,4060.0,0.2796
2022,3,New Mexico,2231.6666667,373.0,0.1728
2022,3,New Mexico,83197.0,9410.0,0.1593
2022,3,New Mexico,122727.0,14987.0,0.1718
2022,3,New York,1614027.0,256076.0,0.199
2022,3,New York,383907.66667,93463.0,0.2969
2022,3,New York,1230119.3333,162613.0,0.1672
2022,3,New York,1405826.0,201819.0,0.1792
2022,3,New York,191304.0,50590.0,0.3509
2022,3,New York,16897.0,3667.0,0.2206
2022,3,New York,190576.66667,24027.0,0.1631
2022,3,New York,1422557.3333,231987.0,0.2036
2022,3,North Carolina,959704.33333,87627.0,0.1157
2022,3,North Carolina,141900.66667,19943.0,0.1778
2022,3,North Carolina,817803.66667,67684.0,0.1049
2022,3,North Carolina,839743.0,67759.0,0.1014
2022,3,North Carolina,109888.0,18224.0,0.2287
2022,3,North Carolina,10073.333333,1644.0,0.1687
2022,3,North Carolina,283076.0,23426.0,0.1047
2022,3,North Carolina,675454.0,64087.0,0.1203
2022,3,North Dakota,91898.0,4263.0,0.0636
2022,3,North Dakota,13072.666667,1654.0,0.1589
2022,3,North Dakota,78825.333333,2609.0,0.046
2022,3,North Dakota,82169.333333,3027.0,0.0506
2022,3,North Dakota,9038.6666667,1143.0,0.1739
2022,3,North Dakota,690.0,93.0,0.1433
2022,3,North Dakota,54036.333333,2741.0,0.0709
2022,3,North Dakota,37809.0,1521.0,0.0536
2022,3,Ohio,1004912.3333,87492.0,0.1124
2022,3,Ohio,138289.66667,22351.0,0.2033
2022,3,Ohio,866622.66667,65141.0,0.0974
2022,3,Ohio,887677.33333,67499.0,0.0975
2022,3,Ohio,109665.0,18855.0,0.2399
2022,3,Ohio,7570.0,1138.0,0.1572
2022,3,Ohio,285866.33333,21091.0,0.0957
2022,3,Ohio,718569.33333,66357.0,0.119
2022,3,Oklahoma,439084.33333,34963.0,0.1019
2022,3,Oklahoma,65764.333333,8791.0,0.1649
2022,3,Oklahoma,373320.0,26172.0,0.0903
2022,3,Oklahoma,381315.66667,26840.0,0.0894
2022,3,Oklahoma,53522.333333,7444.0,0.1915
2022,3,Oklahoma,4246.3333333,679.0,0.168
2022,3,Oklahoma,208735.0,15777.0,0.0968
2022,3,Oklahoma,229364.33333,19097.0,0.1065
2022,3,Oregon,376285.0,43864.0,0.1685
2022,3,Oregon,74832.0,11783.0,0.2367
2022,3,Oregon,301453.0,32081.0,0.1523
2022,3,Oregon,328001.66667,34390.0,0.1504
2022,3,Oregon,45652.666667,8833.0,0.3019
2022,3,Oregon,2630.6666667,641.0,0.2624
2022,3,Oregon,159009.66667,15599.0,0.1436
2022,3,Oregon,217195.0,28265.0,0.1863
2022,3,Pennsylvania,1226283.6667,125617.0,0.1307
2022,3,Pennsylvania,189084.33333,32753.0,0.2236
2022,3,Pennsylvania,1037199.3333,92864.0,0.114
2022,3,Pennsylvania,1086033.0,96378.0,0.1125
2022,3,Pennsylvania,130574.33333,27387.0,0.2885
2022,3,Pennsylvania,9676.3333333,1852.0,0.197
2022,3,Pennsylvania,171707.66667,14772.0,0.1111
2022,3,Pennsylvania,1054083.6667,110830.0,0.1339
2022,3,Puerto Rico,35386.666667,2721.0,0.1171
2022,3,Rhode Island,82859.0,12602.0,0.1933
2022,3,Rhode Island,13120.666667,2490.0,0.2597
2022,3,Rhode Island,69738.333333,10112.0,0.1818
2022,3,Rhode Island,73029.0,10443.0,0.1781
2022,3,Rhode Island,9311.3333333,2066.0,0.3411
2022,3,Rhode Island,518.66666667,93.0,0.1845
2022,3,Rhode Island,209.33333333,24.0,0.1558
2022,3,Rhode Island,82637.0,12578.0,0.1934
2022,3,South Carolina,622485.66667,47114.0,0.0936
2022,3,South Carolina,52451.666667,6341.0,0.1507
2022,3,South Carolina,570034.0,40773.0,0.0884
2022,3,South Carolina,561930.0,39729.0,0.0866
2022,3,South Carolina,54857.666667,6478.0,0.1656
2022,3,South Carolina,5698.0,907.0,0.1648
2022,3,South Carolina,113522.0,7408.0,0.0817
2022,3,South Carolina,508611.33333,39689.0,0.0963
2022,3,South Dakota,118211.33333,5769.0,0.0682
2022,3,South Dakota,15703.333333,1533.0,0.1286
2022,3,South Dakota,102508.0,4236.0,0.0583
2022,3,South Dakota,106484.33333,4465.0,0.0585
2022,3,South Dakota,10881.333333,1120.0,0.1496
2022,3,South Dakota,845.66666667,184.0,0.2258
2022,3,South Dakota,74236.666667,4170.0,0.079
2022,3,South Dakota,43959.0,1597.0,0.0502
2022,3,Tennessee,641096.0,39965.0,0.0787
2022,3,Tennessee,77781.333333,8733.0,0.1419
2022,3,Tennessee,563314.66667,31232.0,0.07
2022,3,Tennessee,571209.66667,31154.0,0.0683
2022,3,Tennessee,64088.666667,8071.0,0.1763
2022,3,Tennessee,5797.6666667,740.0,0.1329
2022,3,Tennessee,212763.66667,11589.0,0.0686
2022,3,Tennessee,427553.0,28326.0,0.0838
2022,3,Territories,17554.0,478.0,0.0516
2022,3,Texas,1910826.0,229090.0,0.1575
2022,3,Texas,234277.0,43620.0,0.2324
2022,3,Texas,1676549.0,185470.0,0.1464
2022,3,Texas,1715989.3333,192034.0,0.146
2022,3,Texas,168629.66667,31537.0,0.276
2022,3,Texas,26207.0,5519.0,0.2189
2022,3,Texas,372490.66667,37043.0,0.1309
2022,3,Texas,1535866.3333,191791.0,0.1639
2022,3,Utah,197501.66667,14735.0,0.1005
2022,3,Utah,20629.666667,2814.0,0.1868
2022,3,Utah,176872.0,11921.0,0.0906
2022,3,Utah,178751.33333,11718.0,0.0877
2022,3,Utah,17191.0,2777.0,0.2416
2022,3,Utah,1559.3333333,240.0,0.1671
2022,3,Utah,46635.333333,3547.0,0.1064
2022,3,Utah,150814.0,11186.0,0.0988
2022,3,Vermont,103061.66667,11702.0,0.1558
2022,3,Vermont,22041.666667,3981.0,0.2373
2022,3,Vermont,81020.0,7721.0,0.1324
2022,3,Vermont,88524.333333,8480.0,0.1312
2022,3,Vermont,14170.666667,3111.0,0.3078
2022,3,Vermont,366.66666667,111.0,0.3171
2022,3,Vermont,76922.666667,8828.0,0.1583
2022,3,Vermont,25819.0,2822.0,0.1478
2022,3,Virgin Islands,12870.0,676.0,0.0876
2022,3,Virginia,919869.33333,88674.0,0.1227
2022,3,Virginia,83563.0,12677.0,0.1921
2022,3,Virginia,836306.33333,75997.0,0.1157
2022,3,Virginia,841935.33333,75468.0,0.1133
2022,3,Virginia,70490.333333,12014.0,0.242
2022,3,Virginia,7443.6666667,1192.0,0.166
2022,3,Virginia,158683.66667,11357.0,0.0914
2022,3,Virginia,759716.66667,77177.0,0.1291
2022,3,Washington,714636.33333,75714.0,0.1507
2022,3,Washington,106694.33333,14998.0,0.2078
2022,3,Washington,607942.0,60716.0,0.1411
2022,3,Washington,639107.0,63047.0,0.1391
2022,3,Washington,70177.0,11429.0,0.2599
2022,3,Washington,5352.3333333,1238.0,0.2433
2022,3,Washington,165317.0,15550.0,0.1362
2022,3,Washington,548914.0,60135.0,0.155
2022,3,West Virginia,206967.0,20263.0,0.1279
2022,3,West Virginia,44361.333333,7225.0,0.2094
2022,3,West Virginia,162605.66667,13038.0,0.1052
2022,3,West Virginia,171283.33333,14368.0,0.1083
2022,3,West Virginia,34283.0,5595.0,0.2285
2022,3,West Virginia,1400.6666667,300.0,0.2219
2022,3,West Virginia,69547.333333,6266.0,0.1176
2022,3,West Virginia,137187.0,13969.0,0.133
2022,3,Wisconsin,524440.0,40652.0,0.1088
2022,3,Wisconsin,95683.333333,13931.0,0.1935
2022,3,Wisconsin,428756.66667,26721.0,0.0885
2022,3,Wisconsin,452910.66667,28608.0,0.0886
2022,3,Wisconsin,67228.0,11394.0,0.2433
2022,3,Wisconsin,4301.3333333,650.0,0.1572
2022,3,Wisconsin,203478.0,14442.0,0.1027
2022,3,Wisconsin,320872.0,26209.0,0.1124
2022,3,Wyoming,101603.0,5086.0,0.073
2022,3,Wyoming,11443.666667,1464.0,0.1654
2022,3,Wyoming,90159.333333,3622.0,0.0596
2022,3,Wyoming,91528.0,3736.0,0.0597
2022,3,Wyoming,9606.0,1238.0,0.187
2022,3,Wyoming,469.0,112.0,0.25
2022,3,Wyoming,70839.666667,3579.0,0.0751
2022,3,Wyoming,30750.333333,1507.0,0.0685
2022,4,Alabama,418186.33333,24524.0,0.0747
2022,4,Alabama,68888.666667,5298.0,0.1007
2022,4,Alabama,349297.66667,19226.0,0.0697
2022,4,Alabama,351838.33333,18678.0,0.0662
2022,4,Alabama,61915.333333,5459.0,0.129
2022,4,Alabama,4432.6666667,387.0,0.0916
2022,4,Alabama,120798.33333,6398.0,0.0672
2022,4,Alabama,296488.0,18061.0,0.0776
2022,4,Alaska,97387.333333,10024.0,0.1596
2022,4,Alaska,21299.0,3184.0,0.2171
2022,4,Alaska,76088.333333,6840.0,0.142
2022,4,Alaska,86715.333333,8116.0,0.1461
2022,4,Alaska,10000.333333,1813.0,0.2727
2022,4,Alaska,671.66666667,95.0,0.1522
2022,4,Alaska,46509.333333,5013.0,0.1681
2022,4,Alaska,47407.0,4662.0,0.1507
2022,4,Arizona,649622.0,79786.0,0.1613
2022,4,Arizona,65771.0,10600.0,0.2392
2022,4,Arizona,583851.0,69186.0,0.1536
2022,4,Arizona,607902.33333,71103.0,0.1523
2022,4,Arizona,36850.666667,7559.0,0.3278
2022,4,Arizona,4869.0,1124.0,0.2426
2022,4,Arizona,94427.666667,9940.0,0.1501
2022,4,Arizona,553831.66667,69753.0,0.1632
2022,4,Arkansas,365097.66667,30549.0,0.107
2022,4,Arkansas,59154.666667,7430.0,0.1634
2022,4,Arkansas,305943.0,23119.0,0.0964
2022,4,Arkansas,315157.0,23987.0,0.096
2022,4,Arkansas,46986.0,6160.0,0.1879
2022,4,Arkansas,2954.6666667,402.0,0.1462
2022,4,Arkansas,163051.66667,11996.0,0.0947
2022,4,Arkansas,200400.33333,18424.0,0.117
2022,4,California,2871569.3333,579419.0,0.2761
2022,4,California,958714.66667,234476.0,0.3338
2022,4,California,1912854.6667,344943.0,0.247
2022,4,California,2543309.0,485462.0,0.2603
2022,4,California,294127.66667,83418.0,0.415
2022,4,California,34132.666667,10539.0,0.3229
2022,4,California,318056.66667,55270.0,0.2422
2022,4,California,2551259.6667,523899.0,0.2802
2022,4,Colorado,430635.33333,48196.0,0.1546
2022,4,Colorado,66449.333333,11755.0,0.2499
2022,4,Colorado,364186.0,36441.0,0.1377
2022,4,Colorado,389994.0,39061.0,0.1377
2022,4,Colorado,37966.666667,8534.0,0.3334
2022,4,Colorado,2674.6666667,601.0,0.2427
2022,4,Colorado,108051.66667,10333.0,0.1383
2022,4,Colorado,322287.0,37836.0,0.1597
2022,4,Connecticut,275469.0,40036.0,0.1799
2022,4,Connecticut,71787.333333,14602.0,0.2529
2022,4,Connecticut,203681.66667,25434.0,0.1544
2022,4,Connecticut,240909.66667,31009.0,0.1584
2022,4,Connecticut,32211.666667,8525.0,0.3474
2022,4,Connecticut,2347.6666667,502.0,0.2223
2022,4,Connecticut,12167.333333,1559.0,0.1611
2022,4,Connecticut,258096.33333,37702.0,0.1808
2022,4,Delaware,151966.0,20905.0,0.1673
2022,4,Delaware,19476.666667,4248.0,0.2779
2022,4,Delaware,132489.33333,16657.0,0.1519
2022,4,Delaware,137943.33333,17021.0,0.1492
2022,4,Delaware,12719.333333,3602.0,0.3763
2022,4,Delaware,1303.3333333,282.0,0.2258
2022,4,Delaware,48232.333333,5763.0,0.141
2022,4,Delaware,103662.66667,15134.0,0.1801
2022,4,District Of Columbia,53140.0,8464.0,0.2177
2022,4,District Of Columbia,20260.333333,3834.0,0.2605
2022,4,District Of Columbia,32879.666667,4630.0,0.1917
2022,4,District Of Columbia,45110.666667,6614.0,0.1998
2022,4,District Of Columbia,7040.0,1641.0,0.3414
2022,4,District Of Columbia,989.33333333,209.0,0.2184
2022,4,District Of Columbia,,0.0,
2022,4,District Of Columbia,53122.0,8464.0,0.2177
2022,4,Florida,2013350.6667,213331.0,0.1301
2022,4,Florida,249565.66667,35081.0,0.1785
2022,4,Florida,1763785.0,178250.0,0.1235
2022,4,Florida,1838867.6667,183626.0,0.1213
2022,4,Florida,157840.66667,26602.0,0.241
2022,4,Florida,16642.333333,3103.0,0.194
2022,4,Florida,76293.333333,6884.0,0.1158
2022,4,Florida,1933324.6667,206249.0,0.1307
2022,4,Georgia,785516.66667,64952.0,0.1064
2022,4,Georgia,118856.33333,14038.0,0.1551
2022,4,Georgia,666660.33333,50914.0,0.098
2022,4,Georgia,690608.33333,52519.0,0.0967
2022,4,Georgia,84437.333333,11029.0,0.1938
2022,4,Georgia,10471.0,1404.0,0.1418
2022,4,Georgia,151583.66667,10285.0,0.0861
2022,4,Georgia,633365.0,54636.0,0.1114
2022,4,Hawaii,105797.0,16816.0,0.2215
2022,4,Hawaii,11225.0,1907.0,0.2714
2022,4,Hawaii,94572.0,14909.0,0.2164
2022,4,Hawaii,97797.0,14900.0,0.211
2022,4,Hawaii,6290.3333333,1378.0,0.3686
2022,4,Hawaii,1709.6666667,538.0,0.3422
2022,4,Hawaii,34698.0,4555.0,0.1927
2022,4,Hawaii,71043.333333,12261.0,0.2345
2022,4,Idaho,185072.0,10740.0,0.0822
2022,4,Idaho,25429.666667,2707.0,0.1529
2022,4,Idaho,159642.33333,8033.0,0.0711
2022,4,Idaho,164535.0,8145.0,0.0697
2022,4,Idaho,19496.0,2423.0,0.1892
2022,4,Idaho,1041.0,172.0,0.1755
2022,4,Idaho,79381.0,4231.0,0.0789
2022,4,Idaho,105663.66667,6509.0,0.0845
2022,4,Illinois,1246440.0,121180.0,0.126
2022,4,Illinois,214534.33333,35094.0,0.2035
2022,4,Illinois,1031905.6667,86086.0,0.1091
2022,4,Illinois,1115720.0,96943.0,0.1123
2022,4,Illinois,118260.0,21957.0,0.254
2022,4,Illinois,12460.0,2280.0,0.1902
2022,4,Illinois,226367.66667,13060.0,0.0752
2022,4,Illinois,1019600.6667,108086.0,0.1372
2022,4,Indiana,655108.0,45827.0,0.0901
2022,4,Indiana,108295.0,14279.0,0.1677
2022,4,Indiana,546813.0,31548.0,0.0745
2022,4,Indiana,573731.0,33995.0,0.0756
2022,4,Indiana,76044.666667,11155.0,0.2067
2022,4,Indiana,5332.3333333,677.0,0.135
2022,4,Indiana,186715.66667,11853.0,0.0818
2022,4,Indiana,468062.66667,33952.0,0.0934
2022,4,Iowa,409617.66667,20398.0,0.0649
2022,4,Iowa,49333.666667,6548.0,0.1749
2022,4,Iowa,360284.0,13850.0,0.05
2022,4,Iowa,371887.66667,15256.0,0.0531
2022,4,Iowa,35445.0,4870.0,0.1971
2022,4,Iowa,2285.0,272.0,0.1285
2022,4,Iowa,223194.66667,11301.0,0.0665
2022,4,Iowa,186249.0,9073.0,0.0629
2022,4,Kansas,361027.66667,23500.0,0.0843
2022,4,Kansas,39138.333333,5626.0,0.1806
2022,4,Kansas,321889.33333,17874.0,0.0722
2022,4,Kansas,325868.66667,18205.0,0.072
2022,4,Kansas,32859.333333,4987.0,0.2108
2022,4,Kansas,2299.6666667,308.0,0.1427
2022,4,Kansas,171353.66667,10763.0,0.0821
2022,4,Kansas,189195.66667,12700.0,0.0862
2022,4,Kentucky,433277.33333,32412.0,0.0955
2022,4,Kentucky,85264.0,11834.0,0.1751
2022,4,Kentucky,348013.33333,20578.0,0.0757
2022,4,Kentucky,364791.0,22453.0,0.0775
2022,4,Kentucky,65456.333333,9598.0,0.205
2022,4,Kentucky,3030.0,361.0,0.125
2022,4,Kentucky,213790.33333,17648.0,0.1062
2022,4,Kentucky,217829.33333,14590.0,0.0849
2022,4,Louisiana,385879.33333,21984.0,0.0725
2022,4,Louisiana,87759.666667,7585.0,0.1117
2022,4,Louisiana,298119.66667,14399.0,0.0612
2022,4,Louisiana,328824.66667,16114.0,0.0616
2022,4,Louisiana,52082.666667,5319.0,0.1446
2022,4,Louisiana,4972.0,551.0,0.1154
2022,4,Louisiana,87993.0,4674.0,0.0674
2022,4,Louisiana,295906.0,17157.0,0.0738
2022,4,Maine,147898.66667,13803.0,0.1307
2022,4,Maine,41756.0,6192.0,0.1988
2022,4,Maine,106142.66667,7611.0,0.1023
2022,4,Maine,121871.33333,9024.0,0.1029
2022,4,Maine,25193.333333,4644.0,0.2722
2022,4,Maine,834.0,135.0,0.1688
2022,4,Maine,83392.0,7437.0,0.1248
2022,4,Maine,64469.666667,6365.0,0.1384
2022,4,Maryland,744026.33333,108726.0,0.1859
2022,4,Maryland,128349.66667,26398.0,0.2624
2022,4,Maryland,615676.66667,82328.0,0.17
2022,4,Maryland,658498.33333,87173.0,0.1679
2022,4,Maryland,77807.666667,20050.0,0.3435
2022,4,Maryland,7720.3333333,1503.0,0.2026
2022,4,Maryland,43301.333333,4152.0,0.1186
2022,4,Maryland,700566.66667,104566.0,0.1902
2022,4,Massachusetts,822809.66667,158902.0,0.2407
2022,4,Massachusetts,198059.33333,52957.0,0.3363
2022,4,Massachusetts,624750.33333,105945.0,0.2107
2022,4,Massachusetts,708754.0,121110.0,0.212
2022,4,Massachusetts,109409.33333,36663.0,0.4337
2022,4,Massachusetts,4646.3333333,1129.0,0.2477
2022,4,Massachusetts,33448.0,6287.0,0.2401
2022,4,Massachusetts,789067.33333,152590.0,0.2407
2022,4,Michigan,824032.0,106486.0,0.1697
2022,4,Michigan,164363.33333,32805.0,0.2544
2022,4,Michigan,659668.66667,73681.0,0.1478
2022,4,Michigan,691042.0,76420.0,0.1442
2022,4,Michigan,124694.66667,28288.0,0.3159
2022,4,Michigan,8295.3333333,1778.0,0.2224
2022,4,Michigan,212153.33333,20531.0,0.132
2022,4,Michigan,611631.33333,85924.0,0.1821
2022,4,Minnesota,412948.66667,51659.0,0.1746
2022,4,Minnesota,75510.666667,17890.0,0.3151
2022,4,Minnesota,337438.0,33769.0,0.1412
2022,4,Minnesota,343021.33333,33476.0,0.1363
2022,4,Minnesota,66522.0,17345.0,0.3676
2022,4,Minnesota,3405.3333333,838.0,0.2631
2022,4,Minnesota,157416.0,14401.0,0.1295
2022,4,Minnesota,255344.0,37246.0,0.2018
2022,4,Mississippi,363159.33333,17579.0,0.0604
2022,4,Mississippi,73319.333333,4908.0,0.0828
2022,4,Mississippi,289840.0,12671.0,0.0547
2022,4,Mississippi,308264.33333,13457.0,0.0539
2022,4,Mississippi,50134.0,3725.0,0.1012
2022,4,Mississippi,4761.0,397.0,0.0867
2022,4,Mississippi,209949.33333,8720.0,0.0515
2022,4,Mississippi,151617.33333,8772.0,0.0728
2022,4,Missouri,579306.0,38098.0,0.0862
2022,4,Missouri,79455.333333,10967.0,0.172
2022,4,Missouri,499850.66667,27131.0,0.0717
2022,4,Missouri,501099.33333,26969.0,0.07
2022,4,Missouri,72854.666667,10386.0,0.2012
2022,4,Missouri,5352.0,743.0,0.1478
2022,4,Missouri,211853.33333,12452.0,0.0788
2022,4,Missouri,367362.0,25644.0,0.0904
2022,4,Montana,169722.33333,9998.0,0.0856
2022,4,Montana,23289.666667,2736.0,0.165
2022,4,Montana,146432.66667,7262.0,0.0725
2022,4,Montana,153701.0,7760.0,0.0731
2022,4,Montana,15252.333333,2129.0,0.2143
2022,4,Montana,769.0,109.0,0.1506
2022,4,Montana,115847.33333,6933.0,0.0886
2022,4,Montana,53858.333333,3064.0,0.0795
2022,4,Nebraska,234096.66667,12864.0,0.0738
2022,4,Nebraska,23876.333333,3352.0,0.1793
2022,4,Nebraska,210220.33333,9512.0,0.0611
2022,4,Nebraska,214917.33333,10230.0,0.0636
2022,4,Nebraska,17820.0,2455.0,0.2015
2022,4,Nebraska,1359.3333333,179.0,0.143
2022,4,Nebraska,117502.0,5868.0,0.0679
2022,4,Nebraska,116526.33333,6993.0,0.0796
2022,4,Nevada,253094.66667,26571.0,0.1463
2022,4,Nevada,39308.666667,7304.0,0.2558
2022,4,Nevada,213786.0,19267.0,0.1258
2022,4,Nevada,226692.33333,21069.0,0.1291
2022,4,Nevada,23877.333333,4990.0,0.3108
2022,4,Nevada,2525.0,512.0,0.2158
2022,4,Nevada,46138.666667,3704.0,0.1153
2022,4,Nevada,206595.33333,22837.0,0.1529
2022,4,New Hampshire,197318.0,24273.0,0.164
2022,4,New Hampshire,25043.333333,6046.0,0.3128
2022,4,New Hampshire,172274.66667,18227.0,0.1416
2022,4,New Hampshire,172851.0,18217.0,0.1393
2022,4,New Hampshire,23614.0,5887.0,0.358
2022,4,New Hampshire,853.0,169.0,0.2069
2022,4,New Hampshire,85263.666667,9778.0,0.1573
2022,4,New Hampshire,111588.0,14428.0,0.1687
2022,4,New Jersey,889488.0,133315.0,0.1843
2022,4,New Jersey,128092.33333,26544.0,0.253
2022,4,New Jersey,761395.66667,106771.0,0.1726
2022,4,New Jersey,800615.66667,111263.0,0.17
2022,4,New Jersey,80360.333333,20379.0,0.336
2022,4,New Jersey,8512.0,1673.0,0.202
2022,4,New Jersey,10031.0,1226.0,0.1575
2022,4,New Jersey,878208.33333,131967.0,0.1846
2022,4,New Mexico,207032.66667,24888.0,0.1707
2022,4,New Mexico,44156.666667,6750.0,0.228
2022,4,New Mexico,162876.0,18138.0,0.1561
2022,4,New Mexico,182866.0,20495.0,0.1583
2022,4,New Mexico,22018.666667,4012.0,0.282
2022,4,New Mexico,2148.0,381.0,0.1853
2022,4,New Mexico,83226.333333,9815.0,0.1679
2022,4,New Mexico,123225.0,15013.0,0.1727
2022,4,New York,1614267.3333,269476.0,0.2075
2022,4,New York,378770.66667,97168.0,0.3148
2022,4,New York,1235496.6667,172308.0,0.174
2022,4,New York,1406237.0,214373.0,0.1881
2022,4,New York,191747.33333,51433.0,0.3582
2022,4,New York,16283.0,3670.0,0.2307
2022,4,New York,190033.0,25185.0,0.1695
2022,4,New York,1423348.0,244216.0,0.2124
2022,4,North Carolina,958435.66667,83832.0,0.1112
2022,4,North Carolina,138411.66667,18751.0,0.1741
2022,4,North Carolina,820024.0,65081.0,0.1007
2022,4,North Carolina,839638.0,64896.0,0.0973
2022,4,North Carolina,109170.33333,17450.0,0.2243
2022,4,North Carolina,9627.3333333,1486.0,0.1613
2022,4,North Carolina,282164.0,22334.0,0.1002
2022,4,North Carolina,675121.33333,61398.0,0.1159
2022,4,North Dakota,92184.666667,4544.0,0.0685
2022,4,North Dakota,12945.0,1674.0,0.1674
2022,4,North Dakota,79239.666667,2870.0,0.051
2022,4,North Dakota,82396.0,3223.0,0.0543
2022,4,North Dakota,9130.3333333,1215.0,0.1905
2022,4,North Dakota,658.33333333,106.0,0.1712
2022,4,North Dakota,54204.333333,2896.0,0.0758
2022,4,North Dakota,37928.666667,1647.0,0.0587
2022,4,Ohio,1006387.0,89322.0,0.1145
2022,4,Ohio,136132.33333,22270.0,0.2093
2022,4,Ohio,870254.66667,67052.0,0.0995
2022,4,Ohio,889543.0,69390.0,0.0997
2022,4,Ohio,109633.33333,18826.0,0.2447
2022,4,Ohio,7210.6666667,1106.0,0.162
2022,4,Ohio,285769.66667,20774.0,0.0943
2022,4,Ohio,720143.66667,68503.0,0.1225
2022,4,Oklahoma,439192.66667,33821.0,0.0995
2022,4,Oklahoma,64099.333333,8332.0,0.1634
2022,4,Oklahoma,375093.33333,25489.0,0.0882
2022,4,Oklahoma,381554.66667,25950.0,0.087
2022,4,Oklahoma,53540.0,7272.0,0.1923
2022,4,Oklahoma,4098.0,599.0,0.1569
2022,4,Oklahoma,208427.33333,14904.0,0.0925
2022,4,Oklahoma,229791.0,18816.0,0.1056
2022,4,Oregon,377146.33333,43912.0,0.1691
2022,4,Oregon,74836.666667,11697.0,0.2403
2022,4,Oregon,302309.66667,32215.0,0.1527
2022,4,Oregon,328675.0,34407.0,0.1506
2022,4,Oregon,45959.666667,8827.0,0.3056
2022,4,Oregon,2511.6666667,678.0,0.2916
2022,4,Oregon,159424.66667,15314.0,0.1413
2022,4,Oregon,217645.66667,28597.0,0.1891
2022,4,Pennsylvania,1228501.3333,133408.0,0.1376
2022,4,Pennsylvania,187655.66667,33032.0,0.2302
2022,4,Pennsylvania,1040845.6667,100376.0,0.1215
2022,4,Pennsylvania,1088447.3333,103992.0,0.12
2022,4,Pennsylvania,130788.0,27621.0,0.2948
2022,4,Pennsylvania,9266.0,1795.0,0.2012
2022,4,Pennsylvania,171400.66667,16042.0,0.1206
2022,4,Pennsylvania,1056626.6667,117351.0,0.1404
2022,4,Puerto Rico,34269.333333,2578.0,0.1133
2022,4,Rhode Island,81998.333333,12849.0,0.1974
2022,4,Rhode Island,12448.333333,2484.0,0.2746
2022,4,Rhode Island,69550.0,10365.0,0.185
2022,4,Rhode Island,72380.333333,10762.0,0.1832
2022,4,Rhode Island,9108.6666667,1988.0,0.3401
2022,4,Rhode Island,509.33333333,99.0,0.2045
2022,4,Rhode Island,210.33333333,26.0,0.1646
2022,4,Rhode Island,81774.0,12822.0,0.1975
2022,4,South Carolina,623263.0,44671.0,0.0889
2022,4,South Carolina,51122.0,5906.0,0.1459
2022,4,South Carolina,572141.0,38765.0,0.0839
2022,4,South Carolina,563138.66667,37695.0,0.0821
2022,4,South Carolina,54682.666667,6168.0,0.1613
2022,4,South Carolina,5441.6666667,808.0,0.155
2022,4,South Carolina,113351.0,7290.0,0.0809
2022,4,South Carolina,509572.0,37367.0,0.0906
2022,4,South Dakota,118571.33333,6093.0,0.0722
2022,4,South Dakota,15452.666667,1542.0,0.1337
2022,4,South Dakota,103118.66667,4551.0,0.0625
2022,4,South Dakota,106766.66667,4772.0,0.0627
2022,4,South Dakota,10982.0,1160.0,0.1547
2022,4,South Dakota,822.66666667,161.0,0.2091
2022,4,South Dakota,74444.666667,4520.0,0.086
2022,4,South Dakota,44110.666667,1572.0,0.0494
2022,4,Tennessee,640799.33333,38027.0,0.0753
2022,4,Tennessee,75810.333333,8213.0,0.1389
2022,4,Tennessee,564989.0,29814.0,0.0668
2022,4,Tennessee,571531.33333,29811.0,0.0655
2022,4,Tennessee,63718.0,7606.0,0.1699
2022,4,Tennessee,5550.0,610.0,0.116
2022,4,Tennessee,211999.66667,10808.0,0.0645
2022,4,Tennessee,428033.66667,27173.0,0.0806
2022,4,Territories,17565.333333,394.0,0.0432
2022,4,Texas,1913773.6667,212222.0,0.1463
2022,4,Texas,227997.66667,39931.0,0.2221
2022,4,Texas,1685776.0,172291.0,0.1356
2022,4,Texas,1720742.6667,178307.0,0.1356
2022,4,Texas,167840.33333,29315.0,0.2628
2022,4,Texas,25190.666667,4600.0,0.1931
2022,4,Texas,372349.66667,34194.0,0.1217
2022,4,Texas,1538970.0,177808.0,0.1522
2022,4,Utah,197696.33333,15105.0,0.1025
2022,4,Utah,20456.666667,2756.0,0.1863
2022,4,Utah,177239.66667,12349.0,0.0931
2022,4,Utah,178904.33333,12118.0,0.0899
2022,4,Utah,17287.333333,2752.0,0.2445
2022,4,Utah,1504.6666667,235.0,0.1737
2022,4,Utah,46826.0,3743.0,0.1112
2022,4,Utah,150821.33333,11361.0,0.0999
2022,4,Vermont,103352.0,12578.0,0.1649
2022,4,Vermont,21729.333333,4227.0,0.2523
2022,4,Vermont,81622.666667,8351.0,0.1403
2022,4,Vermont,88777.666667,9191.0,0.1395
2022,4,Vermont,14225.333333,3209.0,0.3192
2022,4,Vermont,349.0,178.0,0.5266
2022,4,Vermont,77123.0,9428.0,0.1664
2022,4,Vermont,25907.333333,3099.0,0.1597
2022,4,Virgin Islands,12819.0,594.0,0.0781
2022,4,Virginia,920006.33333,87392.0,0.121
2022,4,Virginia,80684.666667,12033.0,0.1915
2022,4,Virginia,839321.66667,75359.0,0.1142
2022,4,Virginia,842806.66667,74742.0,0.112
2022,4,Virginia,70113.666667,11519.0,0.2373
2022,4,Virginia,7086.0,1131.0,0.1675
2022,4,Virginia,158036.0,10965.0,0.0889
2022,4,Virginia,760519.66667,76307.0,0.1276
2022,4,Washington,715046.0,76412.0,0.1535
2022,4,Washington,105739.66667,14763.0,0.2123
2022,4,Washington,609306.33333,61649.0,0.144
2022,4,Washington,639814.33333,63810.0,0.1418
2022,4,Washington,70074.0,11334.0,0.2645
2022,4,Washington,5157.6666667,1268.0,0.2592
2022,4,Washington,165586.66667,15941.0,0.1404
2022,4,Washington,549058.66667,60444.0,0.1574
2022,4,West Virginia,206878.0,19797.0,0.125
2022,4,West Virginia,43498.0,6936.0,0.208
2022,4,West Virginia,163380.0,12861.0,0.1029
2022,4,West Virginia,171444.33333,14097.0,0.1059
2022,4,West Virginia,34120.666667,5431.0,0.2265
2022,4,West Virginia,1313.0,269.0,0.2138
2022,4,West Virginia,69494.0,6284.0,0.1182
2022,4,West Virginia,137154.0,13486.0,0.1284
2022,4,Wisconsin,524111.33333,41610.0,0.1112
2022,4,Wisconsin,94309.333333,13759.0,0.1973
2022,4,Wisconsin,429802.0,27851.0,0.0915
2022,4,Wisconsin,452919.0,29687.0,0.0915
2022,4,Wisconsin,67070.666667,11253.0,0.2449
2022,4,Wisconsin,4121.6666667,670.0,0.1721
2022,4,Wisconsin,203500.0,14635.0,0.1042
2022,4,Wisconsin,320524.0,26971.0,0.1155
2022,4,Wyoming,102212.33333,5333.0,0.0765
2022,4,Wyoming,11303.0,1397.0,0.1638
2022,4,Wyoming,90909.333333,3936.0,0.0643
2022,4,Wyoming,92038.666667,4004.0,0.0638
2022,4,Wyoming,9718.3333333,1249.0,0.1906
2022,4,Wyoming,455.33333333,80.0,0.1831
2022,4,Wyoming,71333.0,3826.0,0.08
2022,4,Wyoming,30867.0,1506.0,0.0688
2023,Overall,Alabama,395094.58333,53812.0,0.1377
2023,Overall,Alaska,98578.5,23653.0,0.2636
2023,Overall,Arizona,635802.0,169862.0,0.2772
2023,Overall,Arkansas,335347.41667,65982.0,0.1997
2023,Overall,California,2822988.3333,1152536.0,0.4364
2023,Overall,Colorado,416708.16667,101484.0,0.2539
2023,Overall,Connecticut,264378.25,75264.0,0.2854
2023,Overall,Delaware,149108.75,42718.0,0.2871
2023,Overall,District Of Columbia,50653.083333,18651.0,0.3912
2023,Overall,Florida,1963353.5833,483414.0,0.2483
2023,Overall,Georgia,754586.16667,147518.0,0.1987
2023,Overall,Hawaii,102726.0,34931.0,0.3621
2023,Overall,Idaho,178638.66667,23045.0,0.1351
2023,Overall,Illinois,1198790.5,253877.0,0.2155
2023,Overall,Indiana,622751.41667,98764.0,0.16
2023,Overall,Iowa,392615.16667,45367.0,0.1164
2023,Overall,Kansas,350725.83333,49251.0,0.1421
2023,Overall,Kentucky,409320.25,64520.0,0.1584
2023,Overall,Louisiana,364521.83333,50707.0,0.1381
2023,Overall,Maine,140621.25,29012.0,0.2202
2023,Overall,Maryland,724000.5,219549.0,0.312
2023,Overall,Massachusetts,804321.08333,295239.0,0.3691
2023,Overall,Michigan,771923.75,204613.0,0.2685
2023,Overall,Minnesota,393412.91667,104654.0,0.2739
2023,Overall,Mississippi,342421.41667,45530.0,0.1319
2023,Overall,Missouri,545752.75,80739.0,0.1508
2023,Overall,Montana,166698.75,22228.0,0.1406
2023,Overall,Nebraska,225541.58333,30228.0,0.1363
2023,Overall,Nevada,243477.66667,53699.0,0.2362
2023,Overall,New Hampshire,189898.58333,48372.0,0.2649
2023,Overall,New Jersey,873281.41667,259093.0,0.3004
2023,Overall,New Mexico,198980.08333,49317.0,0.2641
2023,Overall,New York,1572789.5833,513499.0,0.33
2023,Overall,North Carolina,897497.25,179851.0,0.2021
2023,Overall,North Dakota,87824.5,9355.0,0.109
2023,Overall,Ohio,968278.91667,186220.0,0.1941
2023,Overall,Oklahoma,420711.16667,75520.0,0.1825
2023,Overall,Oregon,364384.83333,93560.0,0.2748
2023,Overall,Pennsylvania,1185508.6667,264971.0,0.2248
2023,Overall,Puerto Rico,31694.0,5178.0,0.1881
2023,Overall,Rhode Island,77678.083333,24633.0,0.3193
2023,Overall,South Carolina,606012.08333,102972.0,0.1705
2023,Overall,South Dakota,113653.25,13962.0,0.1269
2023,Overall,Tennessee,614295.08333,90865.0,0.1496
2023,Overall,Territories,17711.833333,1149.0,0.087
2023,Overall,Texas,1827791.0,458053.0,0.2598
2023,Overall,Utah,188838.16667,32742.0,0.178
2023,Overall,Vermont,99452.5,24926.0,0.2607
2023,Overall,Virgin Islands,12704.916667,1584.0,0.147
2023,Overall,Virginia,891901.75,188903.0,0.2147
2023,Overall,Washington,683408.0,164929.0,0.2562
2023,Overall,West Virginia,190759.16667,37413.0,0.2013
2023,Overall,Wisconsin,501215.08333,90341.0,0.1855
2023,Overall,Wyoming,97836.25,12441.0,0.1352
2023,Overall,Alabama,119019.83333,14871.0,0.1258
2023,Overall,Alaska,47166.666667,12201.0,0.2837
2023,Overall,Arizona,103244.0,24776.0,0.2558
2023,Overall,Arkansas,153866.66667,24640.0,0.1624
2023,Overall,California,317960.66667,116655.0,0.3932
2023,Overall,Colorado,103430.66667,22539.0,0.2303
2023,Overall,Connecticut,12972.583333,3451.0,0.2675
2023,Overall,Delaware,48133.583333,12252.0,0.2526
2023,Overall,Florida,132560.25,30028.0,0.2287
2023,Overall,Georgia,172967.66667,29194.0,0.1692
2023,Overall,Hawaii,33816.666667,10271.0,0.3269
2023,Overall,Idaho,76040.666667,9168.0,0.1285
2023,Overall,Illinois,218235.0,28961.0,0.1343
2023,Overall,Indiana,176480.41667,26044.0,0.149
2023,Overall,Iowa,214930.0,25981.0,0.1221
2023,Overall,Kansas,168840.41667,22812.0,0.137
2023,Overall,Kentucky,203481.33333,35068.0,0.1735
2023,Overall,Louisiana,86751.75,11192.0,0.1274
2023,Overall,Maine,79308.0,15964.0,0.2147
2023,Overall,Maryland,47211.0,10916.0,0.2326
2023,Overall,Massachusetts,33019.5,12613.0,0.3881
2023,Overall,Michigan,195578.75,41775.0,0.2203
2023,Overall,Minnesota,150540.75,31205.0,0.2142
2023,Overall,Mississippi,197495.91667,24079.0,0.1201
2023,Overall,Missouri,204220.91667,28113.0,0.1422
2023,Overall,Montana,114939.5,15727.0,0.145
2023,Overall,Nebraska,113179.0,13589.0,0.1222
2023,Overall,Nevada,47403.5,8714.0,0.1974
2023,Overall,New Hampshire,81930.916667,20198.0,0.258
2023,Overall,New Jersey,9720.9166667,2463.0,0.2593
2023,Overall,New Mexico,78708.166667,18536.0,0.2504
2023,Overall,New York,185262.58333,51625.0,0.2822
2023,Overall,North Carolina,281048.25,51159.0,0.1825
2023,Overall,North Dakota,51067.166667,6257.0,0.126
2023,Overall,Ohio,277837.75,44671.0,0.1629
2023,Overall,Oklahoma,203050.25,34660.0,0.1735
2023,Overall,Oregon,156004.66667,34143.0,0.2361
2023,Overall,Pennsylvania,170031.83333,35128.0,0.2083
2023,Overall,Rhode Island,204.75,59.0,0.285
2023,Overall,South Carolina,130134.66667,21250.0,0.1637
2023,Overall,South Dakota,71295.416667,10621.0,0.1538
2023,Overall,Tennessee,206940.83333,26814.0,0.131
2023,Overall,Texas,362797.75,77039.0,0.2192
2023,Overall,Utah,41568.333333,7808.0,0.1951
2023,Overall,Vermont,75008.75,18688.0,0.2604
2023,Overall,Virginia,154559.16667,24346.0,0.1591
2023,Overall,Washington,160999.5,35185.0,0.2325
2023,Overall,West Virginia,65273.5,12273.0,0.1927
2023,Overall,Wisconsin,197849.75,33556.0,0.1766
2023,Overall,Wyoming,68897.833333,9265.0,0.1438
2023,Overall,Alabama,275265.0,38802.0,0.1427
2023,Overall,Alaska,47930.333333,10499.0,0.2408
2023,Overall,Arizona,530107.58333,144540.0,0.2814
2023,Overall,Arkansas,180071.5,41088.0,0.2319
2023,Overall,California,2502826.9167,1035406.0,0.4419
2023,Overall,Colorado,312958.75,78893.0,0.2616
2023,Overall,Connecticut,246258.25,70286.0,0.286
2023,Overall,Delaware,100918.0,30450.0,0.3037
2023,Overall,District Of Columbia,50632.0,18647.0,0.3912
2023,Overall,Florida,1827287.5,452918.0,0.2498
2023,Overall,Georgia,581114.33333,118243.0,0.2076
2023,Overall,Hawaii,68836.583333,24653.0,0.3791
2023,Overall,Idaho,102574.16667,13876.0,0.1398
2023,Overall,Illinois,980107.91667,224850.0,0.2337
2023,Overall,Indiana,445978.66667,72689.0,0.1643
2023,Overall,Iowa,177535.66667,19347.0,0.1095
2023,Overall,Kansas,181426.41667,26383.0,0.1469
2023,Overall,Kentucky,204324.16667,29104.0,0.1428
2023,Overall,Louisiana,276077.66667,39263.0,0.1414
2023,Overall,Maine,61280.25,13045.0,0.2274
2023,Overall,Maryland,676639.41667,208612.0,0.3177
2023,Overall,Massachusetts,770965.08333,282563.0,0.3683
2023,Overall,Michigan,576113.75,162776.0,0.2845
2023,Overall,Minnesota,242702.41667,73413.0,0.3107
2023,Overall,Mississippi,143552.25,21246.0,0.1484
2023,Overall,Missouri,341440.83333,52615.0,0.1558
2023,Overall,Montana,51739.083333,6499.0,0.131
2023,Overall,Nebraska,112297.33333,16632.0,0.1506
2023,Overall,Nevada,195686.66667,44935.0,0.2457
2023,Overall,New Hampshire,107535.33333,28023.0,0.2697
2023,Overall,New Jersey,862145.58333,256294.0,0.3009
2023,Overall,New Mexico,119720.08333,30677.0,0.2734
2023,Overall,New York,1386584.9167,461729.0,0.3364
2023,Overall,North Carolina,615476.66667,128488.0,0.211
2023,Overall,North Dakota,36700.083333,3091.0,0.0856
2023,Overall,Ohio,689995.33333,141474.0,0.2066
2023,Overall,Oklahoma,216717.41667,40666.0,0.1909
2023,Overall,Oregon,208297.5,59411.0,0.3034
2023,Overall,Pennsylvania,1014985.5,229807.0,0.2276
2023,Overall,Rhode Island,77459.583333,24573.0,0.3194
2023,Overall,South Carolina,475567.16667,81688.0,0.1724
2023,Overall,South Dakota,42343.0,3339.0,0.0816
2023,Overall,Tennessee,406634.41667,63937.0,0.1591
2023,Overall,Texas,1462691.1667,380556.0,0.27
2023,Overall,Utah,147224.75,24929.0,0.1732
2023,Overall,Vermont,24132.083333,6152.0,0.261
2023,Overall,Virginia,735989.58333,164317.0,0.2265
2023,Overall,Washington,522013.5,129682.0,0.2635
2023,Overall,West Virginia,125302.0,25093.0,0.2057
2023,Overall,Wisconsin,303270.0,56778.0,0.1911
2023,Overall,Wyoming,28928.5,3173.0,0.1151
2023,Overall,Alabama,338082.41667,43349.0,0.1292
2023,Overall,Alaska,88504.333333,20219.0,0.251
2023,Overall,Arizona,597546.0,154609.0,0.2685
2023,Overall,Arkansas,292178.91667,54339.0,0.1887
2023,Overall,California,2518890.3333,998470.0,0.4234
2023,Overall,Colorado,380916.25,86694.0,0.2374
2023,Overall,Connecticut,233481.66667,61613.0,0.2657
2023,Overall,Delaware,136548.41667,36895.0,0.2709
2023,Overall,District Of Columbia,43479.333333,15427.0,0.3772
2023,Overall,Florida,1807277.1667,431292.0,0.2403
2023,Overall,Georgia,672021.08333,124562.0,0.1883
2023,Overall,Hawaii,95563.583333,31709.0,0.3528
2023,Overall,Idaho,160179.75,18433.0,0.1207
2023,Overall,Illinois,1080064.6667,211068.0,0.1997
2023,Overall,Indiana,551557.91667,78328.0,0.1436
2023,Overall,Iowa,360653.66667,36596.0,0.1023
2023,Overall,Kansas,319776.66667,40788.0,0.1291
2023,Overall,Kentucky,351159.5,48822.0,0.14
2023,Overall,Louisiana,316892.75,40062.0,0.126
2023,Overall,Maine,117467.41667,21090.0,0.1922
2023,Overall,Maryland,646799.33333,185768.0,0.2956
2023,Overall,Massachusetts,703784.16667,240868.0,0.3453
2023,Overall,Michigan,655518.41667,157564.0,0.2445
2023,Overall,Minnesota,329604.33333,75376.0,0.236
2023,Overall,Mississippi,296186.5,37311.0,0.1254
2023,Overall,Missouri,477945.08333,61961.0,0.1323
2023,Overall,Montana,152163.66667,18418.0,0.1273
2023,Overall,Nebraska,208649.91667,25535.0,0.1245
2023,Overall,Nevada,220045.91667,45308.0,0.2208
2023,Overall,New Hampshire,168020.75,39081.0,0.2418
2023,Overall,New Jersey,792407.33333,224980.0,0.2877
2023,Overall,New Mexico,177708.25,42050.0,0.2523
2023,Overall,New York,1383706.1667,430185.0,0.3145
2023,Overall,North Carolina,796403.16667,148985.0,0.1889
2023,Overall,North Dakota,79139.666667,7254.0,0.0938
2023,Overall,Ohio,863778.83333,152474.0,0.1787
2023,Overall,Oklahoma,370286.25,61509.0,0.1688
2023,Overall,Oregon,320271.75,77001.0,0.2569
2023,Overall,Pennsylvania,1063394.6667,219010.0,0.2074
2023,Overall,Rhode Island,69356.083333,21385.0,0.3095
2023,Overall,South Carolina,552996.75,89837.0,0.1629
2023,Overall,South Dakota,103077.16667,11587.0,0.1161
2023,Overall,Tennessee,552488.5,75252.0,0.1377
2023,Overall,Texas,1656674.0,398988.0,0.2498
2023,Overall,Utah,172204.25,27491.0,0.1636
2023,Overall,Vermont,85968.25,19455.0,0.2345
2023,Overall,Virginia,823897.08333,166998.0,0.2057
2023,Overall,Washington,617647.41667,143002.0,0.2453
2023,Overall,West Virginia,160641.33333,28457.0,0.1816
2023,Overall,Wisconsin,437741.83333,69784.0,0.1644
2023,Overall,Wyoming,89129.666667,10165.0,0.1213
2023,Overall,Alabama,52906.833333,9498.0,0.1884
2023,Overall,Alaska,9402.0833333,3196.0,0.379
2023,Overall,Arizona,33419.916667,12787.0,0.4098
2023,Overall,Arkansas,40406.0,10500.0,0.2683
2023,Overall,California,269829.58333,133323.0,0.5457
2023,Overall,Colorado,33270.333333,13663.0,0.4301
2023,Overall,Connecticut,28626.25,12606.0,0.4315
2023,Overall,Delaware,11295.333333,5245.0,0.471
2023,Overall,District Of Columbia,6253.3333333,2811.0,0.4902
2023,Overall,Florida,140138.25,45185.0,0.3402
2023,Overall,Georgia,73081.0,19341.0,0.2783
2023,Overall,Hawaii,5534.8333333,2115.0,0.4433
2023,Overall,Idaho,17424.583333,4227.0,0.2525
2023,Overall,Illinois,106561.41667,37574.0,0.351
2023,Overall,Indiana,66191.25,18859.0,0.2855
2023,Overall,Iowa,29794.25,8052.0,0.2744
2023,Overall,Kansas,28690.333333,7772.0,0.2777
2023,Overall,Kentucky,55240.75,14853.0,0.2689
2023,Overall,Louisiana,43201.166667,9444.0,0.2153
2023,Overall,Maine,22340.583333,7608.0,0.36
2023,Overall,Maryland,69490.833333,30292.0,0.4544
2023,Overall,Massachusetts,95820.333333,51958.0,0.5361
2023,Overall,Michigan,108523.66667,43447.0,0.4017
2023,Overall,Minnesota,60494.75,27633.0,0.469
2023,Overall,Mississippi,41851.333333,7139.0,0.1693
2023,Overall,Missouri,62768.75,17201.0,0.2812
2023,Overall,Montana,13770.0,3586.0,0.2868
2023,Overall,Nebraska,15614.083333,4157.0,0.2739
2023,Overall,Nevada,20989.916667,7369.0,0.3814
2023,Overall,New Hampshire,21035.166667,8923.0,0.4459
2023,Overall,New Jersey,72362.583333,30457.0,0.4316
2023,Overall,New Mexico,19253.333333,6526.0,0.3672
2023,Overall,New York,173171.83333,75491.0,0.4465
2023,Overall,North Carolina,92458.0,27784.0,0.305
2023,Overall,North Dakota,8030.0,1914.0,0.2476
2023,Overall,Ohio,97329.333333,31110.0,0.3196
2023,Overall,Oklahoma,46424.916667,12475.0,0.2796
2023,Overall,Oregon,41690.333333,15172.0,0.3997
2023,Overall,Pennsylvania,112965.66667,42078.0,0.3759
2023,Overall,Rhode Island,7810.8333333,3005.0,0.4039
2023,Overall,South Carolina,47738.666667,11206.0,0.2427
2023,Overall,South Dakota,9760.0,2051.0,0.2214
2023,Overall,Tennessee,56600.833333,13893.0,0.2543
2023,Overall,Texas,148084.83333,49411.0,0.359
2023,Overall,Utah,15218.25,4746.0,0.3314
2023,Overall,Vermont,13130.083333,5262.0,0.4288
2023,Overall,Virginia,61174.916667,19365.0,0.3252
2023,Overall,Washington,60857.666667,19429.0,0.3523
2023,Overall,West Virginia,28903.75,8432.0,0.3041
2023,Overall,Wisconsin,59495.0,19112.0,0.3296
2023,Overall,Wyoming,8253.9166667,2079.0,0.269
2023,Overall,Alabama,4105.3333333,965.0,0.1957
2023,Overall,Alaska,672.08333333,238.0,0.3278
2023,Overall,Arizona,4836.0833333,2466.0,0.4289
2023,Overall,Arkansas,2762.5,1143.0,0.3483
2023,Overall,California,34268.416667,20743.0,0.539
2023,Overall,Colorado,2521.5833333,1127.0,0.3913
2023,Overall,Connecticut,2270.3333333,1045.0,0.3976
2023,Overall,Delaware,1265.0,578.0,0.3956
2023,Overall,District Of Columbia,920.41666667,413.0,0.3971
2023,Overall,Florida,15938.166667,6937.0,0.3612
2023,Overall,Georgia,9484.0833333,3615.0,0.317
2023,Overall,Hawaii,1627.5833333,1107.0,0.6062
2023,Overall,Idaho,1034.3333333,385.0,0.326
2023,Overall,Illinois,12164.416667,5235.0,0.3686
2023,Overall,Indiana,5002.25,1577.0,0.2717
2023,Overall,Iowa,2167.25,719.0,0.2883
2023,Overall,Kansas,2258.8333333,691.0,0.27
2023,Overall,Kentucky,2920.0,845.0,0.2418
2023,Overall,Louisiana,4427.9166667,1201.0,0.2196
2023,Overall,Maine,813.25,314.0,0.3508
2023,Overall,Maryland,7710.3333333,3489.0,0.4058
2023,Overall,Massachusetts,4716.5833333,2413.0,0.4488
2023,Overall,Michigan,7881.6666667,3602.0,0.387
2023,Overall,Minnesota,3313.8333333,1645.0,0.4398
2023,Overall,Mississippi,4383.5833333,1080.0,0.2013
2023,Overall,Missouri,5038.9166667,1577.0,0.2689
2023,Overall,Montana,765.08333333,224.0,0.2676
2023,Overall,Nebraska,1277.5833333,536.0,0.3597
2023,Overall,Nevada,2441.8333333,1022.0,0.3611
2023,Overall,New Hampshire,842.66666667,368.0,0.3837
2023,Overall,New Jersey,8511.5,3656.0,0.3696
2023,Overall,New Mexico,2018.5,741.0,0.3161
2023,Overall,New York,15911.583333,7823.0,0.4132
2023,Overall,North Carolina,8636.0833333,3082.0,0.2991
2023,Overall,North Dakota,654.83333333,187.0,0.2562
2023,Overall,Ohio,7170.75,2636.0,0.3019
2023,Overall,Oklahoma,4000.0,1536.0,0.3309
2023,Overall,Oregon,2422.75,1387.0,0.5057
2023,Overall,Pennsylvania,9148.3333333,3883.0,0.3621
2023,Overall,Rhode Island,511.16666667,243.0,0.4023
2023,Overall,South Carolina,5276.6666667,1929.0,0.3072
2023,Overall,South Dakota,816.08333333,324.0,0.3506
2023,Overall,Tennessee,5205.75,1720.0,0.276
2023,Overall,Texas,23032.166667,9654.0,0.3453
2023,Overall,Utah,1415.6666667,505.0,0.3176
2023,Overall,Vermont,354.16666667,209.0,0.5305
2023,Overall,Virginia,6829.75,2540.0,0.3142
2023,Overall,Washington,4902.9166667,2498.0,0.4411
2023,Overall,West Virginia,1214.0833333,524.0,0.3589
2023,Overall,Wisconsin,3978.25,1445.0,0.315
2023,Overall,Wyoming,452.66666667,197.0,0.3833
2023,Overall,Alabama,62535.833333,10719.0,0.164
2023,Overall,Alaska,21548.333333,6841.0,0.3377
2023,Overall,Arizona,66075.0,21200.0,0.3204
2023,Overall,Arkansas,55244.083333,14715.0,0.2547
2023,Overall,California,963101.16667,444824.0,0.4847
2023,Overall,Colorado,63074.25,21822.0,0.3447
2023,Overall,Connecticut,68251.666667,25014.0,0.3473
2023,Overall,Delaware,18674.916667,7196.0,0.371
2023,Overall,District Of Columbia,19006.916667,7847.0,0.4246
2023,Overall,Florida,237797.0,71620.0,0.2828
2023,Overall,Georgia,110899.25,29621.0,0.2571
2023,Overall,Hawaii,10476.5,3596.0,0.359
2023,Overall,Idaho,23904.5,4961.0,0.204
2023,Overall,Illinois,209635.33333,69636.0,0.3087
2023,Overall,Indiana,102145.16667,27928.0,0.2569
2023,Overall,Iowa,43454.916667,11639.0,0.2548
2023,Overall,Kansas,36440.666667,10039.0,0.2617
2023,Overall,Kentucky,78256.833333,21170.0,0.2523
2023,Overall,Louisiana,77530.0,15026.0,0.1765
2023,Overall,Maine,38996.666667,11318.0,0.2855
2023,Overall,Maryland,123915.25,47923.0,0.3855
2023,Overall,Massachusetts,197490.16667,89488.0,0.4379
2023,Overall,Michigan,154050.25,56371.0,0.3407
2023,Overall,Minnesota,73767.916667,31129.0,0.4043
2023,Overall,Mississippi,64073.0,11432.0,0.1631
2023,Overall,Missouri,72514.75,20376.0,0.2602
2023,Overall,Montana,22469.666667,4941.0,0.2246
2023,Overall,Nebraska,22579.083333,6434.0,0.2694
2023,Overall,Nevada,40478.583333,13300.0,0.3341
2023,Overall,New Hampshire,23934.583333,10232.0,0.4143
2023,Overall,New Jersey,125596.25,48250.0,0.3692
2023,Overall,New Mexico,41424.5,12007.0,0.3023
2023,Overall,New York,378574.58333,169106.0,0.421
2023,Overall,North Carolina,122751.75,34549.0,0.2635
2023,Overall,North Dakota,11997.25,2671.0,0.2182
2023,Overall,Ohio,128752.83333,40810.0,0.2887
2023,Overall,Oklahoma,58685.583333,16255.0,0.263
2023,Overall,Oregon,74006.0,23089.0,0.3265
2023,Overall,Pennsylvania,174465.75,59455.0,0.3207
2023,Overall,Rhode Island,10955.416667,4361.0,0.3552
2023,Overall,South Carolina,47691.0,12014.0,0.2318
2023,Overall,South Dakota,14241.333333,2971.0,0.2049
2023,Overall,Tennessee,71783.333333,17479.0,0.2309
2023,Overall,Texas,212729.58333,75199.0,0.3321
2023,Overall,Utah,19662.25,5349.0,0.2701
2023,Overall,Vermont,21920.833333,7827.0,0.3622
2023,Overall,Virginia,84316.666667,24863.0,0.2742
2023,Overall,Washington,98550.916667,28540.0,0.2954
2023,Overall,West Virginia,39207.833333,11885.0,0.2943
2023,Overall,Wisconsin,87512.75,26012.0,0.2876
2023,Overall,Wyoming,10181.083333,2516.0,0.245
2023,Overall,Alabama,332558.75,43093.0,0.1324
2023,Overall,Alaska,77030.166667,16812.0,0.242
2023,Overall,Arizona,569727.0,148662.0,0.272
2023,Overall,Arkansas,280103.33333,51267.0,0.1881
2023,Overall,California,1859887.1667,707712.0,0.4107
2023,Overall,Colorado,353633.91667,79662.0,0.2368
2023,Overall,Connecticut,196126.58333,50250.0,0.2621
2023,Overall,Delaware,130433.83333,35522.0,0.2745
2023,Overall,District Of Columbia,31646.166667,10804.0,0.3701
2023,Overall,Florida,1725556.5833,411794.0,0.2432
2023,Overall,Georgia,643686.91667,117897.0,0.188
2023,Overall,Hawaii,92249.5,31335.0,0.3624
2023,Overall,Idaho,154734.16667,18084.0,0.1236
2023,Overall,Illinois,989155.16667,184241.0,0.1934
2023,Overall,Indiana,520606.25,70836.0,0.1393
2023,Overall,Iowa,349160.25,33728.0,0.0981
2023,Overall,Kansas,314285.16667,39212.0,0.1272
2023,Overall,Kentucky,331063.41667,43350.0,0.134
2023,Overall,Louisiana,286991.83333,35681.0,0.1265
2023,Overall,Maine,101624.58333,17694.0,0.1921
2023,Overall,Maryland,600085.25,171626.0,0.2962
2023,Overall,Massachusetts,606830.91667,205751.0,0.3455
2023,Overall,Michigan,617873.5,148242.0,0.2485
2023,Overall,Minnesota,319645.0,73525.0,0.241
2023,Overall,Mississippi,278348.41667,34098.0,0.124
2023,Overall,Missouri,473238.0,60363.0,0.132
2023,Overall,Montana,144229.08333,17287.0,0.127
2023,Overall,Nebraska,202962.5,23794.0,0.1203
2023,Overall,Nevada,202999.08333,40399.0,0.2154
2023,Overall,New Hampshire,165964.0,38140.0,0.2416
2023,Overall,New Jersey,747685.16667,210843.0,0.2881
2023,Overall,New Mexico,157555.58333,37310.0,0.2537
2023,Overall,New York,1194215.0,344393.0,0.2984
2023,Overall,North Carolina,774745.5,145302.0,0.1915
2023,Overall,North Dakota,75827.25,6684.0,0.0909
2023,Overall,Ohio,839526.08333,145410.0,0.1777
2023,Overall,Oklahoma,362025.58333,59265.0,0.1684
2023,Overall,Oregon,290378.83333,70471.0,0.2612
2023,Overall,Pennsylvania,1011042.9167,205516.0,0.2069
2023,Overall,Rhode Island,66722.666667,20272.0,0.3125
2023,Overall,South Carolina,558321.08333,90958.0,0.1648
2023,Overall,South Dakota,99411.916667,10991.0,0.1151
2023,Overall,Tennessee,542511.75,73386.0,0.138
2023,Overall,Texas,1615061.4167,382854.0,0.2492
2023,Overall,Utah,169175.91667,27393.0,0.1669
2023,Overall,Vermont,77531.666667,17099.0,0.231
2023,Overall,Virginia,807585.08333,164040.0,0.2079
2023,Overall,Washington,584857.08333,136389.0,0.2493
2023,Overall,West Virginia,151551.33333,25528.0,0.1754
2023,Overall,Wisconsin,413702.33333,64329.0,0.1622
2023,Overall,Wyoming,87655.166667,9925.0,0.1214
2023,1,Alabama,399995.33333,23096.0,0.0726
2023,1,Alabama,66283.333333,5023.0,0.098
2023,1,Alabama,333712.0,18073.0,0.0677
2023,1,Alabama,341236.0,17909.0,0.0648
2023,1,Alabama,54324.333333,4772.0,0.1265
2023,1,Alabama,4435.0,415.0,0.0952
2023,1,Alabama,120915.0,6450.0,0.0672
2023,1,Alabama,278238.33333,16574.0,0.0748
2023,1,Alaska,97045.666667,10036.0,0.1588
2023,1,Alaska,21309.333333,3285.0,0.2189
2023,1,Alaska,75736.333333,6751.0,0.1401
2023,1,Alaska,87123.0,8206.0,0.1458
2023,1,Alaska,9234.0,1720.0,0.2736
2023,1,Alaska,688.66666667,110.0,0.169
2023,1,Alaska,46411.333333,5058.0,0.169
2023,1,Alaska,47204.666667,4587.0,0.1469
2023,1,Arizona,632745.66667,76255.0,0.1567
2023,1,Arizona,67197.666667,10795.0,0.2344
2023,1,Arizona,565548.0,65460.0,0.1486
2023,1,Arizona,594182.0,67871.0,0.1476
2023,1,Arizona,33501.666667,7180.0,0.329
2023,1,Arizona,5062.0,1204.0,0.2431
2023,1,Arizona,103247.66667,11308.0,0.154
2023,1,Arizona,527056.33333,64715.0,0.1573
2023,1,Arkansas,337964.0,28223.0,0.1078
2023,1,Arkansas,58209.333333,7431.0,0.1676
2023,1,Arkansas,279754.66667,20792.0,0.0956
2023,1,Arkansas,293602.33333,21980.0,0.0955
2023,1,Arkansas,41398.666667,5741.0,0.1993
2023,1,Arkansas,2963.0,502.0,0.1728
2023,1,Arkansas,155578.0,10894.0,0.0911
2023,1,Arkansas,180909.66667,17215.0,0.122
2023,1,California,2815134.3333,581853.0,0.2792
2023,1,California,964791.0,240764.0,0.3376
2023,1,California,1850343.3333,341089.0,0.2488
2023,1,California,2510378.3333,491013.0,0.2636
2023,1,California,268949.66667,79640.0,0.4261
2023,1,California,35806.333333,11200.0,0.3242
2023,1,California,317111.0,58387.0,0.2572
2023,1,California,2495722.0,523219.0,0.2818
2023,1,Colorado,414684.0,46851.0,0.1563
2023,1,Colorado,64691.333333,11948.0,0.258
2023,1,Colorado,349992.66667,34903.0,0.1377
2023,1,Colorado,378113.0,38228.0,0.1396
2023,1,Colorado,33894.0,7998.0,0.3414
2023,1,Colorado,2677.0,625.0,0.2467
2023,1,Colorado,103117.33333,10004.0,0.1419
2023,1,Colorado,311241.33333,36821.0,0.1607
2023,1,Connecticut,265720.0,37016.0,0.1734
2023,1,Connecticut,70652.0,13959.0,0.2445
2023,1,Connecticut,195068.0,23057.0,0.1475
2023,1,Connecticut,234258.33333,28632.0,0.152
2023,1,Connecticut,29054.333333,7863.0,0.3459
2023,1,Connecticut,2407.3333333,521.0,0.2189
2023,1,Connecticut,13030.666667,1676.0,0.1624
2023,1,Connecticut,247563.66667,34612.0,0.174
2023,1,Delaware,148507.66667,20087.0,0.1645
2023,1,Delaware,19165.0,4026.0,0.2636
2023,1,Delaware,129342.66667,16061.0,0.1504
2023,1,Delaware,135765.0,16541.0,0.1477
2023,1,Delaware,11388.333333,3250.0,0.3719
2023,1,Delaware,1354.3333333,296.0,0.2217
2023,1,Delaware,47760.333333,5559.0,0.1383
2023,1,Delaware,100690.0,14521.0,0.1774
2023,1,District Of Columbia,50939.666667,8453.0,0.225
2023,1,District Of Columbia,19473.0,3895.0,0.2724
2023,1,District Of Columbia,31466.666667,4558.0,0.1959
2023,1,District Of Columbia,43539.333333,6675.0,0.207
2023,1,District Of Columbia,6419.3333333,1578.0,0.3611
2023,1,District Of Columbia,981.0,200.0,0.2114
2023,1,District Of Columbia,50917.666667,8452.0,0.2251
2023,1,Florida,1967935.6667,205738.0,0.1276
2023,1,Florida,249049.33333,35764.0,0.1807
2023,1,Florida,1718886.3333,169974.0,0.1202
2023,1,Florida,1808419.6667,178040.0,0.1192
2023,1,Florida,142467.66667,24555.0,0.2413
2023,1,Florida,17048.333333,3143.0,0.1867
2023,1,Florida,133319.33333,12503.0,0.1155
2023,1,Florida,1831045.3333,193032.0,0.1286
2023,1,Georgia,756629.33333,63154.0,0.1054
2023,1,Georgia,116337.0,14184.0,0.1579
2023,1,Georgia,640292.33333,48970.0,0.0961
2023,1,Georgia,671875.33333,51225.0,0.0953
2023,1,Georgia,74643.666667,10340.0,0.2
2023,1,Georgia,10110.333333,1589.0,0.1598
2023,1,Georgia,174453.0,12279.0,0.0877
2023,1,Georgia,581660.66667,50841.0,0.1108
2023,1,Hawaii,102807.66667,16260.0,0.215
2023,1,Hawaii,10813.666667,1923.0,0.2785
2023,1,Hawaii,91994.0,14337.0,0.2086
2023,1,Hawaii,95488.0,14465.0,0.2049
2023,1,Hawaii,5610.3333333,1231.0,0.3638
2023,1,Hawaii,1709.3333333,564.0,0.3426
2023,1,Hawaii,33798.333333,4622.0,0.1954
2023,1,Hawaii,68934.0,11635.0,0.224
2023,1,Idaho,178558.33333,10198.0,0.0816
2023,1,Idaho,24881.0,2599.0,0.15
2023,1,Idaho,153677.33333,7599.0,0.0706
2023,1,Idaho,159811.33333,7716.0,0.0689
2023,1,Idaho,17657.666667,2295.0,0.1919
2023,1,Idaho,1089.3333333,187.0,0.1791
2023,1,Idaho,75947.666667,3933.0,0.0784
2023,1,Idaho,102586.66667,6264.0,0.0837
2023,1,Illinois,1201147.6667,115402.0,0.1267
2023,1,Illinois,218140.0,36365.0,0.2077
2023,1,Illinois,983007.66667,79037.0,0.1074
2023,1,Illinois,1079932.3333,91407.0,0.1118
2023,1,Illinois,108243.33333,21427.0,0.2646
2023,1,Illinois,12972.0,2568.0,0.2009
2023,1,Illinois,219072.66667,12719.0,0.0776
2023,1,Illinois,981593.33333,102657.0,0.1374
2023,1,Indiana,624236.66667,43162.0,0.0898
2023,1,Indiana,106841.33333,14221.0,0.1665
2023,1,Indiana,517395.33333,28941.0,0.0732
2023,1,Indiana,551004.66667,31993.0,0.0752
2023,1,Indiana,67849.333333,10510.0,0.2101
2023,1,Indiana,5382.6666667,659.0,0.1255
2023,1,Indiana,177287.33333,11117.0,0.0819
2023,1,Indiana,446647.0,32030.0,0.0929
2023,1,Iowa,393621.33333,19955.0,0.0681
2023,1,Iowa,46207.333333,6474.0,0.1841
2023,1,Iowa,347414.0,13481.0,0.0523
2023,1,Iowa,360442.66667,15003.0,0.0558
2023,1,Iowa,30846.0,4647.0,0.212
2023,1,Iowa,2332.6666667,305.0,0.1353
2023,1,Iowa,215553.66667,11191.0,0.0706
2023,1,Iowa,177906.0,8740.0,0.0651
2023,1,Kansas,350339.33333,21991.0,0.0815
2023,1,Kansas,38281.666667,5489.0,0.1774
2023,1,Kansas,312057.66667,16502.0,0.069
2023,1,Kansas,318917.0,17226.0,0.0699
2023,1,Kansas,29012.0,4444.0,0.2081
2023,1,Kansas,2410.3333333,321.0,0.1393
2023,1,Kansas,168877.66667,10266.0,0.08
2023,1,Kansas,180998.33333,11700.0,0.0828
2023,1,Kentucky,413061.0,30659.0,0.0949
2023,1,Kentucky,81422.333333,11256.0,0.1738
2023,1,Kentucky,331638.66667,19403.0,0.0751
2023,1,Kentucky,352809.33333,21826.0,0.0783
2023,1,Kentucky,57086.0,8450.0,0.2037
2023,1,Kentucky,3165.6666667,383.0,0.1229
2023,1,Kentucky,206628.66667,17213.0,0.1081
2023,1,Kentucky,204891.33333,13285.0,0.0816
2023,1,Louisiana,369711.0,20959.0,0.0709
2023,1,Louisiana,82868.333333,7032.0,0.1072
2023,1,Louisiana,286842.66667,13927.0,0.0605
2023,1,Louisiana,319438.66667,15743.0,0.061
2023,1,Louisiana,45437.0,4705.0,0.144
2023,1,Louisiana,4835.3333333,511.0,0.1056
2023,1,Louisiana,88591.666667,4664.0,0.0661
2023,1,Louisiana,279386.0,16174.0,0.0723
2023,1,Maine,142372.33333,14825.0,0.1501
2023,1,Maine,40539.333333,6659.0,0.2223
2023,1,Maine,101833.0,8166.0,0.1187
2023,1,Maine,118660.0,9966.0,0.1209
2023,1,Maine,22856.0,4693.0,0.3018
2023,1,Maine,856.33333333,166.0,0.2007
2023,1,Maine,80414.333333,7988.0,0.1441
2023,1,Maine,61924.0,6835.0,0.1578
2023,1,Maryland,721797.66667,103509.0,0.1816
2023,1,Maryland,125747.0,26157.0,0.2627
2023,1,Maryland,596050.66667,77352.0,0.1644
2023,1,Maryland,643925.33333,83508.0,0.1642
2023,1,Maryland,69750.333333,18335.0,0.3434
2023,1,Maryland,8122.0,1666.0,0.2093
2023,1,Maryland,47198.0,4942.0,0.1301
2023,1,Maryland,674445.66667,98558.0,0.1852
2023,1,Massachusetts,804962.33333,152694.0,0.2402
2023,1,Massachusetts,201861.0,53931.0,0.3358
2023,1,Massachusetts,603101.33333,98763.0,0.2078
2023,1,Massachusetts,701848.66667,117369.0,0.2118
2023,1,Massachusetts,98115.0,34020.0,0.4439
2023,1,Massachusetts,4998.6666667,1305.0,0.2634
2023,1,Massachusetts,32959.666667,6273.0,0.2481
2023,1,Massachusetts,771650.0,146385.0,0.2398
2023,1,Michigan,776177.0,99552.0,0.1717
2023,1,Michigan,160162.0,32088.0,0.254
2023,1,Michigan,616015.0,67464.0,0.1488
2023,1,Michigan,656857.66667,71204.0,0.1452
2023,1,Michigan,110885.0,26531.0,0.3278
2023,1,Michigan,8434.3333333,1817.0,0.217
2023,1,Michigan,197109.0,19016.0,0.1366
2023,1,Michigan,578829.33333,80501.0,0.1828
2023,1,Minnesota,393861.33333,51704.0,0.1873
2023,1,Minnesota,75594.0,18618.0,0.324
2023,1,Minnesota,318267.33333,33086.0,0.1513
2023,1,Minnesota,329524.33333,33619.0,0.1471
2023,1,Minnesota,60867.0,17144.0,0.3882
2023,1,Minnesota,3470.0,941.0,0.2832
2023,1,Minnesota,150846.66667,14688.0,0.1427
2023,1,Minnesota,242843.66667,37000.0,0.2138
2023,1,Mississippi,347052.0,17198.0,0.0613
2023,1,Mississippi,68314.666667,4721.0,0.0843
2023,1,Mississippi,278737.33333,12477.0,0.0556
2023,1,Mississippi,299080.0,13563.0,0.0557
2023,1,Mississippi,43278.666667,3215.0,0.0999
2023,1,Mississippi,4693.3333333,420.0,0.0892
2023,1,Mississippi,200930.0,9096.0,0.0558
2023,1,Mississippi,144706.66667,8015.0,0.0689
2023,1,Missouri,547735.66667,36086.0,0.0877
2023,1,Missouri,75983.333333,10740.0,0.1756
2023,1,Missouri,471752.33333,25346.0,0.0724
2023,1,Missouri,478525.0,25732.0,0.0714
2023,1,Missouri,63828.666667,9637.0,0.2116
2023,1,Missouri,5382.0,717.0,0.1373
2023,1,Missouri,205607.33333,12205.0,0.0822
2023,1,Missouri,342033.0,23874.0,0.0908
2023,1,Montana,165534.0,9924.0,0.0871
2023,1,Montana,22758.0,2734.0,0.1664
2023,1,Montana,142776.0,7190.0,0.0737
2023,1,Montana,150949.0,7740.0,0.0744
2023,1,Montana,13793.0,2068.0,0.2239
2023,1,Montana,792.0,116.0,0.158
2023,1,Montana,114084.33333,6971.0,0.0905
2023,1,Montana,51427.666667,2952.0,0.0799
2023,1,Nebraska,225764.0,12490.0,0.0747
2023,1,Nebraska,23538.666667,3420.0,0.1829
2023,1,Nebraska,202225.33333,9070.0,0.0611
2023,1,Nebraska,208504.0,9896.0,0.064
2023,1,Nebraska,15898.0,2386.0,0.211
2023,1,Nebraska,1362.0,208.0,0.1576
2023,1,Nebraska,113471.33333,5575.0,0.0673
2023,1,Nebraska,112225.0,6914.0,0.082
2023,1,Nevada,243102.66667,26296.0,0.15
2023,1,Nevada,41085.666667,7484.0,0.2515
2023,1,Nevada,202017.0,18812.0,0.1292
2023,1,Nevada,219285.66667,21226.0,0.1342
2023,1,Nevada,21265.333333,4557.0,0.3111
2023,1,Nevada,2551.6666667,513.0,0.2059
2023,1,Nevada,47198.666667,4015.0,0.1231
2023,1,Nevada,195516.0,22249.0,0.1561
2023,1,New Hampshire,189607.33333,23989.0,0.1734
2023,1,New Hampshire,24900.0,6355.0,0.3283
2023,1,New Hampshire,164707.33333,17634.0,0.1483
2023,1,New Hampshire,167296.66667,18099.0,0.148
2023,1,New Hampshire,21425.666667,5711.0,0.3775
2023,1,New Hampshire,885.0,179.0,0.2055
2023,1,New Hampshire,81947.0,9792.0,0.1687
2023,1,New Hampshire,107219.0,14110.0,0.1765
2023,1,New Jersey,871166.33333,122563.0,0.1735
2023,1,New Jersey,129410.66667,25405.0,0.2383
2023,1,New Jersey,741755.66667,97158.0,0.162
2023,1,New Jersey,789469.0,102722.0,0.1601
2023,1,New Jersey,72698.666667,18052.0,0.324
2023,1,New Jersey,8998.6666667,1789.0,0.2027
2023,1,New Jersey,9756.3333333,1179.0,0.1544
2023,1,New Jersey,859887.66667,121259.0,0.1739
2023,1,New Mexico,199081.66667,22667.0,0.1595
2023,1,New Mexico,42565.666667,6232.0,0.2161
2023,1,New Mexico,156516.0,16435.0,0.1451
2023,1,New Mexico,177298.66667,18758.0,0.1475
2023,1,New Mexico,19663.666667,3560.0,0.2761
2023,1,New Mexico,2119.3333333,349.0,0.1675
2023,1,New Mexico,79222.333333,8719.0,0.1554
2023,1,New Mexico,119302.66667,13894.0,0.1623
2023,1,New York,1577537.6667,253982.0,0.2032
2023,1,New York,390611.0,96724.0,0.3039
2023,1,New York,1186926.6667,157258.0,0.1688
2023,1,New York,1386087.3333,202668.0,0.1841
2023,1,New York,174578.33333,47398.0,0.3586
2023,1,New York,16872.0,3916.0,0.2335
2023,1,New York,186438.33333,24825.0,0.1752
2023,1,New York,1390119.0,229077.0,0.2067
2023,1,North Carolina,902396.33333,77540.0,0.1076
2023,1,North Carolina,131543.33333,17939.0,0.1723
2023,1,North Carolina,770853.0,59601.0,0.0967
2023,1,North Carolina,797669.33333,60378.0,0.0941
2023,1,North Carolina,95390.666667,15604.0,0.2244
2023,1,North Carolina,9336.3333333,1558.0,0.1689
2023,1,North Carolina,283871.0,21452.0,0.0941
2023,1,North Carolina,617515.0,56002.0,0.1138
2023,1,North Dakota,87921.333333,4451.0,0.0725
2023,1,North Dakota,12410.333333,1643.0,0.1707
2023,1,North Dakota,75511.0,2808.0,0.0542
2023,1,North Dakota,79120.333333,3201.0,0.0582
2023,1,North Dakota,8098.3333333,1142.0,0.1995
2023,1,North Dakota,702.66666667,108.0,0.1612
2023,1,North Dakota,51209.666667,2848.0,0.0815
2023,1,North Dakota,36654.0,1599.0,0.0605
2023,1,Ohio,968006.66667,83278.0,0.112
2023,1,Ohio,133579.33333,21283.0,0.2018
2023,1,Ohio,834427.33333,61995.0,0.0971
2023,1,Ohio,861791.0,64701.0,0.0972
2023,1,Ohio,98555.0,17415.0,0.2457
2023,1,Ohio,7660.6666667,1162.0,0.1549
2023,1,Ohio,278758.33333,20164.0,0.0949
2023,1,Ohio,688794.0,63071.0,0.1188
2023,1,Oklahoma,422440.66667,34940.0,0.106
2023,1,Oklahoma,61891.666667,8738.0,0.1749
2023,1,Oklahoma,360549.0,26202.0,0.0937
2023,1,Oklahoma,370944.0,27265.0,0.0936
2023,1,Oklahoma,47236.333333,6991.0,0.2049
2023,1,Oklahoma,4260.3333333,684.0,0.1649
2023,1,Oklahoma,204365.0,15747.0,0.0991
2023,1,Oklahoma,217126.0,19088.0,0.1123
2023,1,Oregon,363828.66667,42926.0,0.1714
2023,1,Oregon,74751.333333,11880.0,0.242
2023,1,Oregon,289077.33333,31046.0,0.1542
2023,1,Oregon,319581.33333,33696.0,0.1523
2023,1,Oregon,41688.666667,8488.0,0.3164
2023,1,Oregon,2558.6666667,742.0,0.3032
2023,1,Oregon,155855.0,15067.0,0.1442
2023,1,Oregon,207881.0,27855.0,0.1908
2023,1,Pennsylvania,1188175.6667,123041.0,0.1318
2023,1,Pennsylvania,182199.0,32185.0,0.2266
2023,1,Pennsylvania,1005976.6667,90856.0,0.1148
2023,1,Pennsylvania,1062707.6667,96433.0,0.1149
2023,1,Pennsylvania,115758.33333,24722.0,0.2912
2023,1,Pennsylvania,9709.6666667,1886.0,0.1978
2023,1,Pennsylvania,171648.0,15913.0,0.121
2023,1,Pennsylvania,1016019.6667,107109.0,0.1336
2023,1,Puerto Rico,32930.0,2369.0,0.1075
2023,1,Rhode Island,78777.666667,11731.0,0.1895
2023,1,Rhode Island,12058.333333,2375.0,0.2697
2023,1,Rhode Island,66719.333333,9356.0,0.1762
2023,1,Rhode Island,70189.333333,9840.0,0.1754
2023,1,Rhode Island,8045.6666667,1762.0,0.334
2023,1,Rhode Island,542.66666667,129.0,0.2398
2023,1,Rhode Island,206.66666667,27.0,0.1656
2023,1,Rhode Island,78558.666667,11704.0,0.1896
2023,1,South Carolina,605936.0,42919.0,0.0865
2023,1,South Carolina,50238.666667,5991.0,0.1494
2023,1,South Carolina,555697.33333,36928.0,0.0809
2023,1,South Carolina,551607.33333,36212.0,0.0794
2023,1,South Carolina,48738.333333,5815.0,0.1663
2023,1,South Carolina,5590.3333333,892.0,0.1609
2023,1,South Carolina,130636.66667,8742.0,0.0826
2023,1,South Carolina,474983.0,34157.0,0.0875
2023,1,South Dakota,113705.0,6076.0,0.0772
2023,1,South Dakota,15020.666667,1579.0,0.1411
2023,1,South Dakota,98684.333333,4497.0,0.0666
2023,1,South Dakota,102919.0,4757.0,0.0669
2023,1,South Dakota,9926.0,1131.0,0.1672
2023,1,South Dakota,860.0,188.0,0.2279
2023,1,South Dakota,71369.333333,4497.0,0.0919
2023,1,South Dakota,42318.666667,1578.0,0.053
2023,1,Tennessee,615971.66667,38186.0,0.0785
2023,1,Tennessee,75446.333333,8602.0,0.1453
2023,1,Tennessee,540525.33333,29584.0,0.0692
2023,1,Tennessee,552644.66667,30129.0,0.0685
2023,1,Tennessee,57749.0,7275.0,0.1775
2023,1,Tennessee,5578.0,782.0,0.1427
2023,1,Tennessee,208083.33333,11238.0,0.0686
2023,1,Tennessee,407164.33333,26897.0,0.0835
2023,1,Territories,17503.333333,403.0,0.0424
2023,1,Texas,1828502.3333,210543.0,0.1509
2023,1,Texas,223725.66667,39666.0,0.2228
2023,1,Texas,1604776.6667,170877.0,0.1403
2023,1,Texas,1653741.3333,177892.0,0.1401
2023,1,Texas,150309.33333,27886.0,0.274
2023,1,Texas,24451.666667,4765.0,0.1982
2023,1,Texas,364598.66667,35047.0,0.1272
2023,1,Texas,1461573.6667,175299.0,0.1567
2023,1,Utah,189088.66667,14667.0,0.1048
2023,1,Utah,20233.333333,2927.0,0.1994
2023,1,Utah,168855.33333,11740.0,0.0937
2023,1,Utah,172187.0,11723.0,0.0915
2023,1,Utah,15421.0,2715.0,0.2609
2023,1,Utah,1480.6666667,229.0,0.1629
2023,1,Utah,41477.333333,3393.0,0.1159
2023,1,Utah,147564.66667,11270.0,0.1018
2023,1,Vermont,99178.333333,12431.0,0.1738
2023,1,Vermont,22399.333333,4531.0,0.2679
2023,1,Vermont,76779.0,7900.0,0.1447
2023,1,Vermont,85656.333333,9078.0,0.1471
2023,1,Vermont,13148.0,3226.0,0.3409
2023,1,Vermont,374.0,127.0,0.347
2023,1,Vermont,74860.333333,9430.0,0.1764
2023,1,Vermont,24005.333333,2946.0,0.1648
2023,1,Virgin Islands,12641.666667,568.0,0.0756
2023,1,Virginia,891196.66667,82210.0,0.1164
2023,1,Virginia,88128.666667,12803.0,0.1854
2023,1,Virginia,803068.0,69407.0,0.109
2023,1,Virginia,821661.66667,70316.0,0.1074
2023,1,Virginia,62214.0,10760.0,0.2426
2023,1,Virginia,7321.0,1134.0,0.1572
2023,1,Virginia,155547.33333,10599.0,0.0869
2023,1,Virginia,734262.33333,71504.0,0.1226
2023,1,Washington,685196.0,71777.0,0.1492
2023,1,Washington,103669.66667,14439.0,0.2075
2023,1,Washington,581526.33333,57338.0,0.1393
2023,1,Washington,617530.66667,60038.0,0.1375
2023,1,Washington,62408.0,10433.0,0.265
2023,1,Washington,5257.3333333,1306.0,0.2558
2023,1,Washington,161780.0,15187.0,0.1373
2023,1,Washington,523002.66667,56568.0,0.1527
2023,1,West Virginia,192640.0,17757.0,0.1211
2023,1,West Virginia,41448.333333,6562.0,0.2068
2023,1,West Virginia,151191.66667,11195.0,0.0975
2023,1,West Virginia,161534.66667,12680.0,0.1021
2023,1,West Virginia,29781.0,4802.0,0.2277
2023,1,West Virginia,1324.3333333,275.0,0.2132
2023,1,West Virginia,66098.333333,5870.0,0.117
2023,1,West Virginia,126350.33333,11864.0,0.1232
2023,1,Wisconsin,502239.66667,40815.0,0.1166
2023,1,Wisconsin,91522.666667,14063.0,0.2071
2023,1,Wisconsin,410717.0,26752.0,0.0948
2023,1,Wisconsin,437171.66667,29027.0,0.0956
2023,1,Wisconsin,60836.333333,11106.0,0.2623
2023,1,Wisconsin,4231.6666667,682.0,0.1663
2023,1,Wisconsin,198194.33333,14832.0,0.1124
2023,1,Wisconsin,303949.33333,25981.0,0.1191
2023,1,Wyoming,97465.0,5407.0,0.0825
2023,1,Wyoming,10586.666667,1417.0,0.176
2023,1,Wyoming,86878.333333,3990.0,0.0694
2023,1,Wyoming,88649.333333,4123.0,0.0695
2023,1,Wyoming,8338.3333333,1190.0,0.2056
2023,1,Wyoming,477.33333333,94.0,0.2048
2023,1,Wyoming,68486.333333,3953.0,0.0879
2023,1,Wyoming,28969.0,1452.0,0.0705
2023,2,Alabama,396284.33333,19159.0,0.0608
2023,2,Alabama,63394.666667,4221.0,0.0861
2023,2,Alabama,332889.66667,14938.0,0.0562
2023,2,Alabama,338855.0,14589.0,0.0532
2023,2,Alabama,53226.0,4236.0,0.1153
2023,2,Alabama,4203.3333333,334.0,0.0818
2023,2,Alabama,119590.0,5415.0,0.0569
2023,2,Alabama,275883.66667,13687.0,0.0625
2023,2,Alaska,98164.333333,9305.0,0.1414
2023,2,Alaska,21515.333333,3019.0,0.1953
2023,2,Alaska,76649.0,6286.0,0.1249
2023,2,Alaska,88131.666667,7642.0,0.1302
2023,2,Alaska,9357.3333333,1557.0,0.2409
2023,2,Alaska,675.33333333,106.0,0.1659
2023,2,Alaska,46961.0,4948.0,0.1587
2023,2,Alaska,47738.333333,3981.0,0.1229
2023,2,Arizona,634660.33333,68895.0,0.1402
2023,2,Arizona,66280.666667,9705.0,0.2113
2023,2,Arizona,568379.66667,59190.0,0.1328
2023,2,Arizona,596427.0,61343.0,0.1319
2023,2,Arizona,33301.0,6512.0,0.3001
2023,2,Arizona,4932.3333333,1040.0,0.2178
2023,2,Arizona,103192.0,9754.0,0.1305
2023,2,Arizona,529023.66667,58910.0,0.1419
2023,2,Arkansas,335594.33333,22588.0,0.0859
2023,2,Arkansas,55942.666667,6370.0,0.1478
2023,2,Arkansas,279651.66667,16218.0,0.0738
2023,2,Arkansas,292126.66667,17187.0,0.0741
2023,2,Arkansas,40627.0,4969.0,0.1745
2023,2,Arkansas,2840.6666667,432.0,0.1586
2023,2,Arkansas,154114.0,8926.0,0.0742
2023,2,Arkansas,180072.33333,13555.0,0.0957
2023,2,California,2821965.0,535564.0,0.2545
2023,2,California,963356.33333,224220.0,0.3118
2023,2,California,1858608.6667,311344.0,0.2247
2023,2,California,2517971.6667,449898.0,0.2389
2023,2,California,269211.0,75017.0,0.3987
2023,2,California,34782.333333,10649.0,0.3192
2023,2,California,317645.66667,52424.0,0.2242
2023,2,California,2502080.0,482910.0,0.2583
2023,2,Colorado,415904.66667,39238.0,0.1278
2023,2,Colorado,63438.333333,10362.0,0.2253
2023,2,Colorado,352466.33333,28876.0,0.1106
2023,2,Colorado,379972.66667,31578.0,0.1122
2023,2,Colorado,33359.0,7163.0,0.3088
2023,2,Colorado,2573.0,497.0,0.2056
2023,2,Colorado,103228.33333,8199.0,0.1116
2023,2,Colorado,312349.33333,31011.0,0.1329
2023,2,Connecticut,264411.66667,30775.0,0.1431
2023,2,Connecticut,68715.333333,11772.0,0.2103
2023,2,Connecticut,195696.33333,19003.0,0.1194
2023,2,Connecticut,233500.33333,23446.0,0.1229
2023,2,Connecticut,28595.333333,6850.0,0.3087
2023,2,Connecticut,2316.0,479.0,0.214
2023,2,Connecticut,12995.333333,1402.0,0.1337
2023,2,Connecticut,246296.66667,28767.0,0.1436
2023,2,Delaware,148801.0,17645.0,0.1436
2023,2,Delaware,18745.333333,3717.0,0.2489
2023,2,Delaware,130055.66667,13928.0,0.129
2023,2,Delaware,136208.66667,14356.0,0.1271
2023,2,Delaware,11300.333333,3043.0,0.3516
2023,2,Delaware,1292.0,246.0,0.1952
2023,2,Delaware,48018.333333,4518.0,0.111
2023,2,Delaware,100726.66667,13117.0,0.1597
2023,2,District Of Columbia,50760.0,7991.0,0.2115
2023,2,District Of Columbia,19111.666667,3564.0,0.2515
2023,2,District Of Columbia,31648.333333,4427.0,0.1875
2023,2,District Of Columbia,43532.333333,6360.0,0.1952
2023,2,District Of Columbia,6284.3333333,1467.0,0.3425
2023,2,District Of Columbia,943.33333333,164.0,0.1781
2023,2,District Of Columbia,50737.333333,7990.0,0.2115
2023,2,Florida,1964105.3333,190547.0,0.1178
2023,2,Florida,240631.66667,32928.0,0.1723
2023,2,Florida,1723473.6667,157619.0,0.1105
2023,2,Florida,1807253.3333,164549.0,0.1095
2023,2,Florida,140526.33333,22965.0,0.2305
2023,2,Florida,16325.666667,3033.0,0.1898
2023,2,Florida,132710.66667,11219.0,0.103
2023,2,Florida,1827864.0,179150.0,0.1189
2023,2,Georgia,754776.66667,56412.0,0.095
2023,2,Georgia,112211.33333,13296.0,0.1536
2023,2,Georgia,642565.33333,43116.0,0.085
2023,2,Georgia,671667.66667,45424.0,0.0851
2023,2,Georgia,73394.666667,9522.0,0.1882
2023,2,Georgia,9714.3333333,1466.0,0.1562
2023,2,Georgia,173269.33333,11115.0,0.0802
2023,2,Georgia,581000.66667,45271.0,0.0995
2023,2,Hawaii,102738.33333,15444.0,0.2033
2023,2,Hawaii,10540.0,1772.0,0.2624
2023,2,Hawaii,92198.333333,13672.0,0.1975
2023,2,Hawaii,95535.0,13714.0,0.1931
2023,2,Hawaii,5543.6666667,1215.0,0.3603
2023,2,Hawaii,1659.6666667,515.0,0.3301
2023,2,Hawaii,33804.333333,4481.0,0.1867
2023,2,Hawaii,68857.666667,10960.0,0.211
2023,2,Idaho,178534.33333,8658.0,0.067
2023,2,Idaho,24047.666667,2272.0,0.1329
2023,2,Idaho,154486.66667,6386.0,0.0569
2023,2,Idaho,160076.0,6508.0,0.0559
2023,2,Idaho,17410.0,1997.0,0.1686
2023,2,Idaho,1048.3333333,153.0,0.1533
2023,2,Idaho,75962.333333,3400.0,0.0645
2023,2,Idaho,102547.33333,5258.0,0.0687
2023,2,Illinois,1199587.3333,101950.0,0.1095
2023,2,Illinois,212881.66667,33332.0,0.1923
2023,2,Illinois,986705.66667,68618.0,0.0906
2023,2,Illinois,1080099.6667,80054.0,0.0955
2023,2,Illinois,107018.66667,19754.0,0.2457
2023,2,Illinois,12469.0,2142.0,0.1773
2023,2,Illinois,218349.66667,10625.0,0.0634
2023,2,Illinois,980779.0,91287.0,0.1196
2023,2,Indiana,622503.66667,36119.0,0.074
2023,2,Indiana,103261.66667,12409.0,0.1496
2023,2,Indiana,519242.0,23710.0,0.0585
2023,2,Indiana,550922.66667,26559.0,0.0611
2023,2,Indiana,66438.333333,8970.0,0.1846
2023,2,Indiana,5142.6666667,590.0,0.121
2023,2,Indiana,176544.33333,9504.0,0.0689
2023,2,Indiana,445663.0,26598.0,0.076
2023,2,Iowa,392042.0,16958.0,0.0557
2023,2,Iowa,43831.666667,5783.0,0.1707
2023,2,Iowa,348210.33333,11175.0,0.0413
2023,2,Iowa,360004.33333,12650.0,0.045
2023,2,Iowa,29829.0,4028.0,0.191
2023,2,Iowa,2208.6666667,280.0,0.1333
2023,2,Iowa,214658.66667,9687.0,0.0586
2023,2,Iowa,177235.66667,7259.0,0.0522
2023,2,Kansas,350113.0,18510.0,0.0679
2023,2,Kansas,36962.333333,4722.0,0.1574
2023,2,Kansas,313150.66667,13788.0,0.0568
2023,2,Kansas,319124.66667,14400.0,0.0577
2023,2,Kansas,28671.0,3817.0,0.1818
2023,2,Kansas,2317.3333333,293.0,0.1333
2023,2,Kansas,168645.66667,8678.0,0.0667
2023,2,Kansas,181007.33333,9805.0,0.0689
2023,2,Kentucky,409811.33333,25799.0,0.0799
2023,2,Kentucky,78889.0,9826.0,0.1564
2023,2,Kentucky,330922.33333,15973.0,0.0615
2023,2,Kentucky,351356.66667,18121.0,0.0647
2023,2,Kentucky,55445.333333,7344.0,0.1836
2023,2,Kentucky,3009.3333333,334.0,0.1151
2023,2,Kentucky,204063.33333,14662.0,0.092
2023,2,Kentucky,204226.0,10954.0,0.0675
2023,2,Louisiana,365306.66667,19197.0,0.066
2023,2,Louisiana,78593.666667,6280.0,0.1007
2023,2,Louisiana,286713.0,12917.0,0.0565
2023,2,Louisiana,317039.0,14502.0,0.0569
2023,2,Louisiana,43693.0,4232.0,0.1351
2023,2,Louisiana,4574.6666667,463.0,0.104
2023,2,Louisiana,87073.666667,4153.0,0.0598
2023,2,Louisiana,276532.0,14930.0,0.0679
2023,2,Maine,140971.33333,12028.0,0.1178
2023,2,Maine,39314.666667,5453.0,0.1828
2023,2,Maine,101656.66667,6575.0,0.0909
2023,2,Maine,117720.66667,7974.0,0.0928
2023,2,Maine,22418.333333,3933.0,0.2546
2023,2,Maine,832.33333333,121.0,0.1539
2023,2,Maine,79508.666667,6452.0,0.1122
2023,2,Maine,61428.666667,5575.0,0.125
2023,2,Maryland,723189.0,90846.0,0.1587
2023,2,Maryland,124394.66667,23702.0,0.2402
2023,2,Maryland,598794.33333,67144.0,0.1417
2023,2,Maryland,645823.33333,72250.0,0.1411
2023,2,Maryland,69511.333333,17044.0,0.3221
2023,2,Maryland,7854.3333333,1552.0,0.2043
2023,2,Maryland,47171.0,4286.0,0.1115
2023,2,Maryland,675862.33333,86553.0,0.1621
2023,2,Massachusetts,805429.33333,134138.0,0.2055
2023,2,Massachusetts,199931.33333,48432.0,0.301
2023,2,Massachusetts,605498.0,85706.0,0.1743
2023,2,Massachusetts,702973.33333,101895.0,0.1784
2023,2,Massachusetts,97631.333333,31151.0,0.4061
2023,2,Massachusetts,4824.6666667,1092.0,0.2307
2023,2,Massachusetts,33034.0,5648.0,0.2142
2023,2,Massachusetts,772057.0,128457.0,0.2051
2023,2,Michigan,771575.0,85720.0,0.1437
2023,2,Michigan,154425.0,27972.0,0.227
2023,2,Michigan,617150.0,57748.0,0.122
2023,2,Michigan,655029.0,60708.0,0.1193
2023,2,Michigan,108509.66667,23421.0,0.2935
2023,2,Michigan,8036.3333333,1591.0,0.2024
2023,2,Michigan,195732.66667,16240.0,0.1112
2023,2,Michigan,575609.0,69447.0,0.1542
2023,2,Minnesota,393227.0,44274.0,0.1532
2023,2,Minnesota,74256.333333,16484.0,0.2884
2023,2,Minnesota,318970.66667,27790.0,0.1199
2023,2,Minnesota,329391.66667,28080.0,0.1163
2023,2,Minnesota,60486.333333,15451.0,0.3487
2023,2,Minnesota,3349.0,743.0,0.2358
2023,2,Minnesota,150527.33333,12806.0,0.1172
2023,2,Minnesota,242529.0,31450.0,0.1751
2023,2,Mississippi,343093.33333,16167.0,0.0585
2023,2,Mississippi,64818.0,4530.0,0.0853
2023,2,Mississippi,278275.33333,11637.0,0.0521
2023,2,Mississippi,296599.0,12670.0,0.0525
2023,2,Mississippi,42013.0,3110.0,0.1003
2023,2,Mississippi,4481.3333333,387.0,0.088
2023,2,Mississippi,198050.33333,8702.0,0.0542
2023,2,Mississippi,143665.66667,7399.0,0.0644
2023,2,Missouri,545681.33333,30821.0,0.0734
2023,2,Missouri,73330.666667,9622.0,0.1613
2023,2,Missouri,472350.66667,21199.0,0.0588
2023,2,Missouri,477704.33333,21723.0,0.0587
2023,2,Missouri,62816.666667,8474.0,0.1875
2023,2,Missouri,5160.3333333,624.0,0.1261
2023,2,Missouri,204376.66667,11040.0,0.0719
2023,2,Missouri,341215.0,19779.0,0.0743
2023,2,Montana,166312.0,8189.0,0.0692
2023,2,Montana,22567.333333,2344.0,0.1421
2023,2,Montana,143744.66667,5845.0,0.0574
2023,2,Montana,151767.66667,6282.0,0.058
2023,2,Montana,13771.666667,1823.0,0.1974
2023,2,Montana,772.66666667,84.0,0.1162
2023,2,Montana,114624.66667,5680.0,0.0705
2023,2,Montana,51666.333333,2507.0,0.0664
2023,2,Nebraska,225199.66667,11022.0,0.0649
2023,2,Nebraska,22812.333333,3116.0,0.1709
2023,2,Nebraska,202387.33333,7906.0,0.0522
2023,2,Nebraska,208231.33333,8683.0,0.0551
2023,2,Nebraska,15664.0,2124.0,0.1927
2023,2,Nebraska,1304.3333333,215.0,0.1741
2023,2,Nebraska,113019.0,5065.0,0.0602
2023,2,Nebraska,112113.33333,5953.0,0.0695
2023,2,Nevada,243412.66667,23797.0,0.1336
2023,2,Nevada,40695.666667,6733.0,0.2275
2023,2,Nevada,202717.0,17064.0,0.1149
2023,2,Nevada,219849.0,19107.0,0.1185
2023,2,Nevada,21073.0,4197.0,0.2886
2023,2,Nevada,2490.6666667,493.0,0.2087
2023,2,Nevada,47331.333333,3723.0,0.1102
2023,2,Nevada,195695.66667,20048.0,0.1391
2023,2,New Hampshire,189570.33333,19760.0,0.137
2023,2,New Hampshire,24195.0,5311.0,0.2784
2023,2,New Hampshire,165375.33333,14449.0,0.1154
2023,2,New Hampshire,167602.33333,14771.0,0.1151
2023,2,New Hampshire,21116.666667,4847.0,0.3207
2023,2,New Hampshire,851.33333333,142.0,0.1725
2023,2,New Hampshire,81826.0,8073.0,0.1325
2023,2,New Hampshire,107305.33333,11617.0,0.1399
2023,2,New Jersey,872204.33333,105977.0,0.1486
2023,2,New Jersey,127024.33333,23315.0,0.2219
2023,2,New Jersey,745180.0,82662.0,0.1359
2023,2,New Jersey,791189.33333,87818.0,0.1352
2023,2,New Jersey,72309.0,16566.0,0.3
2023,2,New Jersey,8706.0,1593.0,0.1885
2023,2,New Jersey,9710.6666667,983.0,0.1281
2023,2,New Jersey,861036.66667,104865.0,0.1488
2023,2,New Mexico,199060.66667,19932.0,0.1395
2023,2,New Mexico,41810.0,5326.0,0.1859
2023,2,New Mexico,157250.66667,14606.0,0.1279
2023,2,New Mexico,177705.33333,16511.0,0.1289
2023,2,New Mexico,19313.333333,3111.0,0.2432
2023,2,New Mexico,2042.0,310.0,0.156
2023,2,New Mexico,78837.666667,7537.0,0.1335
2023,2,New Mexico,119669.66667,12354.0,0.1437
2023,2,New York,1572207.6667,230551.0,0.1812
2023,2,New York,381813.0,88683.0,0.2831
2023,2,New York,1190394.6667,141868.0,0.1479
2023,2,New York,1382774.3333,184040.0,0.1636
2023,2,New York,173158.33333,42898.0,0.3268
2023,2,New York,16275.0,3613.0,0.2252
2023,2,New York,185527.66667,21127.0,0.1433
2023,2,New York,1385731.6667,209350.0,0.1862
2023,2,North Carolina,898316.33333,65894.0,0.0927
2023,2,North Carolina,124851.33333,15442.0,0.1576
2023,2,North Carolina,773465.0,50452.0,0.0823
2023,2,North Carolina,796559.66667,50874.0,0.08
2023,2,North Carolina,92889.666667,13733.0,0.2063
2023,2,North Carolina,8867.0,1287.0,0.1501
2023,2,North Carolina,281636.66667,18394.0,0.0819
2023,2,North Carolina,615710.66667,47417.0,0.0977
2023,2,North Dakota,87931.333333,3965.0,0.0609
2023,2,North Dakota,12128.0,1517.0,0.1583
2023,2,North Dakota,75803.333333,2448.0,0.0441
2023,2,North Dakota,79223.333333,2846.0,0.0486
2023,2,North Dakota,8040.0,1036.0,0.1784
2023,2,North Dakota,668.0,83.0,0.1313
2023,2,North Dakota,51159.333333,2596.0,0.0698
2023,2,North Dakota,36714.666667,1369.0,0.0492
2023,2,Ohio,967046.33333,69122.0,0.0914
2023,2,Ohio,129505.33333,18506.0,0.182
2023,2,Ohio,837541.0,50616.0,0.0773
2023,2,Ohio,862566.0,52950.0,0.0779
2023,2,Ohio,97163.0,15166.0,0.2191
2023,2,Ohio,7317.3333333,1006.0,0.1433
2023,2,Ohio,277794.0,16926.0,0.0783
2023,2,Ohio,688799.66667,52161.0,0.0966
2023,2,Oklahoma,421123.0,28029.0,0.0848
2023,2,Oklahoma,59569.0,7092.0,0.147
2023,2,Oklahoma,361554.0,20937.0,0.0742
2023,2,Oklahoma,370500.66667,21762.0,0.0743
2023,2,Oklahoma,46535.333333,5731.0,0.1716
2023,2,Oklahoma,4087.0,536.0,0.1374
2023,2,Oklahoma,203246.66667,13011.0,0.0817
2023,2,Oklahoma,216924.33333,14930.0,0.0876
2023,2,Oregon,364202.66667,38225.0,0.1483
2023,2,Oregon,74208.333333,10662.0,0.2154
2023,2,Oregon,289994.33333,27563.0,0.1323
2023,2,Oregon,320043.33333,30002.0,0.1314
2023,2,Oregon,41679.333333,7582.0,0.2797
2023,2,Oregon,2480.0,641.0,0.2743
2023,2,Oregon,155949.66667,13788.0,0.1266
2023,2,Oregon,208165.0,24434.0,0.1642
2023,2,Pennsylvania,1185576.3333,103847.0,0.1102
2023,2,Pennsylvania,176432.33333,29195.0,0.2122
2023,2,Pennsylvania,1009144.0,74652.0,0.0928
2023,2,Pennsylvania,1062734.6667,80190.0,0.0943
2023,2,Pennsylvania,113490.66667,21997.0,0.2657
2023,2,Pennsylvania,9351.0,1660.0,0.182
2023,2,Pennsylvania,170290.33333,13693.0,0.1024
2023,2,Pennsylvania,1014790.6667,90140.0,0.1115
2023,2,Puerto Rico,32048.0,2050.0,0.0956
2023,2,Rhode Island,77923.666667,9792.0,0.1564
2023,2,Rhode Island,11222.666667,1945.0,0.2322
2023,2,Rhode Island,66701.0,7847.0,0.1447
2023,2,Rhode Island,69574.333333,8139.0,0.1429
2023,2,Rhode Island,7828.0,1550.0,0.3006
2023,2,Rhode Island,521.33333333,103.0,0.2036
2023,2,Rhode Island,207.66666667,27.0,0.1598
2023,2,Rhode Island,77702.666667,9765.0,0.1564
2023,2,South Carolina,605554.33333,37111.0,0.0754
2023,2,South Carolina,48245.666667,5405.0,0.1407
2023,2,South Carolina,557308.66667,31706.0,0.0698
2023,2,South Carolina,552257.66667,31157.0,0.0688
2023,2,South Carolina,47914.0,5139.0,0.1508
2023,2,South Carolina,5382.6666667,815.0,0.1557
2023,2,South Carolina,130105.33333,7379.0,0.0702
2023,2,South Carolina,475132.0,29723.0,0.0768
2023,2,South Dakota,113521.66667,5171.0,0.0622
2023,2,South Dakota,14391.0,1405.0,0.1274
2023,2,South Dakota,99130.666667,3766.0,0.0523
2023,2,South Dakota,102897.66667,4075.0,0.0539
2023,2,South Dakota,9785.0,954.0,0.1418
2023,2,South Dakota,839.0,142.0,0.1791
2023,2,South Dakota,71201.333333,3937.0,0.0757
2023,2,South Dakota,42306.0,1232.0,0.0396
2023,2,Tennessee,614664.33333,32936.0,0.0676
2023,2,Tennessee,72796.0,7865.0,0.1371
2023,2,Tennessee,541868.33333,25071.0,0.0584
2023,2,Tennessee,552452.33333,25779.0,0.0584
2023,2,Tennessee,56876.666667,6429.0,0.1593
2023,2,Tennessee,5335.3333333,728.0,0.1416
2023,2,Tennessee,207216.0,9873.0,0.0602
2023,2,Tennessee,406732.66667,23023.0,0.0714
2023,2,Territories,17691.666667,353.0,0.0404
2023,2,Texas,1827144.6667,178062.0,0.1274
2023,2,Texas,215239.33333,33935.0,0.1985
2023,2,Texas,1611905.3333,144127.0,0.1175
2023,2,Texas,1655277.3333,149642.0,0.1174
2023,2,Texas,148296.66667,24377.0,0.2439
2023,2,Texas,23570.666667,4043.0,0.1789
2023,2,Texas,363309.33333,30125.0,0.109
2023,2,Texas,1461523.0,147753.0,0.132
2023,2,Utah,189015.0,12617.0,0.0892
2023,2,Utah,19813.0,2576.0,0.1782
2023,2,Utah,169202.0,10041.0,0.0791
2023,2,Utah,172349.33333,10026.0,0.0772
2023,2,Utah,15231.333333,2389.0,0.234
2023,2,Utah,1434.3333333,202.0,0.1519
2023,2,Utah,41516.666667,2904.0,0.0972
2023,2,Utah,147451.66667,9711.0,0.0871
2023,2,Vermont,99311.0,10554.0,0.1414
2023,2,Vermont,22057.333333,3954.0,0.2296
2023,2,Vermont,77253.666667,6600.0,0.115
2023,2,Vermont,85816.666667,7572.0,0.1169
2023,2,Vermont,13132.666667,2882.0,0.3028
2023,2,Vermont,361.66666667,100.0,0.2849
2023,2,Vermont,74952.333333,7871.0,0.1407
2023,2,Vermont,24047.666667,2643.0,0.1433
2023,2,Virgin Islands,12706.666667,521.0,0.0684
2023,2,Virginia,891079.0,70486.0,0.1001
2023,2,Virginia,84950.666667,11492.0,0.1738
2023,2,Virginia,806128.33333,58994.0,0.0925
2023,2,Virginia,822969.0,59927.0,0.0916
2023,2,Virginia,61128.0,9511.0,0.2211
2023,2,Virginia,6982.0,1048.0,0.1553
2023,2,Virginia,154657.66667,8874.0,0.0731
2023,2,Virginia,735062.0,61521.0,0.1058
2023,2,Washington,683905.66667,65185.0,0.134
2023,2,Washington,100253.33333,12755.0,0.1882
2023,2,Washington,583652.33333,52430.0,0.1252
2023,2,Washington,617653.0,54410.0,0.1227
2023,2,Washington,61230.0,9526.0,0.2477
2023,2,Washington,5022.6666667,1249.0,0.2584
2023,2,Washington,161165.33333,13462.0,0.1189
2023,2,Washington,522328.0,51690.0,0.1385
2023,2,West Virginia,191050.33333,15273.0,0.1038
2023,2,West Virginia,39775.0,5911.0,0.1926
2023,2,West Virginia,151275.33333,9362.0,0.0804
2023,2,West Virginia,160745.0,10676.0,0.0851
2023,2,West Virginia,29062.333333,4348.0,0.2118
2023,2,West Virginia,1243.0,249.0,0.2089
2023,2,West Virginia,65424.666667,4931.0,0.0978
2023,2,West Virginia,125440.0,10320.0,0.1068
2023,2,Wisconsin,500988.0,35296.0,0.0975
2023,2,Wisconsin,88520.0,12019.0,0.1798
2023,2,Wisconsin,412468.0,23277.0,0.0788
2023,2,Wisconsin,437171.66667,25096.0,0.0793
2023,2,Wisconsin,59736.333333,9632.0,0.2303
2023,2,Wisconsin,4080.0,568.0,0.1461
2023,2,Wisconsin,197761.33333,12574.0,0.0908
2023,2,Wisconsin,303131.66667,22721.0,0.1016
2023,2,Wyoming,97669.666667,4599.0,0.067
2023,2,Wyoming,10280.333333,1175.0,0.1483
2023,2,Wyoming,87389.333333,3424.0,0.0564
2023,2,Wyoming,88953.0,3453.0,0.0553
2023,2,Wyoming,8257.3333333,1062.0,0.1833
2023,2,Wyoming,459.33333333,84.0,0.1931
2023,2,Wyoming,68734.0,3315.0,0.0695
2023,2,Wyoming,28925.666667,1283.0,0.0612
2023,3,Alabama,393153.66667,18227.0,0.0582
2023,3,Alabama,61071.666667,3864.0,0.0818
2023,3,Alabama,332082.0,14363.0,0.0541
2023,3,Alabama,336902.33333,14054.0,0.0515
2023,3,Alabama,52260.666667,3842.0,0.1064
2023,3,Alabama,3990.6666667,331.0,0.0864
2023,3,Alabama,118309.33333,4857.0,0.0514
2023,3,Alabama,274044.0,13323.0,0.0611
2023,3,Alaska,99147.333333,8921.0,0.1365
2023,3,Alaska,21646.0,2883.0,0.1871
2023,3,Alaska,77501.333333,6038.0,0.1209
2023,3,Alaska,89020.666667,7358.0,0.1263
2023,3,Alaska,9457.6666667,1473.0,0.2278
2023,3,Alaska,669.0,90.0,0.1433
2023,3,Alaska,47452.666667,4786.0,0.1545
2023,3,Alaska,48190.666667,3771.0,0.117
2023,3,Arizona,636297.33333,65332.0,0.1352
2023,3,Arizona,65503.666667,8904.0,0.1981
2023,3,Arizona,570793.66667,56428.0,0.1287
2023,3,Arizona,598271.0,58219.0,0.1274
2023,3,Arizona,33267.0,6128.0,0.2849
2023,3,Arizona,4759.3333333,985.0,0.213
2023,3,Arizona,103061.0,9122.0,0.1246
2023,3,Arizona,530787.33333,56005.0,0.1371
2023,3,Arkansas,334142.66667,22061.0,0.0844
2023,3,Arkansas,53986.333333,6088.0,0.1476
2023,3,Arkansas,280156.33333,15973.0,0.0725
2023,3,Arkansas,291610.0,16887.0,0.073
2023,3,Arkansas,39854.333333,4702.0,0.17
2023,3,Arkansas,2678.3333333,472.0,0.1858
2023,3,Arkansas,153080.66667,8392.0,0.0704
2023,3,Arkansas,179677.33333,13563.0,0.0961
2023,3,California,2821266.3333,521514.0,0.2494
2023,3,California,961334.66667,215107.0,0.3024
2023,3,California,1859931.6667,306407.0,0.222
2023,3,California,2517830.0,439634.0,0.2347
2023,3,California,269669.66667,71982.0,0.3866
2023,3,California,33766.666667,9898.0,0.3062
2023,3,California,318012.33333,51183.0,0.2206
2023,3,California,2501117.3333,470150.0,0.253
2023,3,Colorado,417114.33333,37441.0,0.1229
2023,3,Colorado,62489.666667,9437.0,0.2106
2023,3,Colorado,354624.66667,28004.0,0.1077
2023,3,Colorado,381673.33333,30176.0,0.1079
2023,3,Colorado,32977.333333,6825.0,0.3009
2023,3,Colorado,2463.6666667,440.0,0.1906
2023,3,Colorado,103450.0,7841.0,0.1089
2023,3,Colorado,313351.0,29577.0,0.1272
2023,3,Connecticut,263538.33333,29812.0,0.1406
2023,3,Connecticut,67172.0,11134.0,0.2057
2023,3,Connecticut,196366.33333,18678.0,0.1183
2023,3,Connecticut,232956.66667,22984.0,0.1222
2023,3,Connecticut,28354.0,6413.0,0.2946
2023,3,Connecticut,2227.6666667,415.0,0.1932
2023,3,Connecticut,12937.0,1320.0,0.1289
2023,3,Connecticut,245454.66667,27894.0,0.1413
2023,3,Delaware,149304.66667,16966.0,0.139
2023,3,Delaware,18461.666667,3481.0,0.2384
2023,3,Delaware,130843.0,13485.0,0.1255
2023,3,Delaware,136827.66667,13817.0,0.123
2023,3,Delaware,11243.666667,2904.0,0.3403
2023,3,Delaware,1233.3333333,245.0,0.2042
2023,3,Delaware,48280.0,4590.0,0.1138
2023,3,Delaware,100967.33333,12370.0,0.1515
2023,3,District Of Columbia,50469.666667,7956.0,0.2152
2023,3,District Of Columbia,18781.0,3553.0,0.2591
2023,3,District Of Columbia,31688.666667,4403.0,0.1894
2023,3,District Of Columbia,43398.666667,6380.0,0.1997
2023,3,District Of Columbia,6176.0,1413.0,0.3411
2023,3,District Of Columbia,895.0,163.0,0.1878
2023,3,District Of Columbia,50450.0,7954.0,0.2152
2023,3,Florida,1960183.6667,191951.0,0.1206
2023,3,Florida,233507.66667,31222.0,0.1685
2023,3,Florida,1726676.0,160729.0,0.1143
2023,3,Florida,1805636.6667,166830.0,0.1129
2023,3,Florida,139001.0,22240.0,0.2269
2023,3,Florida,15546.0,2881.0,0.19
2023,3,Florida,132239.33333,11333.0,0.1059
2023,3,Florida,1824471.6667,180457.0,0.1218
2023,3,Georgia,752957.33333,55595.0,0.0936
2023,3,Georgia,108740.0,12219.0,0.1457
2023,3,Georgia,644217.33333,43376.0,0.085
2023,3,Georgia,671387.33333,45256.0,0.0845
2023,3,Georgia,72316.666667,9026.0,0.1822
2023,3,Georgia,9253.3333333,1313.0,0.1474
2023,3,Georgia,172234.66667,10592.0,0.0767
2023,3,Georgia,580219.66667,44971.0,0.0987
2023,3,Hawaii,102566.0,15333.0,0.2042
2023,3,Hawaii,10291.0,1657.0,0.2578
2023,3,Hawaii,92275.0,13676.0,0.1992
2023,3,Hawaii,95467.666667,13580.0,0.1931
2023,3,Hawaii,5498.3333333,1129.0,0.3467
2023,3,Hawaii,1600.0,624.0,0.4152
2023,3,Hawaii,33815.0,4533.0,0.1911
2023,3,Hawaii,68682.333333,10800.0,0.2103
2023,3,Idaho,178492.0,7770.0,0.0611
2023,3,Idaho,23463.333333,1982.0,0.1217
2023,3,Idaho,155028.66667,5788.0,0.0522
2023,3,Idaho,160187.0,5819.0,0.0508
2023,3,Idaho,17287.666667,1804.0,0.1563
2023,3,Idaho,1017.3333333,147.0,0.1519
2023,3,Idaho,76002.666667,3047.0,0.0587
2023,3,Idaho,102466.0,4722.0,0.0627
2023,3,Illinois,1195685.0,98492.0,0.1068
2023,3,Illinois,204617.0,30990.0,0.1861
2023,3,Illinois,991068.0,67502.0,0.0893
2023,3,Illinois,1078782.3333,77982.0,0.0937
2023,3,Illinois,105044.66667,18435.0,0.2353
2023,3,Illinois,11858.0,2075.0,0.1795
2023,3,Illinois,217594.66667,10553.0,0.0631
2023,3,Illinois,977653.33333,87913.0,0.1165
2023,3,Indiana,621866.66667,34986.0,0.0721
2023,3,Indiana,100257.0,11914.0,0.1488
2023,3,Indiana,521609.66667,23072.0,0.0569
2023,3,Indiana,551556.33333,25841.0,0.0596
2023,3,Indiana,65442.333333,8617.0,0.1819
2023,3,Indiana,4868.0,528.0,0.1148
2023,3,Indiana,176082.33333,9493.0,0.0691
2023,3,Indiana,445495.66667,25483.0,0.0732
2023,3,Iowa,391906.0,15957.0,0.0532
2023,3,Iowa,42225.333333,5354.0,0.1669
2023,3,Iowa,349680.66667,10603.0,0.0396
2023,3,Iowa,360552.0,11932.0,0.043
2023,3,Iowa,29240.0,3731.0,0.1834
2023,3,Iowa,2114.0,294.0,0.1475
2023,3,Iowa,214479.0,9146.0,0.0561
2023,3,Iowa,177282.0,6793.0,0.0496
2023,3,Kansas,350656.66667,18065.0,0.0664
2023,3,Kansas,35722.0,4521.0,0.1578
2023,3,Kansas,314934.66667,13544.0,0.0557
2023,3,Kansas,319959.66667,14127.0,0.0567
2023,3,Kansas,28490.666667,3679.0,0.1794
2023,3,Kansas,2206.3333333,259.0,0.1243
2023,3,Kansas,168747.33333,8741.0,0.0674
2023,3,Kansas,181450.66667,9304.0,0.0656
2023,3,Kentucky,407244.66667,23700.0,0.0736
2023,3,Kentucky,76684.0,9084.0,0.1487
2023,3,Kentucky,330560.66667,14616.0,0.056
2023,3,Kentucky,350179.66667,16739.0,0.0598
2023,3,Kentucky,54237.333333,6686.0,0.1704
2023,3,Kentucky,2827.6666667,275.0,0.1009
2023,3,Kentucky,201956.66667,13227.0,0.0834
2023,3,Kentucky,203786.33333,10329.0,0.0636
2023,3,Louisiana,361998.0,18283.0,0.0631
2023,3,Louisiana,75304.666667,5828.0,0.0975
2023,3,Louisiana,286693.33333,12455.0,0.0542
2023,3,Louisiana,315520.66667,13953.0,0.0547
2023,3,Louisiana,42207.0,3900.0,0.1293
2023,3,Louisiana,4270.3333333,430.0,0.1035
2023,3,Louisiana,85885.333333,3822.0,0.0554
2023,3,Louisiana,274437.66667,14358.0,0.0655
2023,3,Maine,139928.66667,10930.0,0.1097
2023,3,Maine,38387.666667,4822.0,0.1673
2023,3,Maine,101541.0,6108.0,0.0862
2023,3,Maine,117039.33333,7280.0,0.0869
2023,3,Maine,22090.333333,3530.0,0.2339
2023,3,Maine,799.0,120.0,0.1573
2023,3,Maine,78891.666667,5890.0,0.1049
2023,3,Maine,61004.0,5038.0,0.1158
2023,3,Maryland,724500.33333,91022.0,0.1597
2023,3,Maryland,123221.0,23579.0,0.2427
2023,3,Maryland,601279.33333,67443.0,0.1426
2023,3,Maryland,647615.0,72928.0,0.1429
2023,3,Maryland,69308.666667,16691.0,0.3175
2023,3,Maryland,7576.6666667,1403.0,0.1926
2023,3,Maryland,47194.333333,4344.0,0.1141
2023,3,Maryland,677157.33333,86672.0,0.1629
2023,3,Massachusetts,803405.66667,127071.0,0.199
2023,3,Massachusetts,195322.33333,44947.0,0.2898
2023,3,Massachusetts,608083.33333,82124.0,0.1699
2023,3,Massachusetts,703963.66667,97026.0,0.1732
2023,3,Massachusetts,94817.0,29004.0,0.394
2023,3,Massachusetts,4625.0,1041.0,0.2288
2023,3,Massachusetts,33063.333333,5350.0,0.2088
2023,3,Massachusetts,770013.33333,121698.0,0.1986
2023,3,Michigan,769544.0,80368.0,0.1373
2023,3,Michigan,151184.66667,26372.0,0.221
2023,3,Michigan,618359.33333,53996.0,0.1158
2023,3,Michigan,654613.33333,57049.0,0.114
2023,3,Michigan,107245.0,21857.0,0.2811
2023,3,Michigan,7685.6666667,1462.0,0.1955
2023,3,Michigan,194903.66667,15201.0,0.1067
2023,3,Michigan,574412.33333,65137.0,0.1471
2023,3,Minnesota,392810.0,41647.0,0.1468
2023,3,Minnesota,72838.666667,15387.0,0.278
2023,3,Minnesota,319971.33333,26260.0,0.115
2023,3,Minnesota,329392.66667,26438.0,0.1114
2023,3,Minnesota,60164.666667,14546.0,0.3354
2023,3,Minnesota,3252.6666667,663.0,0.219
2023,3,Minnesota,150345.33333,11787.0,0.1102
2023,3,Minnesota,242295.0,29848.0,0.169
2023,3,Mississippi,340234.0,14581.0,0.0528
2023,3,Mississippi,62266.0,4018.0,0.0786
2023,3,Mississippi,277968.0,10563.0,0.0469
2023,3,Mississippi,294856.66667,11378.0,0.0471
2023,3,Mississippi,41108.333333,2832.0,0.0931
2023,3,Mississippi,4269.0,371.0,0.0884
2023,3,Mississippi,195964.0,7831.0,0.0489
2023,3,Mississippi,142912.33333,6676.0,0.058
2023,3,Missouri,544509.0,29557.0,0.0708
2023,3,Missouri,71020.333333,8895.0,0.1544
2023,3,Missouri,473488.66667,20662.0,0.0574
2023,3,Missouri,477407.33333,20999.0,0.057
2023,3,Missouri,62189.333333,7991.0,0.1791
2023,3,Missouri,4912.3333333,567.0,0.121
2023,3,Missouri,203511.33333,10402.0,0.068
2023,3,Missouri,340909.66667,19151.0,0.0724
2023,3,Montana,167098.66667,7887.0,0.0674
2023,3,Montana,22392.666667,2321.0,0.1423
2023,3,Montana,144706.0,5566.0,0.0553
2023,3,Montana,152586.66667,6038.0,0.0563
2023,3,Montana,13753.0,1768.0,0.1933
2023,3,Montana,759.0,81.0,0.1141
2023,3,Montana,115231.66667,5510.0,0.0691
2023,3,Montana,51847.333333,2376.0,0.0637
2023,3,Nebraska,225407.33333,10502.0,0.0623
2023,3,Nebraska,22227.0,2789.0,0.1584
2023,3,Nebraska,203180.33333,7713.0,0.0511
2023,3,Nebraska,208666.0,8408.0,0.0537
2023,3,Nebraska,15486.333333,1885.0,0.1748
2023,3,Nebraska,1255.0,209.0,0.1786
2023,3,Nebraska,113056.33333,4789.0,0.0574
2023,3,Nebraska,112287.33333,5711.0,0.067
2023,3,Nevada,243340.33333,22371.0,0.1268
2023,3,Nevada,40186.333333,6553.0,0.2266
2023,3,Nevada,203154.0,15818.0,0.1072
2023,3,Nevada,220117.33333,17934.0,0.1122
2023,3,Nevada,20814.666667,4007.0,0.2803
2023,3,Nevada,2408.3333333,430.0,0.1878
2023,3,Nevada,47436.333333,3428.0,0.1025
2023,3,Nevada,195519.66667,18929.0,0.1326
2023,3,New Hampshire,189878.0,18279.0,0.1295
2023,3,New Hampshire,23467.666667,4884.0,0.267
2023,3,New Hampshire,166410.33333,13395.0,0.1091
2023,3,New Hampshire,168264.0,13618.0,0.1084
2023,3,New Hampshire,20791.333333,4504.0,0.3072
2023,3,New Hampshire,822.66666667,157.0,0.199
2023,3,New Hampshire,81893.333333,7271.0,0.1225
2023,3,New Hampshire,107557.33333,10946.0,0.1344
2023,3,New Jersey,873631.0,103091.0,0.1458
2023,3,New Jersey,124199.0,21729.0,0.2132
2023,3,New Jersey,749432.0,81362.0,0.1344
2023,3,New Jersey,793183.0,85841.0,0.1332
2023,3,New Jersey,72097.666667,15816.0,0.2891
2023,3,New Jersey,8350.3333333,1434.0,0.176
2023,3,New Jersey,9702.0,943.0,0.1252
2023,3,New Jersey,862556.66667,102031.0,0.1461
2023,3,New Mexico,198720.33333,18590.0,0.1313
2023,3,New Mexico,40872.666667,5108.0,0.1842
2023,3,New Mexico,157847.66667,13482.0,0.1184
2023,3,New Mexico,177697.66667,15397.0,0.121
2023,3,New Mexico,19042.666667,2938.0,0.2358
2023,3,New Mexico,1980.0,255.0,0.1344
2023,3,New Mexico,78433.333333,6991.0,0.1257
2023,3,New Mexico,119736.66667,11564.0,0.1351
2023,3,New York,1569871.3333,225162.0,0.1799
2023,3,New York,373296.33333,83427.0,0.275
2023,3,New York,1196575.0,141735.0,0.1494
2023,3,New York,1382123.3333,182064.0,0.1644
2023,3,New York,172153.66667,39833.0,0.3089
2023,3,New York,15594.333333,3265.0,0.2128
2023,3,New York,184827.66667,19578.0,0.1366
2023,3,New York,1384134.6667,205520.0,0.1854
2023,3,North Carolina,895052.0,65184.0,0.0922
2023,3,North Carolina,119165.33333,14194.0,0.1523
2023,3,North Carolina,775886.66667,50990.0,0.083
2023,3,North Carolina,795629.66667,51191.0,0.0807
2023,3,North Carolina,91043.666667,12965.0,0.2008
2023,3,North Carolina,8378.6666667,1028.0,0.1277
2023,3,North Carolina,279831.66667,18305.0,0.0823
2023,3,North Carolina,614264.33333,46801.0,0.0967
2023,3,North Dakota,87683.333333,3619.0,0.0564
2023,3,North Dakota,11855.0,1429.0,0.1526
2023,3,North Dakota,75828.333333,2190.0,0.04
2023,3,North Dakota,79054.666667,2601.0,0.045
2023,3,North Dakota,7991.6666667,947.0,0.1664
2023,3,North Dakota,637.0,71.0,0.1183
2023,3,North Dakota,50935.666667,2424.0,0.0661
2023,3,North Dakota,36690.333333,1194.0,0.0435
2023,3,Ohio,967696.0,65677.0,0.0875
2023,3,Ohio,126431.0,17275.0,0.1753
2023,3,Ohio,841265.0,48402.0,0.0743
2023,3,Ohio,864215.66667,50516.0,0.0747
2023,3,Ohio,96471.333333,14229.0,0.2099
2023,3,Ohio,7009.0,932.0,0.1382
2023,3,Ohio,277286.66667,15636.0,0.0732
2023,3,Ohio,689968.33333,50012.0,0.0932
2023,3,Oklahoma,419531.33333,26780.0,0.0815
2023,3,Oklahoma,57400.333333,6687.0,0.1441
2023,3,Oklahoma,362131.0,20093.0,0.0712
2023,3,Oklahoma,369655.33333,20760.0,0.0711
2023,3,Oklahoma,45980.0,5459.0,0.1654
2023,3,Oklahoma,3896.0,561.0,0.1513
2023,3,Oklahoma,202386.33333,12435.0,0.0785
2023,3,Oklahoma,216201.33333,14264.0,0.0842
2023,3,Oregon,364309.33333,36332.0,0.1429
2023,3,Oregon,73533.333333,10110.0,0.2078
2023,3,Oregon,290776.0,26222.0,0.1275
2023,3,Oregon,320367.66667,28491.0,0.1264
2023,3,Oregon,41563.666667,7217.0,0.2711
2023,3,Oregon,2378.0,624.0,0.2812
2023,3,Oregon,155967.33333,12965.0,0.1204
2023,3,Oregon,208264.66667,23366.0,0.1593
2023,3,Pennsylvania,1183617.6667,98585.0,0.1059
2023,3,Pennsylvania,170956.0,26093.0,0.1978
2023,3,Pennsylvania,1012661.6667,72492.0,0.0907
2023,3,Pennsylvania,1063211.6667,76473.0,0.0909
2023,3,Pennsylvania,111474.33333,20627.0,0.2556
2023,3,Pennsylvania,8931.6666667,1485.0,0.1708
2023,3,Pennsylvania,169344.33333,12666.0,0.0965
2023,3,Pennsylvania,1013783.3333,85905.0,0.1074
2023,3,Puerto Rico,31201.333333,1937.0,0.0928
2023,3,Rhode Island,77278.0,9319.0,0.1529
2023,3,Rhode Island,10542.666667,1813.0,0.2332
2023,3,Rhode Island,66735.333333,7506.0,0.1411
2023,3,Rhode Island,69090.666667,7804.0,0.1405
2023,3,Rhode Island,7684.0,1421.0,0.2886
2023,3,Rhode Island,503.33333333,94.0,0.1914
2023,3,Rhode Island,204.33333333,22.0,0.1384
2023,3,Rhode Island,77059.333333,9296.0,0.1529
2023,3,South Carolina,605898.66667,37949.0,0.077
2023,3,South Carolina,46700.333333,5096.0,0.1376
2023,3,South Carolina,559198.33333,32853.0,0.0721
2023,3,South Carolina,553478.0,32154.0,0.0708
2023,3,South Carolina,47238.333333,4975.0,0.1494
2023,3,South Carolina,5182.3333333,820.0,0.1631
2023,3,South Carolina,129872.33333,7690.0,0.0731
2023,3,South Carolina,475719.0,30248.0,0.0781
2023,3,South Dakota,113613.33333,4660.0,0.0571
2023,3,South Dakota,13946.0,1245.0,0.117
2023,3,South Dakota,99667.333333,3415.0,0.0481
2023,3,South Dakota,103144.66667,3642.0,0.0491
2023,3,South Dakota,9671.6666667,880.0,0.1326
2023,3,South Dakota,797.0,138.0,0.1792
2023,3,South Dakota,71246.333333,3642.0,0.0715
2023,3,South Dakota,42353.0,1017.0,0.0331
2023,3,Tennessee,613212.33333,32369.0,0.0666
2023,3,Tennessee,70155.333333,7367.0,0.1336
2023,3,Tennessee,543057.0,25002.0,0.058
2023,3,Tennessee,552262.0,25506.0,0.0577
2023,3,Tennessee,55872.0,6250.0,0.1586
2023,3,Tennessee,5078.3333333,613.0,0.1255
2023,3,Tennessee,206443.66667,9608.0,0.0585
2023,3,Tennessee,406051.66667,22714.0,0.0706
2023,3,Territories,17777.0,458.0,0.0514
2023,3,Texas,1824565.6667,174358.0,0.1254
2023,3,Texas,207802.33333,32865.0,0.1992
2023,3,Texas,1616763.3333,141493.0,0.1155
2023,3,Texas,1655600.6667,147612.0,0.1161
2023,3,Texas,146490.0,23155.0,0.2367
2023,3,Texas,22475.0,3591.0,0.1668
2023,3,Texas,361767.0,29314.0,0.1067
2023,3,Texas,1460514.3333,144876.0,0.13
2023,3,Utah,188772.66667,12082.0,0.0858
2023,3,Utah,19444.0,2471.0,0.1757
2023,3,Utah,169328.66667,9611.0,0.0758
2023,3,Utah,172258.66667,9532.0,0.0736
2023,3,Utah,15118.666667,2331.0,0.2334
2023,3,Utah,1395.3333333,219.0,0.1712
2023,3,Utah,41604.666667,2787.0,0.0935
2023,3,Utah,147123.0,9294.0,0.0838
2023,3,Vermont,99580.0,9961.0,0.136
2023,3,Vermont,21772.0,3614.0,0.2177
2023,3,Vermont,77808.0,6347.0,0.1121
2023,3,Vermont,86122.333333,7157.0,0.1125
2023,3,Vermont,13110.333333,2713.0,0.292
2023,3,Vermont,347.33333333,91.0,0.2684
2023,3,Vermont,75086.0,7289.0,0.1327
2023,3,Vermont,24182.666667,2626.0,0.1451
2023,3,Virgin Islands,12703.666667,507.0,0.0677
2023,3,Virginia,891228.66667,69326.0,0.0988
2023,3,Virginia,82292.666667,10625.0,0.1675
2023,3,Virginia,808936.0,58701.0,0.0919
2023,3,Virginia,824149.33333,59222.0,0.0906
2023,3,Virginia,60433.666667,9197.0,0.2178
2023,3,Virginia,6645.6666667,907.0,0.1423
2023,3,Virginia,154050.66667,8381.0,0.0694
2023,3,Virginia,735839.33333,60868.0,0.1049
2023,3,Washington,682389.66667,65278.0,0.1357
2023,3,Washington,96634.666667,11955.0,0.1859
2023,3,Washington,585755.0,53323.0,0.128
2023,3,Washington,617408.33333,55134.0,0.1255
2023,3,Washington,60209.666667,8982.0,0.2418
2023,3,Washington,4771.6666667,1162.0,0.2545
2023,3,Washington,160621.0,13488.0,0.1211
2023,3,Washington,521381.0,51770.0,0.1401
2023,3,West Virginia,189875.66667,14226.0,0.0981
2023,3,West Virginia,38256.0,5372.0,0.1834
2023,3,West Virginia,151619.66667,8854.0,0.0765
2023,3,West Virginia,160240.0,9998.0,0.0806
2023,3,West Virginia,28463.666667,4007.0,0.202
2023,3,West Virginia,1172.0,221.0,0.1956
2023,3,West Virginia,64892.0,4579.0,0.0922
2023,3,West Virginia,124801.66667,9627.0,0.1011
2023,3,Wisconsin,500439.33333,32920.0,0.0921
2023,3,Wisconsin,85829.666667,11321.0,0.1765
2023,3,Wisconsin,414609.66667,21599.0,0.0736
2023,3,Wisconsin,437696.0,23407.0,0.0748
2023,3,Wisconsin,58860.333333,8978.0,0.2211
2023,3,Wisconsin,3883.0,535.0,0.1451
2023,3,Wisconsin,197571.66667,11638.0,0.0851
2023,3,Wisconsin,302772.66667,21281.0,0.0965
2023,3,Wyoming,98010.0,4126.0,0.0609
2023,3,Wyoming,10066.333333,1092.0,0.1413
2023,3,Wyoming,87943.666667,3034.0,0.0506
2023,3,Wyoming,89345.333333,3118.0,0.0506
2023,3,Wyoming,8221.3333333,942.0,0.1674
2023,3,Wyoming,443.33333333,66.0,0.1557
2023,3,Wyoming,69050.0,2988.0,0.0638
2023,3,Wyoming,28950.0,1137.0,0.0544
2023,4,Alabama,390945.0,17821.0,0.0574
2023,4,Alabama,59393.666667,3627.0,0.08
2023,4,Alabama,331551.33333,14194.0,0.0536
2023,4,Alabama,335336.33333,13807.0,0.0509
2023,4,Alabama,51816.333333,3696.0,0.105
2023,4,Alabama,3792.3333333,318.0,0.0882
2023,4,Alabama,117265.0,4660.0,0.05
2023,4,Alabama,272894.0,13112.0,0.0606
2023,4,Alaska,99956.666667,9442.0,0.1441
2023,4,Alaska,21722.666667,3044.0,0.202
2023,4,Alaska,78234.0,6398.0,0.1267
2023,4,Alaska,89742.0,7750.0,0.1324
2023,4,Alaska,9559.3333333,1607.0,0.2513
2023,4,Alaska,655.33333333,85.0,0.1398
2023,4,Alaska,47841.666667,4878.0,0.1566
2023,4,Alaska,48587.666667,4175.0,0.1295
2023,4,Arizona,639504.66667,66816.0,0.1358
2023,4,Arizona,65318.0,8781.0,0.1985
2023,4,Arizona,574186.66667,58035.0,0.1297
2023,4,Arizona,601304.0,59893.0,0.1284
2023,4,Arizona,33610.0,5913.0,0.2806
2023,4,Arizona,4590.6666667,1010.0,0.2306
2023,4,Arizona,103475.33333,9486.0,0.128
2023,4,Arizona,533563.0,57090.0,0.1372
2023,4,Arkansas,333688.66667,23174.0,0.0886
2023,4,Arkansas,52838.0,5977.0,0.1494
2023,4,Arkansas,280850.66667,17197.0,0.0777
2023,4,Arkansas,291376.66667,18135.0,0.0782
2023,4,Arkansas,39744.0,4667.0,0.1716
2023,4,Arkansas,2568.0,372.0,0.1534
2023,4,Arkansas,152694.0,8815.0,0.0742
2023,4,Arkansas,179626.66667,14255.0,0.1006
2023,4,California,2833587.6667,526774.0,0.2521
2023,4,California,962922.66667,213684.0,0.3042
2023,4,California,1870665.0,313090.0,0.2257
2023,4,California,2529381.3333,445228.0,0.2376
2023,4,California,271488.0,71942.0,0.3892
2023,4,California,32718.333333,9604.0,0.3089
2023,4,California,319073.66667,52858.0,0.2271
2023,4,California,2512388.3333,473724.0,0.2552
2023,4,Colorado,419129.66667,41028.0,0.1335
2023,4,Colorado,61677.666667,9681.0,0.2218
2023,4,Colorado,357452.0,31347.0,0.1188
2023,4,Colorado,383906.0,33635.0,0.1188
2023,4,Colorado,32851.0,6926.0,0.313
2023,4,Colorado,2372.6666667,467.0,0.2121
2023,4,Colorado,103927.0,8762.0,0.1198
2023,4,Colorado,314893.33333,32252.0,0.1378
2023,4,Connecticut,263843.0,31861.0,0.1487
2023,4,Connecticut,66467.333333,11197.0,0.2091
2023,4,Connecticut,197375.66667,20664.0,0.1286
2023,4,Connecticut,233211.33333,25010.0,0.1313
2023,4,Connecticut,28501.333333,6447.0,0.2967
2023,4,Connecticut,2130.3333333,404.0,0.198
2023,4,Connecticut,12927.333333,1394.0,0.1349
2023,4,Connecticut,245718.0,29831.0,0.1495
2023,4,Delaware,149821.66667,17856.0,0.1433
2023,4,Delaware,18327.666667,3542.0,0.2448
2023,4,Delaware,131494.0,14314.0,0.13
2023,4,Delaware,137392.33333,14699.0,0.1279
2023,4,Delaware,11249.0,2936.0,0.3455
2023,4,Delaware,1180.3333333,221.0,0.193
2023,4,Delaware,48475.666667,4933.0,0.1188
2023,4,Delaware,101288.0,12916.0,0.1555
2023,4,District Of Columbia,50443.0,7927.0,0.2138
2023,4,District Of Columbia,18662.0,3307.0,0.247
2023,4,District Of Columbia,31781.0,4620.0,0.1951
2023,4,District Of Columbia,43447.0,6435.0,0.1999
2023,4,District Of Columbia,6133.6666667,1329.0,0.3286
2023,4,District Of Columbia,862.33333333,163.0,0.1952
2023,4,District Of Columbia,50423.0,7926.0,0.2138
2023,4,Florida,1961189.6667,192702.0,0.1196
2023,4,Florida,227999.33333,30081.0,0.1681
2023,4,Florida,1733190.3333,162621.0,0.1135
2023,4,Florida,1807799.0,168008.0,0.1119
2023,4,Florida,138558.0,21971.0,0.2281
2023,4,Florida,14832.666667,2723.0,0.1898
2023,4,Florida,131971.66667,11484.0,0.106
2023,4,Florida,1825769.0,181067.0,0.1206
2023,4,Georgia,753981.33333,57204.0,0.0963
2023,4,Georgia,106308.66667,12114.0,0.1493
2023,4,Georgia,647672.66667,45090.0,0.0879
2023,4,Georgia,673154.0,47067.0,0.0876
2023,4,Georgia,71969.0,8845.0,0.182
2023,4,Georgia,8858.3333333,1292.0,0.1546
2023,4,Georgia,171913.66667,10510.0,0.0765
2023,4,Georgia,581576.33333,46665.0,0.1022
2023,4,Hawaii,102792.0,14959.0,0.1998
2023,4,Hawaii,10261.333333,1544.0,0.2466
2023,4,Hawaii,92530.666667,13415.0,0.1955
2023,4,Hawaii,95763.666667,13306.0,0.1893
2023,4,Hawaii,5487.0,1070.0,0.338
2023,4,Hawaii,1541.3333333,583.0,0.4085
2023,4,Hawaii,33849.0,4445.0,0.1866
2023,4,Hawaii,68872.333333,10512.0,0.206
2023,4,Idaho,178970.0,8172.0,0.0635
2023,4,Idaho,23226.0,2029.0,0.1266
2023,4,Idaho,155744.0,6143.0,0.0546
2023,4,Idaho,160644.66667,6169.0,0.0531
2023,4,Idaho,17343.0,1869.0,0.163
2023,4,Idaho,982.33333333,134.0,0.1432
2023,4,Idaho,76250.0,3299.0,0.0631
2023,4,Idaho,102696.66667,4873.0,0.0639
2023,4,Illinois,1198742.0,105207.0,0.1123
2023,4,Illinois,202902.66667,30437.0,0.1853
2023,4,Illinois,995839.33333,74770.0,0.0968
2023,4,Illinois,1081444.3333,84602.0,0.0999
2023,4,Illinois,105939.0,18631.0,0.2379
2023,4,Illinois,11358.666667,1974.0,0.179
2023,4,Illinois,217923.0,11056.0,0.0654
2023,4,Illinois,980406.0,94123.0,0.1227
2023,4,Indiana,622398.66667,37174.0,0.0761
2023,4,Indiana,98220.666667,11184.0,0.1445
2023,4,Indiana,524178.0,25990.0,0.0632
2023,4,Indiana,552748.0,28390.0,0.0648
2023,4,Indiana,65035.0,8182.0,0.177
2023,4,Indiana,4615.6666667,602.0,0.1389
2023,4,Indiana,176007.66667,9906.0,0.072
2023,4,Indiana,446109.0,27258.0,0.0777
2023,4,Iowa,392891.33333,17589.0,0.0574
2023,4,Iowa,41555.333333,5377.0,0.1712
2023,4,Iowa,351336.0,12212.0,0.0444
2023,4,Iowa,361615.66667,13477.0,0.0474
2023,4,Iowa,29262.0,3879.0,0.1916
2023,4,Iowa,2013.6666667,233.0,0.1233
2023,4,Iowa,215028.66667,10538.0,0.0632
2023,4,Iowa,177719.0,7041.0,0.0503
2023,4,Kansas,351794.33333,19058.0,0.0695
2023,4,Kansas,34796.666667,4385.0,0.1584
2023,4,Kansas,316997.66667,14673.0,0.0595
2023,4,Kansas,321105.33333,15240.0,0.0605
2023,4,Kansas,28587.666667,3555.0,0.1751
2023,4,Kansas,2101.3333333,263.0,0.1339
2023,4,Kansas,169091.0,9142.0,0.0701
2023,4,Kansas,182249.33333,9902.0,0.069
2023,4,Kentucky,407164.0,24843.0,0.0769
2023,4,Kentucky,76032.0,9070.0,0.1507
2023,4,Kentucky,331132.0,15773.0,0.06
2023,4,Kentucky,350292.33333,17774.0,0.0631
2023,4,Kentucky,54194.333333,6756.0,0.1739
2023,4,Kentucky,2677.3333333,313.0,0.1224
2023,4,Kentucky,201276.66667,13633.0,0.086
2023,4,Kentucky,204393.0,11070.0,0.0678
2023,4,Louisiana,361071.66667,18540.0,0.0645
2023,4,Louisiana,73353.333333,5641.0,0.0986
2023,4,Louisiana,287718.33333,12899.0,0.056
2023,4,Louisiana,315572.66667,14265.0,0.056
2023,4,Louisiana,41467.666667,3847.0,0.1324
2023,4,Louisiana,4031.3333333,428.0,0.1105
2023,4,Louisiana,85456.333333,3949.0,0.058
2023,4,Louisiana,273955.0,14500.0,0.0664
2023,4,Maine,139212.66667,11400.0,0.1138
2023,4,Maine,37745.0,4903.0,0.1754
2023,4,Maine,101467.66667,6497.0,0.09
2023,4,Maine,116449.66667,7677.0,0.0907
2023,4,Maine,21997.666667,3600.0,0.243
2023,4,Maine,765.33333333,123.0,0.1711
2023,4,Maine,78417.333333,6267.0,0.1113
2023,4,Maine,60764.333333,5133.0,0.1171
2023,4,Maryland,726515.0,97034.0,0.1682
2023,4,Maryland,122298.33333,23666.0,0.2466
2023,4,Maryland,604216.66667,73368.0,0.1525
2023,4,Maryland,649833.66667,78752.0,0.1522
2023,4,Maryland,69393.0,16906.0,0.3226
2023,4,Maryland,7288.3333333,1376.0,0.198
2023,4,Maryland,47280.666667,4708.0,0.1225
2023,4,Maryland,679092.33333,92318.0,0.1714
2023,4,Massachusetts,803487.0,134001.0,0.2062
2023,4,Massachusetts,192846.0,45417.0,0.2959
2023,4,Massachusetts,610641.0,88584.0,0.1784
2023,4,Massachusetts,706351.0,103907.0,0.1812
2023,4,Massachusetts,92718.0,29105.0,0.4034
2023,4,Massachusetts,4418.0,989.0,0.2285
2023,4,Massachusetts,33021.0,5482.0,0.2086
2023,4,Massachusetts,770140.0,128494.0,0.2061
2023,4,Michigan,770399.0,86811.0,0.1465
2023,4,Michigan,150429.33333,26410.0,0.2252
2023,4,Michigan,619969.66667,60401.0,0.127
2023,4,Michigan,655573.66667,63035.0,0.124
2023,4,Michigan,107455.0,22258.0,0.2882
2023,4,Michigan,7370.3333333,1518.0,0.214
2023,4,Michigan,194569.66667,16664.0,0.1157
2023,4,Michigan,575604.33333,70119.0,0.1563
2023,4,Minnesota,393753.33333,45381.0,0.1574
2023,4,Minnesota,72382.666667,16043.0,0.293
2023,4,Minnesota,321370.66667,29338.0,0.1256
2023,4,Minnesota,330108.66667,29502.0,0.122
2023,4,Minnesota,60461.0,15174.0,0.3491
2023,4,Minnesota,3183.6666667,705.0,0.2387
2023,4,Minnesota,150443.66667,12904.0,0.1189
2023,4,Minnesota,243142.0,32464.0,0.1808
2023,4,Mississippi,339306.33333,14758.0,0.0537
2023,4,Mississippi,60893.333333,3953.0,0.0798
2023,4,Mississippi,278413.0,10805.0,0.0479
2023,4,Mississippi,294210.33333,11543.0,0.0479
2023,4,Mississippi,41005.333333,2846.0,0.0948
2023,4,Mississippi,4090.6666667,369.0,0.0932
2023,4,Mississippi,195039.33333,7814.0,0.0491
2023,4,Mississippi,142924.33333,6884.0,0.0599
2023,4,Missouri,545085.0,30896.0,0.0734
2023,4,Missouri,69724.666667,8939.0,0.1593
2023,4,Missouri,475360.33333,21957.0,0.0602
2023,4,Missouri,478143.66667,22242.0,0.0597
2023,4,Missouri,62240.333333,8038.0,0.1821
2023,4,Missouri,4701.0,616.0,0.1384
2023,4,Missouri,203388.33333,10876.0,0.0706
2023,4,Missouri,341605.66667,20020.0,0.075
2023,4,Montana,167850.33333,8804.0,0.0744
2023,4,Montana,22160.666667,2390.0,0.1516
2023,4,Montana,145689.66667,6414.0,0.0625
2023,4,Montana,153351.33333,6901.0,0.0635
2023,4,Montana,13762.333333,1825.0,0.2038
2023,4,Montana,736.66666667,78.0,0.1135
2023,4,Montana,115817.33333,6240.0,0.0774
2023,4,Montana,52015.0,2564.0,0.068
2023,4,Nebraska,225795.33333,11272.0,0.0658
2023,4,Nebraska,21738.333333,3020.0,0.1766
2023,4,Nebraska,204057.0,8252.0,0.0535
2023,4,Nebraska,209198.33333,9128.0,0.0572
2023,4,Nebraska,15408.0,1945.0,0.1833
2023,4,Nebraska,1189.0,199.0,0.1807
2023,4,Nebraska,113169.33333,5064.0,0.0599
2023,4,Nebraska,112563.66667,6206.0,0.0717
2023,4,Nevada,244055.0,22501.0,0.1272
2023,4,Nevada,39946.666667,6454.0,0.2274
2023,4,Nevada,204108.33333,16047.0,0.108
2023,4,Nevada,220931.66667,18215.0,0.1133
2023,4,Nevada,20806.666667,3866.0,0.2772
2023,4,Nevada,2316.6666667,420.0,0.1937
2023,4,Nevada,47647.666667,3504.0,0.1039
2023,4,Nevada,196015.33333,18978.0,0.1327
2023,4,New Hampshire,190538.66667,19759.0,0.1367
2023,4,New Hampshire,23175.666667,4982.0,0.2784
2023,4,New Hampshire,167363.0,14777.0,0.1167
2023,4,New Hampshire,168920.0,14986.0,0.116
2023,4,New Hampshire,20807.0,4631.0,0.3178
2023,4,New Hampshire,811.66666667,142.0,0.1842
2023,4,New Hampshire,82057.333333,7780.0,0.1281
2023,4,New Hampshire,108059.66667,11923.0,0.1429
2023,4,New Jersey,876124.0,113148.0,0.1574
2023,4,New Jersey,121751.0,22642.0,0.2273
2023,4,New Jersey,754373.0,90506.0,0.1462
2023,4,New Jersey,795788.0,95192.0,0.145
2023,4,New Jersey,72345.0,16512.0,0.3017
2023,4,New Jersey,7991.0,1444.0,0.1869
2023,4,New Jersey,9714.6666667,1030.0,0.1345
2023,4,New Jersey,865101.33333,111968.0,0.1577
2023,4,New Mexico,199057.66667,19345.0,0.1374
2023,4,New Mexico,40449.666667,5226.0,0.1956
2023,4,New Mexico,158608.0,14119.0,0.1238
2023,4,New Mexico,178131.33333,16091.0,0.1268
2023,4,New Mexico,18993.666667,2961.0,0.2449
2023,4,New Mexico,1932.6666667,293.0,0.1602
2023,4,New Mexico,78339.333333,7276.0,0.1315
2023,4,New Mexico,120171.33333,12032.0,0.1414
2023,4,New York,1571541.6667,235997.0,0.1855
2023,4,New York,368578.0,84204.0,0.2813
2023,4,New York,1202963.6667,151793.0,0.156
2023,4,New York,1383839.6667,191918.0,0.1701
2023,4,New York,172797.0,40867.0,0.3156
2023,4,New York,14905.0,3212.0,0.2203
2023,4,New York,184256.66667,21319.0,0.1469
2023,4,New York,1386354.3333,214617.0,0.1904
2023,4,North Carolina,894224.33333,67355.0,0.0951
2023,4,North Carolina,115447.0,13970.0,0.1572
2023,4,North Carolina,778777.33333,53385.0,0.0862
2023,4,North Carolina,795754.0,53684.0,0.0842
2023,4,North Carolina,90508.0,12686.0,0.2009
2023,4,North Carolina,7962.3333333,985.0,0.1296
2023,4,North Carolina,278853.66667,18673.0,0.0839
2023,4,North Carolina,614416.66667,48605.0,0.1002
2023,4,North Dakota,87762.0,3795.0,0.0585
2023,4,North Dakota,11595.666667,1385.0,0.1531
2023,4,North Dakota,76166.333333,2410.0,0.0431
2023,4,North Dakota,79160.333333,2727.0,0.0464
2023,4,North Dakota,7990.0,987.0,0.1759
2023,4,North Dakota,611.66666667,81.0,0.1414
2023,4,North Dakota,50964.0,2507.0,0.0677
2023,4,North Dakota,36741.333333,1285.0,0.0462
2023,4,Ohio,970366.66667,71233.0,0.0939
2023,4,Ohio,125495.66667,17373.0,0.1794
2023,4,Ohio,844871.0,53860.0,0.0814
2023,4,Ohio,866542.66667,55969.0,0.0817
2023,4,Ohio,97128.0,14302.0,0.2127
2023,4,Ohio,6696.0,962.0,0.1519
2023,4,Ohio,277512.0,16637.0,0.077
2023,4,Ohio,692419.33333,54567.0,0.1006
2023,4,Oklahoma,419749.66667,25807.0,0.0784
2023,4,Oklahoma,55881.333333,6008.0,0.1345
2023,4,Oklahoma,363868.33333,19799.0,0.0696
2023,4,Oklahoma,370045.0,20132.0,0.0687
2023,4,Oklahoma,45948.0,5151.0,0.1588
2023,4,Oklahoma,3756.6666667,524.0,0.1479
2023,4,Oklahoma,202203.0,12019.0,0.076
2023,4,Oklahoma,216618.0,13714.0,0.0805
2023,4,Oregon,365198.66667,37487.0,0.1465
2023,4,Oregon,73531.0,10039.0,0.2098
2023,4,Oregon,291667.66667,27448.0,0.132
2023,4,Oregon,321094.66667,29577.0,0.1301
2023,4,Oregon,41829.666667,7254.0,0.2744
2023,4,Oregon,2274.3333333,656.0,0.3113
2023,4,Oregon,156246.66667,13509.0,0.1243
2023,4,Oregon,208879.33333,23977.0,0.163
2023,4,Pennsylvania,1184665.0,108862.0,0.115
2023,4,Pennsylvania,168275.66667,25512.0,0.1977
2023,4,Pennsylvania,1016389.3333,83350.0,0.1019
2023,4,Pennsylvania,1064924.6667,86627.0,0.1009
2023,4,Pennsylvania,111139.33333,20747.0,0.2597
2023,4,Pennsylvania,8601.0,1488.0,0.1794
2023,4,Pennsylvania,168844.66667,13752.0,0.1039
2023,4,Pennsylvania,1015348.3333,95093.0,0.1168
2023,4,Puerto Rico,30596.666667,1747.0,0.0854
2023,4,Rhode Island,76733.0,10408.0,0.1689
2023,4,Rhode Island,9998.0,1842.0,0.2466
2023,4,Rhode Island,66735.0,8566.0,0.1582
2023,4,Rhode Island,68570.0,8887.0,0.1579
2023,4,Rhode Island,7685.6666667,1425.0,0.2911
2023,4,Rhode Island,477.33333333,96.0,0.2078
2023,4,Rhode Island,200.33333333,30.0,0.184
2023,4,Rhode Island,76517.666667,10377.0,0.1688
2023,4,South Carolina,606659.33333,40423.0,0.0817
2023,4,South Carolina,45579.333333,5134.0,0.1424
2023,4,South Carolina,561080.0,35289.0,0.0769
2023,4,South Carolina,554644.0,34635.0,0.0757
2023,4,South Carolina,47064.0,5015.0,0.1519
2023,4,South Carolina,4951.3333333,773.0,0.1623
2023,4,South Carolina,129924.33333,8020.0,0.0761
2023,4,South Carolina,476434.66667,32395.0,0.0832
2023,4,South Dakota,113773.0,5102.0,0.0612
2023,4,South Dakota,13607.666667,1276.0,0.1232
2023,4,South Dakota,100165.33333,3826.0,0.0524
2023,4,South Dakota,103347.33333,4054.0,0.0533
2023,4,South Dakota,9657.3333333,902.0,0.1356
2023,4,South Dakota,768.33333333,146.0,0.2005
2023,4,South Dakota,71364.666667,3989.0,0.0766
2023,4,South Dakota,42394.333333,1112.0,0.0355
2023,4,Tennessee,613332.0,34332.0,0.0704
2023,4,Tennessee,68735.666667,7221.0,0.135
2023,4,Tennessee,544596.33333,27111.0,0.0625
2023,4,Tennessee,552595.0,27391.0,0.0617
2023,4,Tennessee,55905.666667,6351.0,0.1637
2023,4,Tennessee,4831.3333333,590.0,0.1287
2023,4,Tennessee,206020.33333,10110.0,0.0616
2023,4,Tennessee,406589.0,24184.0,0.0749
2023,4,Territories,17875.333333,271.0,0.0303
2023,4,Texas,1830951.3333,180254.0,0.1289
2023,4,Texas,204151.0,33015.0,0.2067
2023,4,Texas,1626800.3333,147239.0,0.1189
2023,4,Texas,1662076.6667,153472.0,0.1198
2023,4,Texas,147243.33333,23136.0,0.2393
2023,4,Texas,21631.333333,3646.0,0.1777
2023,4,Texas,361516.0,30273.0,0.1099
2023,4,Texas,1467153.6667,149815.0,0.1336
2023,4,Utah,188476.33333,12465.0,0.0875
2023,4,Utah,19158.666667,2292.0,0.1664
2023,4,Utah,169317.66667,10173.0,0.079
2023,4,Utah,172022.0,10055.0,0.0766
2023,4,Utah,15102.0,2218.0,0.2246
2023,4,Utah,1352.3333333,192.0,0.1541
2023,4,Utah,41674.666667,2920.0,0.0963
2023,4,Utah,146759.66667,9543.0,0.0851
2023,4,Vermont,99740.666667,10376.0,0.1396
2023,4,Vermont,21454.666667,3700.0,0.225
2023,4,Vermont,78286.0,6676.0,0.1153
2023,4,Vermont,86277.666667,7516.0,0.1161
2023,4,Vermont,13129.333333,2761.0,0.2973
2023,4,Vermont,333.66666667,99.0,0.3094
2023,4,Vermont,75136.333333,7657.0,0.1377
2023,4,Vermont,24292.666667,2678.0,0.1446
2023,4,Virgin Islands,12767.666667,468.0,0.0635
2023,4,Virginia,894102.66667,75102.0,0.1058
2023,4,Virginia,81894.666667,10842.0,0.1729
2023,4,Virginia,812208.0,64260.0,0.0993
2023,4,Virginia,826808.33333,64619.0,0.0977
2023,4,Virginia,60924.0,9535.0,0.2254
2023,4,Virginia,6370.3333333,948.0,0.156
2023,4,Virginia,153981.0,9262.0,0.0764
2023,4,Virginia,738794.66667,65742.0,0.1119
2023,4,Washington,682140.66667,66469.0,0.1373
2023,4,Washington,93646.0,11452.0,0.1845
2023,4,Washington,588494.66667,55017.0,0.1304
2023,4,Washington,617997.66667,56517.0,0.1275
2023,4,Washington,59583.0,8845.0,0.2428
2023,4,Washington,4560.0,1107.0,0.2563
2023,4,Washington,160431.66667,14071.0,0.1247
2023,4,Washington,521342.33333,52369.0,0.1412
2023,4,West Virginia,189470.66667,15630.0,0.1075
2023,4,West Virginia,37352.0,5649.0,0.199
2023,4,West Virginia,152118.66667,9981.0,0.0853
2023,4,West Virginia,160045.66667,11277.0,0.0905
2023,4,West Virginia,28308.0,4131.0,0.2105
2023,4,West Virginia,1117.0,222.0,0.2075
2023,4,West Virginia,64679.0,5034.0,0.1018
2023,4,West Virginia,124616.0,10575.0,0.1104
2023,4,Wisconsin,501193.33333,35054.0,0.096
2023,4,Wisconsin,84178.666667,11240.0,0.1793
2023,4,Wisconsin,417014.66667,23814.0,0.0787
2023,4,Wisconsin,438928.0,25497.0,0.0793
2023,4,Wisconsin,58547.0,9024.0,0.2243
2023,4,Wisconsin,3718.3333333,533.0,0.1522
2023,4,Wisconsin,197871.66667,12309.0,0.0879
2023,4,Wisconsin,303226.33333,22740.0,0.101
2023,4,Wyoming,98200.333333,4819.0,0.0707
2023,4,Wyoming,9791.0,1198.0,0.1613
2023,4,Wyoming,88409.333333,3621.0,0.0596
2023,4,Wyoming,89571.0,3701.0,0.0595
2023,4,Wyoming,8198.6666667,1039.0,0.1885
2023,4,Wyoming,430.66666667,79.0,0.2026
2023,4,Wyoming,69321.0,3587.0,0.0758
2023,4,Wyoming,28869.333333,1232.0,0.0591
2024,Overall,Alabama,374505.41667,47337.0,0.1275
2024,Overall,Alaska,101088.75,23674.0,0.2571
2024,Overall,Arizona,631179.41667,166819.0,0.2734
2024,Overall,Arkansas,325488.5,60784.0,0.1882
2024,Overall,California,2823811.0,1146522.0,0.4325
2024,Overall,Colorado,412724.91667,98454.0,0.2474
2024,Overall,Connecticut,256436.16667,71261.0,0.2775
2024,Overall,Delaware,148295.58333,41303.0,0.2785
2024,Overall,District Of Columbia,49400.5,18207.0,0.39
2024,Overall,Florida,1920544.0,499270.0,0.261
2024,Overall,Georgia,734878.41667,142182.0,0.1963
2024,Overall,Hawaii,101899.16667,35388.0,0.368
2024,Overall,Idaho,175635.25,22523.0,0.1343
2024,Overall,Illinois,1165851.6667,239782.0,0.209
2024,Overall,Indiana,604351.75,90483.0,0.1505
2024,Overall,Iowa,385977.0,41057.0,0.1073
2024,Overall,Kansas,346960.41667,47729.0,0.1393
2024,Overall,Kentucky,395269.91667,59841.0,0.1511
2024,Overall,Louisiana,348998.5,51242.0,0.1455
2024,Overall,Maine,135006.75,25076.0,0.1973
2024,Overall,Maryland,713235.58333,219323.0,0.3154
2024,Overall,Massachusetts,792734.0,276509.0,0.35
2024,Overall,Michigan,725591.75,185172.0,0.2572
2024,Overall,Minnesota,384791.58333,101436.0,0.2696
2024,Overall,Mississippi,325668.16667,52903.0,0.1615
2024,Overall,Missouri,528911.33333,76495.0,0.1468
2024,Overall,Montana,165345.75,22715.0,0.1445
2024,Overall,Nebraska,223272.5,29061.0,0.1326
2024,Overall,Nevada,238971.75,49854.0,0.2231
2024,Overall,New Hampshire,188973.08333,45212.0,0.248
2024,Overall,New Jersey,866802.33333,244045.0,0.2831
2024,Overall,New Mexico,196374.75,46468.0,0.2516
2024,Overall,New York,1534406.6667,496366.0,0.325
2024,Overall,North Carolina,855652.16667,176925.0,0.208
2024,Overall,North Dakota,85177.25,8788.0,0.1061
2024,Overall,Ohio,941248.91667,168499.0,0.18
2024,Overall,Oklahoma,409204.16667,67697.0,0.1679
2024,Overall,Oregon,357403.16667,88533.0,0.2641
2024,Overall,Pennsylvania,1155774.1667,253283.0,0.2198
2024,Overall,Puerto Rico,30007.833333,4201.0,0.1616
2024,Overall,Rhode Island,74980.083333,22239.0,0.2971
2024,Overall,South Carolina,596286.66667,102104.0,0.1713
2024,Overall,South Dakota,111005.16667,12827.0,0.1193
2024,Overall,Tennessee,600704.91667,93019.0,0.1558
2024,Overall,Territories,18217.75,1024.0,0.0747
2024,Overall,Texas,1800124.3333,446201.0,0.2563
2024,Overall,Utah,183493.66667,31479.0,0.1748
2024,Overall,Vermont,98263.75,23059.0,0.2428
2024,Overall,Virgin Islands,12750.25,1261.0,0.1181
2024,Overall,Virginia,876699.66667,183993.0,0.2119
2024,Overall,Washington,645060.75,156487.0,0.2569
2024,Overall,West Virginia,179712.33333,33474.0,0.1909
2024,Overall,Wisconsin,486624.75,85467.0,0.18
2024,Overall,Wyoming,94910.833333,12533.0,0.1395
2024,Overall,Alabama,107181.16667,12357.0,0.1159
2024,Overall,Alaska,48452.666667,12392.0,0.2809
2024,Overall,Arizona,100785.66667,23500.0,0.2474
2024,Overall,Arkansas,148275.91667,23367.0,0.1588
2024,Overall,California,314188.5,114809.0,0.3904
2024,Overall,Colorado,100958.41667,21244.0,0.2219
2024,Overall,Connecticut,12492.333333,3244.0,0.2599
2024,Overall,Delaware,48736.583333,11812.0,0.2399
2024,Overall,Florida,127948.5,30913.0,0.2432
2024,Overall,Georgia,166395.83333,27680.0,0.1665
2024,Overall,Hawaii,33350.916667,10156.0,0.3254
2024,Overall,Idaho,74656.0,9116.0,0.1302
2024,Overall,Illinois,212779.66667,27580.0,0.1312
2024,Overall,Indiana,169900.41667,24791.0,0.1469
2024,Overall,Iowa,210857.75,23159.0,0.1111
2024,Overall,Kansas,167482.83333,22784.0,0.1381
2024,Overall,Kentucky,193282.75,31834.0,0.1644
2024,Overall,Louisiana,80364.166667,10473.0,0.1289
2024,Overall,Maine,75620.0,13985.0,0.1963
2024,Overall,Maryland,46281.916667,10896.0,0.2359
2024,Overall,Massachusetts,32924.916667,11897.0,0.3666
2024,Overall,Michigan,184152.33333,39840.0,0.2227
2024,Overall,Minnesota,145141.83333,29775.0,0.2114
2024,Overall,Mississippi,186221.0,26673.0,0.1415
2024,Overall,Missouri,197059.58333,26417.0,0.1379
2024,Overall,Montana,113065.16667,16171.0,0.1513
2024,Overall,Nebraska,111947.41667,13082.0,0.1194
2024,Overall,Nevada,46733.083333,8712.0,0.1994
2024,Overall,New Hampshire,81220.5,18413.0,0.2367
2024,Overall,New Jersey,9559.5833333,2138.0,0.2271
2024,Overall,New Mexico,76351.25,17155.0,0.239
2024,Overall,New York,177444.5,47764.0,0.2714
2024,Overall,North Carolina,263872.5,51262.0,0.1944
2024,Overall,North Dakota,48834.583333,5829.0,0.1236
2024,Overall,Ohio,261832.91667,38004.0,0.1465
2024,Overall,Oklahoma,196836.5,31533.0,0.1627
2024,Overall,Oregon,153732.0,32788.0,0.2292
2024,Overall,Pennsylvania,161285.66667,31953.0,0.1998
2024,Overall,Rhode Island,205.91666667,63.0,0.3073
2024,Overall,South Carolina,126340.58333,21382.0,0.1689
2024,Overall,South Dakota,69641.666667,10112.0,0.1499
2024,Overall,Tennessee,200603.33333,28278.0,0.1418
2024,Overall,Texas,349809.25,74176.0,0.2186
2024,Overall,Utah,40143.833333,7757.0,0.1992
2024,Overall,Vermont,73670.166667,16598.0,0.234
2024,Overall,Virginia,148749.08333,23503.0,0.1589
2024,Overall,Washington,153241.0,33861.0,0.2346
2024,Overall,West Virginia,60983.916667,10967.0,0.184
2024,Overall,Wisconsin,191872.33333,32240.0,0.1745
2024,Overall,Wyoming,66988.666667,9419.0,0.1494
2024,Overall,Alabama,266603.16667,34887.0,0.1322
2024,Overall,Alaska,49118.583333,10276.0,0.2294
2024,Overall,Arizona,527894.0,142755.0,0.2783
2024,Overall,Arkansas,175887.08333,37188.0,0.2132
2024,Overall,California,2507429.5833,1031264.0,0.4378
2024,Overall,Colorado,311458.0,77162.0,0.2555
2024,Overall,Connecticut,243893.16667,68010.0,0.2785
2024,Overall,Delaware,99504.333333,29477.0,0.2978
2024,Overall,District Of Columbia,49376.75,18205.0,0.3901
2024,Overall,Florida,1789448.25,467895.0,0.2624
2024,Overall,Georgia,568036.16667,114454.0,0.2052
2024,Overall,Hawaii,68460.333333,25224.0,0.3886
2024,Overall,Idaho,100959.33333,13406.0,0.1372
2024,Overall,Illinois,952628.16667,212148.0,0.2265
2024,Overall,Indiana,434173.83333,65662.0,0.1519
2024,Overall,Iowa,174980.16667,17876.0,0.1026
2024,Overall,Kansas,179035.58333,24895.0,0.1404
2024,Overall,Kentucky,200572.41667,27668.0,0.1376
2024,Overall,Louisiana,267090.33333,40528.0,0.1504
2024,Overall,Maine,59356.25,11087.0,0.1985
2024,Overall,Maryland,666779.33333,208403.0,0.3211
2024,Overall,Massachusetts,759500.0,264561.0,0.3493
2024,Overall,Michigan,541213.75,145273.0,0.2685
2024,Overall,Minnesota,239489.33333,71632.0,0.3044
2024,Overall,Mississippi,138210.91667,26032.0,0.1889
2024,Overall,Missouri,331759.5,50071.0,0.152
2024,Overall,Montana,52259.0,6542.0,0.13
2024,Overall,Nebraska,111253.16667,15972.0,0.1457
2024,Overall,Nevada,191838.16667,41089.0,0.229
2024,Overall,New Hampshire,107357.5,26667.0,0.2561
2024,Overall,New Jersey,855900.83333,241606.0,0.2838
2024,Overall,New Mexico,119503.33333,29225.0,0.2599
2024,Overall,New York,1356038.4167,448483.0,0.332
2024,Overall,North Carolina,590875.0,125489.0,0.2142
2024,Overall,North Dakota,36293.833333,2956.0,0.0829
2024,Overall,Ohio,678995.91667,130437.0,0.1929
2024,Overall,Oklahoma,211480.75,36001.0,0.1727
2024,Overall,Oregon,203586.91667,55742.0,0.2901
2024,Overall,Pennsylvania,993993.08333,221290.0,0.2231
2024,Overall,Rhode Island,74759.583333,22176.0,0.2971
2024,Overall,South Carolina,469644.75,80693.0,0.172
2024,Overall,South Dakota,41351.75,2713.0,0.0678
2024,Overall,Tennessee,399447.25,64649.0,0.1629
2024,Overall,Texas,1448108.8333,371593.0,0.2655
2024,Overall,Utah,143315.58333,23717.0,0.168
2024,Overall,Vermont,24297.083333,6384.0,0.2685
2024,Overall,Virginia,726666.75,160242.0,0.2228
2024,Overall,Washington,491438.5,122567.0,0.2639
2024,Overall,West Virginia,118565.08333,22467.0,0.1944
2024,Overall,Wisconsin,294654.83333,53217.0,0.1836
2024,Overall,Wyoming,27913.833333,3113.0,0.1161
2024,Overall,Alabama,324598.66667,38513.0,0.1193
2024,Overall,Alaska,91438.333333,20316.0,0.2441
2024,Overall,Arizona,594946.83333,152947.0,0.2662
2024,Overall,Arkansas,286535.0,50575.0,0.1783
2024,Overall,California,2537624.6667,999921.0,0.4198
2024,Overall,Colorado,380556.66667,84959.0,0.2319
2024,Overall,Connecticut,228250.75,59276.0,0.2606
2024,Overall,Delaware,137091.75,36048.0,0.2633
2024,Overall,District Of Columbia,42958.833333,15359.0,0.3791
2024,Overall,Florida,1779617.0,450643.0,0.254
2024,Overall,Georgia,661092.33333,121759.0,0.1868
2024,Overall,Hawaii,95181.333333,32208.0,0.3584
2024,Overall,Idaho,158954.83333,18253.0,0.1205
2024,Overall,Illinois,1055464.6667,201869.0,0.1951
2024,Overall,Indiana,540467.41667,72770.0,0.1356
2024,Overall,Iowa,357247.58333,33342.0,0.0941
2024,Overall,Kansas,318728.66667,40250.0,0.1278
2024,Overall,Kentucky,344079.41667,45961.0,0.1339
2024,Overall,Louisiana,308009.16667,41681.0,0.1344
2024,Overall,Maine,114145.66667,18595.0,0.1735
2024,Overall,Maryland,643292.91667,188373.0,0.3005
2024,Overall,Massachusetts,703322.41667,229111.0,0.3277
2024,Overall,Michigan,622523.5,144153.0,0.2347
2024,Overall,Minnesota,325502.25,73736.0,0.2325
2024,Overall,Mississippi,286079.16667,44988.0,0.1566
2024,Overall,Missouri,467817.0,59253.0,0.1288
2024,Overall,Montana,152019.66667,19097.0,0.1319
2024,Overall,Nebraska,208240.25,24875.0,0.1218
2024,Overall,Nevada,217636.25,42364.0,0.2087
2024,Overall,New Hampshire,169079.58333,36926.0,0.2262
2024,Overall,New Jersey,791274.66667,213237.0,0.2715
2024,Overall,New Mexico,176664.91667,40073.0,0.2414
2024,Overall,New York,1362237.9167,420920.0,0.3111
2024,Overall,North Carolina,767585.08333,149806.0,0.1966
2024,Overall,North Dakota,77230.25,6841.0,0.091
2024,Overall,Ohio,846645.0,139437.0,0.1662
2024,Overall,Oklahoma,363717.25,55592.0,0.1551
2024,Overall,Oregon,316929.0,73459.0,0.247
2024,Overall,Pennsylvania,1048644.1667,213510.0,0.2046
2024,Overall,Rhode Island,67231.583333,19308.0,0.2877
2024,Overall,South Carolina,548674.41667,90057.0,0.1642
2024,Overall,South Dakota,101233.0,10727.0,0.1094
2024,Overall,Tennessee,545513.91667,78450.0,0.145
2024,Overall,Texas,1642085.3333,392850.0,0.2476
2024,Overall,Utah,168359.33333,26787.0,0.1621
2024,Overall,Vermont,85718.75,18086.0,0.2178
2024,Overall,Virginia,815193.0,163879.0,0.2034
2024,Overall,Washington,587320.41667,137174.0,0.2471
2024,Overall,West Virginia,153498.0,25873.0,0.1726
2024,Overall,Wisconsin,429839.25,66939.0,0.1601
2024,Overall,Wyoming,87414.25,10511.0,0.127
2024,Overall,Alabama,46235.833333,7863.0,0.1789
2024,Overall,Alaska,8967.25,3082.0,0.3804
2024,Overall,Arizona,31491.416667,11620.0,0.3893
2024,Overall,Arkansas,36382.25,8981.0,0.248
2024,Overall,California,252810.75,125957.0,0.5442
2024,Overall,Colorado,29697.75,12409.0,0.4309
2024,Overall,Connecticut,25986.0,11010.0,0.4119
2024,Overall,Delaware,10053.166667,4674.0,0.4657
2024,Overall,District Of Columbia,5601.5,2433.0,0.4691
2024,Overall,Florida,126078.66667,41694.0,0.3471
2024,Overall,Georgia,65184.25,16970.0,0.2744
2024,Overall,Hawaii,5171.9166667,2080.0,0.4601
2024,Overall,Idaho,15712.833333,3918.0,0.2589
2024,Overall,Illinois,98872.666667,33332.0,0.3367
2024,Overall,Indiana,59210.0,16096.0,0.2718
2024,Overall,Iowa,26617.25,6999.0,0.2705
2024,Overall,Kansas,26066.833333,6770.0,0.2681
2024,Overall,Kentucky,48424.5,13055.0,0.2633
2024,Overall,Louisiana,37036.083333,8379.0,0.2252
2024,Overall,Maine,20080.5,6237.0,0.3276
2024,Overall,Maryland,62569.083333,27586.0,0.4581
2024,Overall,Massachusetts,84746.5,45014.0,0.5257
2024,Overall,Michigan,95890.166667,37670.0,0.3881
2024,Overall,Minnesota,56102.666667,26115.0,0.4704
2024,Overall,Mississippi,35665.833333,6778.0,0.1912
2024,Overall,Missouri,56400.583333,15667.0,0.2817
2024,Overall,Montana,12596.5,3391.0,0.292
2024,Overall,Nebraska,13871.083333,3702.0,0.2722
2024,Overall,Nevada,19011.25,6528.0,0.3683
2024,Overall,New Hampshire,19056.5,7920.0,0.4382
2024,Overall,New Jersey,67383.0,27368.0,0.4089
2024,Overall,New Mexico,17814.666667,5725.0,0.3466
2024,Overall,New York,157304.91667,67854.0,0.4348
2024,Overall,North Carolina,80403.416667,24248.0,0.3056
2024,Overall,North Dakota,7329.3333333,1778.0,0.2538
2024,Overall,Ohio,87855.75,26621.0,0.3002
2024,Overall,Oklahoma,41691.833333,10703.0,0.2655
2024,Overall,Oregon,38184.916667,13709.0,0.3896
2024,Overall,Pennsylvania,98628.833333,36031.0,0.365
2024,Overall,Rhode Island,7254.0,2711.0,0.3772
2024,Overall,South Carolina,42701.916667,10151.0,0.2443
2024,Overall,South Dakota,8979.25,1820.0,0.2135
2024,Overall,Tennessee,50461.333333,12982.0,0.2595
2024,Overall,Texas,136635.41667,44477.0,0.3486
2024,Overall,Utah,13786.583333,4175.0,0.314
2024,Overall,Vermont,12181.416667,4777.0,0.4153
2024,Overall,Virginia,55012.25,17520.0,0.3196
2024,Overall,Washington,53246.333333,17048.0,0.3503
2024,Overall,West Virginia,25066.583333,7060.0,0.293
2024,Overall,Wisconsin,53141.416667,17104.0,0.3273
2024,Overall,Wyoming,7066.6666667,1865.0,0.2813
2024,Overall,Alabama,3670.9166667,961.0,0.2168
2024,Overall,Alaska,683.16666667,276.0,0.3705
2024,Overall,Arizona,4741.1666667,2252.0,0.3989
2024,Overall,Arkansas,2571.25,1228.0,0.392
2024,Overall,California,33375.583333,20644.0,0.5435
2024,Overall,Colorado,2470.5,1086.0,0.3766
2024,Overall,Connecticut,2199.4166667,975.0,0.3753
2024,Overall,Delaware,1150.6666667,581.0,0.4382
2024,Overall,District Of Columbia,840.16666667,415.0,0.4256
2024,Overall,Florida,14848.333333,6933.0,0.3752
2024,Overall,Georgia,8601.8333333,3453.0,0.327
2024,Overall,Hawaii,1545.9166667,1100.0,0.625
2024,Overall,Idaho,967.58333333,352.0,0.3177
2024,Overall,Illinois,11514.333333,4581.0,0.3378
2024,Overall,Indiana,4674.3333333,1617.0,0.2909
2024,Overall,Iowa,2112.1666667,716.0,0.3001
2024,Overall,Kansas,2164.9166667,709.0,0.2822
2024,Overall,Kentucky,2766.0,825.0,0.246
2024,Overall,Louisiana,3953.25,1182.0,0.2373
2024,Overall,Maine,780.58333333,244.0,0.2742
2024,Overall,Maryland,7373.5833333,3364.0,0.4025
2024,Overall,Massachusetts,4665.0833333,2384.0,0.4458
2024,Overall,Michigan,7178.0833333,3349.0,0.3848
2024,Overall,Minnesota,3186.6666667,1585.0,0.4314
2024,Overall,Mississippi,3923.1666667,1137.0,0.2367
2024,Overall,Missouri,4693.75,1575.0,0.2844
2024,Overall,Montana,729.58333333,227.0,0.2785
2024,Overall,Nebraska,1161.1666667,484.0,0.3567
2024,Overall,Nevada,2324.25,962.0,0.3514
2024,Overall,New Hampshire,837.0,366.0,0.3885
2024,Overall,New Jersey,8144.6666667,3440.0,0.3545
2024,Overall,New Mexico,1895.1666667,670.0,0.3039
2024,Overall,New York,14863.833333,7592.0,0.4205
2024,Overall,North Carolina,7663.6666667,2871.0,0.314
2024,Overall,North Dakota,617.66666667,169.0,0.2471
2024,Overall,Ohio,6748.1666667,2441.0,0.2908
2024,Overall,Oklahoma,3795.0833333,1402.0,0.3141
2024,Overall,Oregon,2289.25,1365.0,0.522
2024,Overall,Pennsylvania,8501.1666667,3742.0,0.3694
2024,Overall,Rhode Island,494.5,220.0,0.3806
2024,Overall,South Carolina,4910.3333333,1896.0,0.3211
2024,Overall,South Dakota,792.91666667,280.0,0.3094
2024,Overall,Tennessee,4729.6666667,1587.0,0.2734
2024,Overall,Texas,21403.583333,8874.0,0.3322
2024,Overall,Utah,1347.75,517.0,0.339
2024,Overall,Vermont,363.58333333,196.0,0.478
2024,Overall,Virginia,6494.4166667,2594.0,0.3337
2024,Overall,Washington,4494.0,2265.0,0.4347
2024,Overall,West Virginia,1147.75,541.0,0.394
2024,Overall,Wisconsin,3644.0833333,1424.0,0.3339
2024,Overall,Wyoming,429.91666667,157.0,0.3278
2024,Overall,Alabama,54324.5,8890.0,0.1557
2024,Overall,Alaska,21543.916667,6966.0,0.3419
2024,Overall,Arizona,60619.083333,18477.0,0.2996
2024,Overall,Arkansas,44298.583333,12657.0,0.2612
2024,Overall,California,960085.66667,446215.0,0.4809
2024,Overall,Colorado,53949.5,18909.0,0.3404
2024,Overall,Connecticut,61979.083333,22089.0,0.3335
2024,Overall,Delaware,16699.75,6494.0,0.3726
2024,Overall,District Of Columbia,16769.0,6980.0,0.413
2024,Overall,Florida,213414.66667,72270.0,0.3103
2024,Overall,Georgia,99254.666667,26182.0,0.2534
2024,Overall,Hawaii,10133.333333,3571.0,0.3616
2024,Overall,Idaho,20314.583333,4572.0,0.2217
2024,Overall,Illinois,197098.83333,62250.0,0.2943
2024,Overall,Indiana,87866.0,23955.0,0.2523
2024,Overall,Iowa,36352.916667,9680.0,0.2547
2024,Overall,Kansas,32513.083333,9081.0,0.2639
2024,Overall,Kentucky,65916.166667,18661.0,0.2572
2024,Overall,Louisiana,63016.333333,13003.0,0.1869
2024,Overall,Maine,36895.833333,9847.0,0.2627
2024,Overall,Maryland,109980.91667,43180.0,0.3883
2024,Overall,Massachusetts,189422.5,82456.0,0.4155
2024,Overall,Michigan,131620.5,47374.0,0.3282
2024,Overall,Minnesota,68963.166667,29392.0,0.3988
2024,Overall,Mississippi,54137.0,11215.0,0.1899
2024,Overall,Missouri,66387.083333,19147.0,0.2626
2024,Overall,Montana,18316.416667,4395.0,0.2393
2024,Overall,Nebraska,20180.0,5760.0,0.2674
2024,Overall,Nevada,37581.083333,12379.0,0.3341
2024,Overall,New Hampshire,19273.916667,8414.0,0.4196
2024,Overall,New Jersey,117241.41667,43050.0,0.3444
2024,Overall,New Mexico,37513.75,10718.0,0.2969
2024,Overall,New York,357305.41667,163452.0,0.4219
2024,Overall,North Carolina,104628.66667,30713.0,0.2755
2024,Overall,North Dakota,10866.166667,2505.0,0.2242
2024,Overall,Ohio,112542.91667,34102.0,0.2729
2024,Overall,Oklahoma,50371.75,13394.0,0.2493
2024,Overall,Oregon,69229.25,20707.0,0.3115
2024,Overall,Pennsylvania,148400.91667,49021.0,0.304
2024,Overall,Rhode Island,9260.4166667,3547.0,0.3341
2024,Overall,South Carolina,43547.833333,11448.0,0.2381
2024,Overall,South Dakota,12557.583333,2607.0,0.2028
2024,Overall,Tennessee,61638.5,15936.0,0.2356
2024,Overall,Texas,184039.58333,67762.0,0.3379
2024,Overall,Utah,18206.166667,4713.0,0.2512
2024,Overall,Vermont,20605.0,6934.0,0.3367
2024,Overall,Virginia,74037.0,22096.0,0.2726
2024,Overall,Washington,81307.166667,23356.0,0.2865
2024,Overall,West Virginia,32407.916667,10354.0,0.3069
2024,Overall,Wisconsin,75347.166667,22654.0,0.2885
2024,Overall,Wyoming,8710.1666667,2195.0,0.2462
2024,Overall,Alabama,320180.91667,38447.0,0.1224
2024,Overall,Alaska,79544.833333,16708.0,0.233
2024,Overall,Arizona,570560.33333,148342.0,0.2705
2024,Overall,Arkansas,281189.91667,48127.0,0.1753
2024,Overall,California,1863725.3333,700307.0,0.4064
2024,Overall,Colorado,358775.41667,79545.0,0.2323
2024,Overall,Connecticut,194457.08333,49172.0,0.2581
2024,Overall,Delaware,131595.83333,34809.0,0.266
2024,Overall,District Of Columbia,32631.5,11227.0,0.377
2024,Overall,Florida,1707129.3333,427000.0,0.2542
2024,Overall,Georgia,635623.75,116000.0,0.1868
2024,Overall,Hawaii,91765.833333,31817.0,0.3688
2024,Overall,Idaho,155320.66667,17951.0,0.122
2024,Overall,Illinois,968752.83333,177532.0,0.1898
2024,Overall,Indiana,516485.75,66528.0,0.1314
2024,Overall,Iowa,349624.08333,31377.0,0.091
2024,Overall,Kansas,314447.33333,38648.0,0.1254
2024,Overall,Kentucky,329353.75,41180.0,0.1273
2024,Overall,Louisiana,285982.16667,38239.0,0.1353
2024,Overall,Maine,98110.916667,15229.0,0.1699
2024,Overall,Maryland,603254.66667,176143.0,0.3015
2024,Overall,Massachusetts,603311.5,194053.0,0.328
2024,Overall,Michigan,593971.25,137798.0,0.2394
2024,Overall,Minnesota,315828.41667,72044.0,0.2381
2024,Overall,Mississippi,271531.16667,41688.0,0.1553
2024,Overall,Missouri,462524.25,57348.0,0.128
2024,Overall,Montana,147029.33333,18320.0,0.1319
2024,Overall,Nebraska,203092.5,23301.0,0.1179
2024,Overall,Nevada,201390.66667,37475.0,0.2011
2024,Overall,New Hampshire,169699.16667,36798.0,0.2268
2024,Overall,New Jersey,749560.91667,200995.0,0.2727
2024,Overall,New Mexico,158861.0,35750.0,0.2405
2024,Overall,New York,1177101.25,332914.0,0.2921
2024,Overall,North Carolina,751023.5,146212.0,0.1978
2024,Overall,North Dakota,74311.083333,6283.0,0.0877
2024,Overall,Ohio,828706.0,134397.0,0.1657
2024,Overall,Oklahoma,358832.41667,54303.0,0.1554
2024,Overall,Oregon,288173.91667,67826.0,0.2523
2024,Overall,Pennsylvania,1007373.25,204262.0,0.2061
2024,Overall,Rhode Island,65719.666667,18692.0,0.2909
2024,Overall,South Carolina,552738.83333,90656.0,0.1655
2024,Overall,South Dakota,98447.583333,10220.0,0.108
2024,Overall,Tennessee,539066.41667,77083.0,0.1456
2024,Overall,Texas,1616084.75,378439.0,0.2457
2024,Overall,Utah,165287.5,26766.0,0.1659
2024,Overall,Vermont,77658.75,16125.0,0.2168
2024,Overall,Virginia,802662.66667,161897.0,0.2057
2024,Overall,Washington,563753.58333,133131.0,0.2523
2024,Overall,West Virginia,147304.41667,23120.0,0.1633
2024,Overall,Wisconsin,411277.58333,62813.0,0.1585
2024,Overall,Wyoming,86200.666667,10338.0,0.1277
2024,1,Alabama,377500.0,18393.0,0.0613
2024,1,Alabama,56809.666667,3852.0,0.0882
2024,1,Alabama,320690.33333,14541.0,0.0567
2024,1,Alabama,326894.66667,14259.0,0.0539
2024,1,Alabama,46704.333333,3757.0,0.118
2024,1,Alabama,3901.0,377.0,0.0982
2024,1,Alabama,108540.0,4734.0,0.0552
2024,1,Alabama,268226.66667,13611.0,0.0637
2024,1,Alaska,99595.333333,9787.0,0.1499
2024,1,Alaska,21294.0,3143.0,0.2083
2024,1,Alaska,78301.333333,6644.0,0.1324
2024,1,Alaska,90084.0,8095.0,0.1383
2024,1,Alaska,8816.0,1576.0,0.2599
2024,1,Alaska,695.33333333,116.0,0.1726
2024,1,Alaska,47720.0,5105.0,0.1653
2024,1,Alaska,48408.0,4273.0,0.1325
2024,1,Arizona,627403.33333,68110.0,0.1403
2024,1,Arizona,61560.666667,8500.0,0.201
2024,1,Arizona,565842.66667,59610.0,0.1345
2024,1,Arizona,591157.66667,61206.0,0.133
2024,1,Arizona,31325.0,5854.0,0.2884
2024,1,Arizona,4920.6666667,1050.0,0.218
2024,1,Arizona,100736.0,9660.0,0.1338
2024,1,Arizona,524192.66667,58219.0,0.1415
2024,1,Arkansas,326491.0,23628.0,0.093
2024,1,Arkansas,46114.666667,5954.0,0.1666
2024,1,Arkansas,280376.33333,17674.0,0.081
2024,1,Arkansas,287198.0,18492.0,0.0818
2024,1,Arkansas,36571.666667,4588.0,0.1816
2024,1,Arkansas,2721.3333333,548.0,0.2058
2024,1,Arkansas,149182.0,9251.0,0.0805
2024,1,Arkansas,175977.0,14281.0,0.1035
2024,1,California,2807817.6667,545310.0,0.2597
2024,1,California,962164.0,226373.0,0.3153
2024,1,California,1845653.6667,318937.0,0.2309
2024,1,California,2521770.6667,463815.0,0.2453
2024,1,California,251319.33333,70884.0,0.4051
2024,1,California,34727.666667,10611.0,0.3162
2024,1,California,312860.0,54338.0,0.2382
2024,1,California,2492661.0,490751.0,0.2624
2024,1,Colorado,408756.66667,41280.0,0.1383
2024,1,Colorado,54753.666667,9314.0,0.231
2024,1,Colorado,354003.0,31966.0,0.1238
2024,1,Colorado,376539.0,33971.0,0.1234
2024,1,Colorado,29693.666667,6778.0,0.328
2024,1,Colorado,2524.0,531.0,0.2199
2024,1,Colorado,100141.33333,8635.0,0.124
2024,1,Colorado,308300.66667,32626.0,0.1427
2024,1,Connecticut,256903.33333,32028.0,0.1548
2024,1,Connecticut,64020.333333,11154.0,0.2157
2024,1,Connecticut,192883.0,20874.0,0.1345
2024,1,Connecticut,228496.66667,25309.0,0.1373
2024,1,Connecticut,26120.333333,6284.0,0.3093
2024,1,Connecticut,2286.3333333,435.0,0.1944
2024,1,Connecticut,12560.333333,1441.0,0.145
2024,1,Connecticut,244292.0,30584.0,0.1553
2024,1,Delaware,147347.0,18299.0,0.1506
2024,1,Delaware,17029.0,3487.0,0.2557
2024,1,Delaware,130318.0,14812.0,0.1373
2024,1,Delaware,136136.66667,15345.0,0.1362
2024,1,Delaware,9994.6666667,2686.0,0.3515
2024,1,Delaware,1215.6666667,268.0,0.2235
2024,1,Delaware,48237.666667,4887.0,0.1195
2024,1,Delaware,99055.0,13407.0,0.1664
2024,1,District Of Columbia,49101.666667,8034.0,0.2219
2024,1,District Of Columbia,16729.0,3211.0,0.2558
2024,1,District Of Columbia,32372.666667,4823.0,0.2039
2024,1,District Of Columbia,42661.666667,6595.0,0.2087
2024,1,District Of Columbia,5568.0,1254.0,0.336
2024,1,District Of Columbia,872.0,185.0,0.2139
2024,1,District Of Columbia,49078.666667,8033.0,0.2219
2024,1,Florida,1920763.6667,196087.0,0.1241
2024,1,Florida,223343.66667,31345.0,0.1761
2024,1,Florida,1697420.0,164742.0,0.1175
2024,1,Florida,1777831.0,172351.0,0.1168
2024,1,Florida,127216.66667,20778.0,0.2328
2024,1,Florida,15716.0,2958.0,0.189
2024,1,Florida,128480.0,11826.0,0.113
2024,1,Florida,1789099.0,184096.0,0.125
2024,1,Georgia,731719.33333,57044.0,0.0979
2024,1,Georgia,101343.33333,11639.0,0.1489
2024,1,Georgia,630376.0,45405.0,0.09
2024,1,Georgia,657620.66667,47127.0,0.089
2024,1,Georgia,65113.666667,8487.0,0.1911
2024,1,Georgia,8985.0,1430.0,0.1619
2024,1,Georgia,166653.0,10808.0,0.0803
2024,1,Georgia,564611.33333,46214.0,0.1032
2024,1,Hawaii,101615.0,15932.0,0.2111
2024,1,Hawaii,10232.0,1759.0,0.2715
2024,1,Hawaii,91383.0,14173.0,0.2055
2024,1,Hawaii,94970.333333,14148.0,0.1997
2024,1,Hawaii,5040.6666667,1121.0,0.3675
2024,1,Hawaii,1604.0,663.0,0.4288
2024,1,Hawaii,33246.0,4582.0,0.1931
2024,1,Hawaii,68277.333333,11347.0,0.2194
2024,1,Idaho,175286.66667,8794.0,0.0711
2024,1,Idaho,21000.333333,2181.0,0.1484
2024,1,Idaho,154286.33333,6613.0,0.0606
2024,1,Idaho,158443.33333,6707.0,0.0599
2024,1,Idaho,15837.0,1933.0,0.1798
2024,1,Idaho,1006.3333333,154.0,0.1559
2024,1,Idaho,74454.333333,3538.0,0.0714
2024,1,Idaho,100812.66667,5255.0,0.0708
2024,1,Illinois,1156811.6667,105327.0,0.1195
2024,1,Illinois,195805.66667,30991.0,0.1955
2024,1,Illinois,961006.0,74336.0,0.1029
2024,1,Illinois,1048249.6667,85219.0,0.1069
2024,1,Illinois,96505.666667,18005.0,0.2501
2024,1,Illinois,12056.333333,2103.0,0.1767
2024,1,Illinois,211955.0,11751.0,0.0746
2024,1,Illinois,944388.0,93552.0,0.1293
2024,1,Indiana,601681.33333,36652.0,0.0789
2024,1,Indiana,90785.333333,11368.0,0.1557
2024,1,Indiana,510896.0,25284.0,0.0646
2024,1,Indiana,537264.33333,27653.0,0.0664
2024,1,Indiana,59464.0,8310.0,0.1917
2024,1,Indiana,4953.0,689.0,0.1415
2024,1,Indiana,169665.66667,9926.0,0.0764
2024,1,Indiana,431734.0,26712.0,0.0798
2024,1,Iowa,384263.33333,18327.0,0.064
2024,1,Iowa,37389.333333,5362.0,0.1871
2024,1,Iowa,346874.0,12965.0,0.0503
2024,1,Iowa,355336.66667,13997.0,0.0527
2024,1,Iowa,26714.333333,4001.0,0.2146
2024,1,Iowa,2212.3333333,329.0,0.1542
2024,1,Iowa,210168.0,10232.0,0.0663
2024,1,Iowa,173954.0,8084.0,0.0613
2024,1,Kansas,345240.66667,20919.0,0.0788
2024,1,Kansas,33710.0,4835.0,0.1775
2024,1,Kansas,311530.66667,16084.0,0.0675
2024,1,Kansas,316965.33333,16849.0,0.0689
2024,1,Kansas,25988.666667,3724.0,0.1991
2024,1,Kansas,2286.6666667,346.0,0.1555
2024,1,Kansas,166868.33333,9906.0,0.0786
2024,1,Kansas,177927.0,10992.0,0.0791
2024,1,Kentucky,396951.33333,26399.0,0.0845
2024,1,Kentucky,67957.0,9421.0,0.172
2024,1,Kentucky,328994.33333,16978.0,0.0659
2024,1,Kentucky,344792.0,19097.0,0.0698
2024,1,Kentucky,49250.0,6941.0,0.1935
2024,1,Kentucky,2909.3333333,361.0,0.1258
2024,1,Kentucky,195212.0,14669.0,0.0971
2024,1,Kentucky,200297.0,11584.0,0.0723
2024,1,Louisiana,351303.66667,19922.0,0.071
2024,1,Louisiana,65804.333333,5697.0,0.1094
2024,1,Louisiana,285499.33333,14225.0,0.0623
2024,1,Louisiana,309436.33333,15559.0,0.0623
2024,1,Louisiana,37662.0,3859.0,0.1462
2024,1,Louisiana,4205.3333333,504.0,0.1209
2024,1,Louisiana,81258.0,3947.0,0.0615
2024,1,Louisiana,268461.66667,15860.0,0.0737
2024,1,Maine,135611.33333,11740.0,0.1218
2024,1,Maine,37858.333333,5178.0,0.1835
2024,1,Maine,97753.0,6562.0,0.0963
2024,1,Maine,114615.0,8104.0,0.0993
2024,1,Maine,20180.666667,3529.0,0.2533
2024,1,Maine,815.66666667,107.0,0.136
2024,1,Maine,76086.0,6396.0,0.1191
2024,1,Maine,59496.0,5342.0,0.1253
2024,1,Maryland,710741.33333,99140.0,0.1764
2024,1,Maryland,111355.33333,22642.0,0.2569
2024,1,Maryland,599386.0,76498.0,0.1614
2024,1,Maryland,640621.33333,81322.0,0.1604
2024,1,Maryland,62383.666667,16283.0,0.3424
2024,1,Maryland,7736.3333333,1535.0,0.2037
2024,1,Maryland,46228.333333,4806.0,0.1279
2024,1,Maryland,664333.0,94325.0,0.1798
2024,1,Massachusetts,788860.0,134347.0,0.2135
2024,1,Massachusetts,190298.66667,46782.0,0.3042
2024,1,Massachusetts,598561.33333,87565.0,0.1841
2024,1,Massachusetts,700424.66667,105146.0,0.1882
2024,1,Massachusetts,83565.333333,27984.0,0.425
2024,1,Massachusetts,4870.0,1217.0,0.2527
2024,1,Massachusetts,32666.666667,5362.0,0.2092
2024,1,Massachusetts,755868.66667,128957.0,0.2137
2024,1,Michigan,723774.66667,83451.0,0.1534
2024,1,Michigan,134556.33333,25459.0,0.2385
2024,1,Michigan,589218.33333,57992.0,0.1326
2024,1,Michigan,620466.33333,60418.0,0.1295
2024,1,Michigan,95741.333333,21408.0,0.3055
2024,1,Michigan,7567.0,1625.0,0.2165
2024,1,Michigan,183946.0,16576.0,0.1266
2024,1,Michigan,539598.33333,66839.0,0.1619
2024,1,Minnesota,382946.33333,45820.0,0.1685
2024,1,Minnesota,70166.333333,16649.0,0.3094
2024,1,Minnesota,312780.0,29171.0,0.1337
2024,1,Minnesota,323666.66667,29420.0,0.1292
2024,1,Minnesota,55970.333333,15604.0,0.3797
2024,1,Minnesota,3309.3333333,796.0,0.2507
2024,1,Minnesota,145031.33333,12991.0,0.1301
2024,1,Minnesota,237751.0,32816.0,0.1907
2024,1,Mississippi,328188.33333,14979.0,0.0563
2024,1,Mississippi,57195.666667,4075.0,0.0872
2024,1,Mississippi,270992.66667,10904.0,0.0498
2024,1,Mississippi,287647.33333,11863.0,0.0505
2024,1,Mississippi,36369.666667,2732.0,0.1028
2024,1,Mississippi,4171.3333333,384.0,0.092
2024,1,Mississippi,188163.33333,7802.0,0.0511
2024,1,Mississippi,138761.0,7114.0,0.0635
2024,1,Missouri,527672.33333,32977.0,0.0831
2024,1,Missouri,68019.666667,9945.0,0.182
2024,1,Missouri,459652.66667,23032.0,0.0673
2024,1,Missouri,466589.66667,24016.0,0.0682
2024,1,Missouri,56138.333333,8224.0,0.2064
2024,1,Missouri,4944.3333333,737.0,0.1526
2024,1,Missouri,197206.33333,11546.0,0.081
2024,1,Missouri,330374.33333,21427.0,0.0843
2024,1,Montana,164172.33333,9313.0,0.0822
2024,1,Montana,18418.0,2331.0,0.1715
2024,1,Montana,145754.33333,6982.0,0.07
2024,1,Montana,150844.33333,7295.0,0.0701
2024,1,Montana,12562.0,1914.0,0.2273
2024,1,Montana,766.0,104.0,0.1409
2024,1,Montana,112194.0,6604.0,0.0869
2024,1,Montana,51955.666667,2708.0,0.0726
2024,1,Nebraska,222129.0,11545.0,0.0702
2024,1,Nebraska,20879.0,2926.0,0.1767
2024,1,Nebraska,201250.0,8619.0,0.0583
2024,1,Nebraska,206983.66667,9430.0,0.0615
2024,1,Nebraska,13918.333333,1949.0,0.1988
2024,1,Nebraska,1227.0,166.0,0.1402
2024,1,Nebraska,111635.33333,5065.0,0.0624
2024,1,Nebraska,110421.66667,6477.0,0.0779
2024,1,Nevada,237986.0,22881.0,0.1319
2024,1,Nevada,38058.666667,6620.0,0.2425
2024,1,Nevada,199927.33333,16261.0,0.1113
2024,1,Nevada,216621.33333,18700.0,0.1183
2024,1,Nevada,18957.666667,3697.0,0.2843
2024,1,Nevada,2407.0,484.0,0.2058
2024,1,Nevada,46457.0,3756.0,0.1155
2024,1,Nevada,191124.33333,19098.0,0.1357
2024,1,New Hampshire,187348.0,20437.0,0.1471
2024,1,New Hampshire,19637.666667,4849.0,0.3049
2024,1,New Hampshire,167710.33333,15588.0,0.1267
2024,1,New Hampshire,167435.66667,15599.0,0.1253
2024,1,New Hampshire,19036.0,4678.0,0.3429
2024,1,New Hampshire,876.33333333,160.0,0.1885
2024,1,New Hampshire,80610.666667,8136.0,0.1402
2024,1,New Hampshire,106337.66667,12225.0,0.1516
2024,1,New Jersey,860667.33333,112158.0,0.1601
2024,1,New Jersey,120637.0,22258.0,0.2235
2024,1,New Jersey,740030.33333,89900.0,0.1496
2024,1,New Jersey,785410.66667,94997.0,0.1481
2024,1,New Jersey,66732.666667,15535.0,0.3048
2024,1,New Jersey,8524.0,1626.0,0.1939
2024,1,New Jersey,9512.3333333,986.0,0.132
2024,1,New Jersey,849717.66667,111043.0,0.1604
2024,1,New Mexico,196337.0,19123.0,0.1362
2024,1,New Mexico,38557.666667,5035.0,0.1928
2024,1,New Mexico,157779.33333,14088.0,0.1232
2024,1,New Mexico,176427.33333,16038.0,0.1264
2024,1,New Mexico,17924.0,2812.0,0.2411
2024,1,New Mexico,1985.6666667,273.0,0.1408
2024,1,New Mexico,76650.666667,7057.0,0.1302
2024,1,New Mexico,119164.0,12031.0,0.1401
2024,1,New York,1538930.6667,234383.0,0.1912
2024,1,New York,371236.66667,87519.0,0.288
2024,1,New York,1167694.0,146864.0,0.1593
2024,1,New York,1364864.6667,191216.0,0.1754
2024,1,New York,158340.33333,39509.0,0.3293
2024,1,New York,15725.666667,3658.0,0.2332
2024,1,New York,178403.33333,21109.0,0.1548
2024,1,New York,1359548.0,213213.0,0.1957
2024,1,North Carolina,856902.33333,70481.0,0.1029
2024,1,North Carolina,109269.66667,14397.0,0.1682
2024,1,North Carolina,747632.66667,56084.0,0.0936
2024,1,North Carolina,767851.33333,57137.0,0.0923
2024,1,North Carolina,80972.666667,12205.0,0.2108
2024,1,North Carolina,8078.3333333,1139.0,0.1437
2024,1,North Carolina,265473.66667,19658.0,0.0923
2024,1,North Carolina,590506.33333,50754.0,0.1078
2024,1,North Dakota,84802.666667,3877.0,0.065
2024,1,North Dakota,11123.0,1437.0,0.1648
2024,1,North Dakota,73679.666667,2440.0,0.0479
2024,1,North Dakota,76899.333333,2812.0,0.0522
2024,1,North Dakota,7254.6666667,967.0,0.1884
2024,1,North Dakota,648.66666667,98.0,0.1578
2024,1,North Dakota,48679.333333,2510.0,0.0753
2024,1,North Dakota,36074.0,1365.0,0.052
2024,1,Ohio,938806.0,69836.0,0.0963
2024,1,Ohio,116017.0,16518.0,0.1809
2024,1,Ohio,822789.0,53318.0,0.0842
2024,1,Ohio,843067.0,54901.0,0.0838
2024,1,Ohio,88544.333333,13890.0,0.2205
2024,1,Ohio,7194.6666667,1045.0,0.1476
2024,1,Ohio,262130.0,15814.0,0.0788
2024,1,Ohio,676246.0,53993.0,0.1031
2024,1,Oklahoma,408738.0,27430.0,0.0858
2024,1,Oklahoma,52308.666667,6214.0,0.1458
2024,1,Oklahoma,356429.33333,21216.0,0.0766
2024,1,Oklahoma,363269.0,21636.0,0.0757
2024,1,Oklahoma,41476.333333,5205.0,0.1745
2024,1,Oklahoma,3992.6666667,589.0,0.1509
2024,1,Oklahoma,197103.0,12517.0,0.0818
2024,1,Oklahoma,210745.66667,14849.0,0.0895
2024,1,Oregon,356105.0,39436.0,0.16
2024,1,Oregon,69834.333333,10303.0,0.2261
2024,1,Oregon,286270.66667,29133.0,0.1451
2024,1,Oregon,315718.33333,31391.0,0.1429
2024,1,Oregon,38005.666667,7320.0,0.2996
2024,1,Oregon,2381.0,725.0,0.316
2024,1,Oregon,153190.0,13986.0,0.1361
2024,1,Oregon,202828.0,25449.0,0.1772
2024,1,Pennsylvania,1154161.6667,115199.0,0.1267
2024,1,Pennsylvania,154800.0,25191.0,0.2079
2024,1,Pennsylvania,999361.66667,90008.0,0.1142
2024,1,Pennsylvania,1045494.0,93373.0,0.1127
2024,1,Pennsylvania,99700.333333,20103.0,0.278
2024,1,Pennsylvania,8967.3333333,1723.0,0.196
2024,1,Pennsylvania,161905.66667,13799.0,0.111
2024,1,Pennsylvania,991743.0,101379.0,0.1292
2024,1,Puerto Rico,30496.666667,1639.0,0.0814
2024,1,Rhode Island,74667.333333,10085.0,0.1713
2024,1,Rhode Island,9257.0,1767.0,0.2532
2024,1,Rhode Island,65410.333333,8318.0,0.1603
2024,1,Rhode Island,67137.333333,8568.0,0.1592
2024,1,Rhode Island,7022.0,1422.0,0.3108
2024,1,Rhode Island,508.0,95.0,0.1919
2024,1,Rhode Island,203.66666667,28.0,0.175
2024,1,Rhode Island,74448.666667,10057.0,0.1713
2024,1,South Carolina,594358.66667,42509.0,0.0868
2024,1,South Carolina,45089.666667,5457.0,0.1518
2024,1,South Carolina,549269.0,37052.0,0.0817
2024,1,South Carolina,546321.66667,36592.0,0.0806
2024,1,South Carolina,42897.333333,5038.0,0.1649
2024,1,South Carolina,5139.6666667,879.0,0.1722
2024,1,South Carolina,126457.0,8627.0,0.0837
2024,1,South Carolina,467596.0,33872.0,0.0877
2024,1,South Dakota,110407.66667,5035.0,0.065
2024,1,South Dakota,12892.666667,1327.0,0.1342
2024,1,South Dakota,97515.0,3708.0,0.0549
2024,1,South Dakota,100666.66667,3943.0,0.0559
2024,1,South Dakota,8917.6666667,927.0,0.1507
2024,1,South Dakota,823.33333333,165.0,0.2057
2024,1,South Dakota,69299.666667,3939.0,0.0817
2024,1,South Dakota,41093.0,1096.0,0.0375
2024,1,Tennessee,600397.33333,39146.0,0.0829
2024,1,Tennessee,64620.666667,7801.0,0.1543
2024,1,Tennessee,535776.66667,31345.0,0.0743
2024,1,Tennessee,544332.0,31599.0,0.0732
2024,1,Tennessee,51077.666667,6780.0,0.1896
2024,1,Tennessee,4987.6666667,767.0,0.1559
2024,1,Tennessee,201177.66667,11781.0,0.0748
2024,1,Tennessee,398543.0,27317.0,0.0868
2024,1,Territories,17999.666667,260.0,0.0273
2024,1,Texas,1792695.3333,185131.0,0.135
2024,1,Texas,192767.0,32495.0,0.2114
2024,1,Texas,1599928.3333,152636.0,0.1254
2024,1,Texas,1633043.3333,158319.0,0.1258
2024,1,Texas,137356.33333,22910.0,0.2514
2024,1,Texas,22295.666667,3902.0,0.1771
2024,1,Texas,349948.66667,30384.0,0.1149
2024,1,Texas,1440504.0,154573.0,0.1398
2024,1,Utah,183439.66667,12919.0,0.0937
2024,1,Utah,18721.666667,2279.0,0.1678
2024,1,Utah,164718.0,10640.0,0.0856
2024,1,Utah,168165.0,10503.0,0.0826
2024,1,Utah,13869.333333,2176.0,0.2313
2024,1,Utah,1405.3333333,240.0,0.1832
2024,1,Utah,40082.0,3053.0,0.1059
2024,1,Utah,143322.0,9862.0,0.0905
2024,1,Vermont,97916.666667,10743.0,0.1494
2024,1,Vermont,21027.333333,3876.0,0.2392
2024,1,Vermont,76889.333333,6867.0,0.1233
2024,1,Vermont,85375.666667,7776.0,0.124
2024,1,Vermont,12161.666667,2871.0,0.3268
2024,1,Vermont,379.33333333,96.0,0.2533
2024,1,Vermont,73500.0,7700.0,0.1437
2024,1,Vermont,24124.0,3007.0,0.1662
2024,1,Virgin Islands,12640.0,379.0,0.0522
2024,1,Virginia,873058.0,76544.0,0.1102
2024,1,Virginia,76271.666667,10961.0,0.1827
2024,1,Virginia,796786.33333,65583.0,0.1033
2024,1,Virginia,811409.66667,66216.0,0.102
2024,1,Virginia,54832.666667,9212.0,0.2343
2024,1,Virginia,6815.6666667,1116.0,0.1684
2024,1,Virginia,149056.33333,9486.0,0.0812
2024,1,Virginia,722720.33333,66943.0,0.116
2024,1,Washington,642980.66667,67354.0,0.1487
2024,1,Washington,83634.333333,11414.0,0.2002
2024,1,Washington,559346.33333,55940.0,0.1413
2024,1,Washington,584740.33333,57282.0,0.1381
2024,1,Washington,53493.333333,8909.0,0.2656
2024,1,Washington,4747.0,1163.0,0.2522
2024,1,Washington,152956.33333,14474.0,0.1378
2024,1,Washington,489631.66667,52858.0,0.152
2024,1,West Virginia,180425.0,15585.0,0.1133
2024,1,West Virginia,33865.0,5673.0,0.2186
2024,1,West Virginia,146560.0,9912.0,0.0888
2024,1,West Virginia,153818.33333,11301.0,0.0953
2024,1,West Virginia,25383.333333,4015.0,0.2258
2024,1,West Virginia,1223.3333333,269.0,0.2244
2024,1,West Virginia,61358.0,4922.0,0.1057
2024,1,West Virginia,118902.0,10644.0,0.1172
2024,1,Wisconsin,484153.0,36816.0,0.1077
2024,1,Wisconsin,77882.333333,11705.0,0.2
2024,1,Wisconsin,406270.66667,25111.0,0.0887
2024,1,Wisconsin,426811.0,26639.0,0.0886
2024,1,Wisconsin,53492.0,9478.0,0.2552
2024,1,Wisconsin,3850.0,699.0,0.1866
2024,1,Wisconsin,190984.66667,13244.0,0.1027
2024,1,Wisconsin,293067.66667,23571.0,0.1108
2024,1,Wyoming,94461.666667,5259.0,0.0811
2024,1,Wyoming,9079.0,1211.0,0.172
2024,1,Wyoming,85382.666667,4048.0,0.0701
2024,1,Wyoming,86891.666667,4157.0,0.0699
2024,1,Wyoming,7119.3333333,1037.0,0.2108
2024,1,Wyoming,450.66666667,65.0,0.1498
2024,1,Wyoming,66573.0,3884.0,0.087
2024,1,Wyoming,27879.666667,1375.0,0.0681
2024,2,Alabama,374755.66667,15933.0,0.0533
2024,2,Alabama,54712.0,3157.0,0.0746
2024,2,Alabama,320043.66667,12776.0,0.0497
2024,2,Alabama,324800.66667,12293.0,0.0465
2024,2,Alabama,46225.666667,3316.0,0.1056
2024,2,Alabama,3729.3333333,324.0,0.0908
2024,2,Alabama,107333.66667,4168.0,0.0488
2024,2,Alabama,266696.66667,11734.0,0.055
2024,2,Alaska,100678.33333,9323.0,0.1364
2024,2,Alaska,21485.333333,3116.0,0.1987
2024,2,Alaska,79193.0,6207.0,0.1179
2024,2,Alaska,91072.333333,7643.0,0.1244
2024,2,Alaska,8915.3333333,1575.0,0.2516
2024,2,Alaska,690.66666667,105.0,0.1606
2024,2,Alaska,48245.0,5033.0,0.1554
2024,2,Alaska,48931.333333,3909.0,0.1161
2024,2,Arizona,630496.33333,67739.0,0.1378
2024,2,Arizona,61093.0,8363.0,0.1959
2024,2,Arizona,569403.33333,59376.0,0.1323
2024,2,Arizona,594004.66667,61012.0,0.1308
2024,2,Arizona,31649.666667,5773.0,0.2812
2024,2,Arizona,4842.0,954.0,0.2032
2024,2,Arizona,100799.33333,9639.0,0.1315
2024,2,Arizona,527200.66667,57882.0,0.139
2024,2,Arkansas,325637.0,20740.0,0.0805
2024,2,Arkansas,44855.0,5359.0,0.1523
2024,2,Arkansas,280782.0,15381.0,0.0692
2024,2,Arkansas,286503.66667,16153.0,0.0703
2024,2,Arkansas,36504.666667,4153.0,0.1642
2024,2,Arkansas,2628.6666667,434.0,0.1711
2024,2,Arkansas,148411.33333,8306.0,0.0712
2024,2,Arkansas,175889.0,12341.0,0.0883
2024,2,California,2818677.0,536233.0,0.253
2024,2,California,961203.0,224383.0,0.3097
2024,2,California,1857474.0,311850.0,0.2236
2024,2,California,2532469.6667,455569.0,0.2385
2024,2,California,252258.33333,70213.0,0.3984
2024,2,California,33949.0,10451.0,0.3209
2024,2,California,313573.0,52812.0,0.2267
2024,2,California,2502860.0,483219.0,0.2563
2024,2,Colorado,411312.66667,37996.0,0.124
2024,2,Colorado,54092.666667,8888.0,0.2221
2024,2,Colorado,357220.0,29108.0,0.1093
2024,2,Colorado,379230.0,31055.0,0.1096
2024,2,Colorado,29599.666667,6459.0,0.3135
2024,2,Colorado,2483.0,482.0,0.2082
2024,2,Colorado,100626.0,7888.0,0.1093
2024,2,Colorado,310374.33333,30092.0,0.1286
2024,2,Connecticut,256555.66667,28969.0,0.138
2024,2,Connecticut,62587.666667,10232.0,0.2001
2024,2,Connecticut,193968.0,18737.0,0.118
2024,2,Connecticut,228286.0,22668.0,0.1208
2024,2,Connecticut,26034.0,5894.0,0.2916
2024,2,Connecticut,2235.6666667,407.0,0.1882
2024,2,Connecticut,12509.0,1317.0,0.1297
2024,2,Connecticut,243995.33333,27649.0,0.1384
2024,2,Delaware,147876.33333,16474.0,0.1338
2024,2,Delaware,16751.333333,3186.0,0.2374
2024,2,Delaware,131125.0,13288.0,0.1211
2024,2,Delaware,136694.66667,13604.0,0.119
2024,2,Delaware,9998.0,2615.0,0.3422
2024,2,Delaware,1183.6666667,255.0,0.2214
2024,2,Delaware,48528.333333,4408.0,0.1062
2024,2,Delaware,99294.333333,12060.0,0.1478
2024,2,District Of Columbia,49473.666667,7679.0,0.2087
2024,2,District Of Columbia,16869.333333,3211.0,0.2518
2024,2,District Of Columbia,32604.333333,4468.0,0.1858
2024,2,District Of Columbia,43001.666667,6309.0,0.1959
2024,2,District Of Columbia,5602.3333333,1199.0,0.3194
2024,2,District Of Columbia,869.66666667,171.0,0.2026
2024,2,District Of Columbia,49450.666667,7678.0,0.2087
2024,2,Florida,1918875.0,195144.0,0.1225
2024,2,Florida,215775.0,30151.0,0.175
2024,2,Florida,1703100.0,164993.0,0.1162
2024,2,Florida,1777755.0,171522.0,0.1151
2024,2,Florida,126027.33333,20704.0,0.2347
2024,2,Florida,15092.666667,2918.0,0.1972
2024,2,Florida,128014.66667,11446.0,0.1084
2024,2,Florida,1787697.0,183540.0,0.1236
2024,2,Georgia,733274.66667,52758.0,0.0909
2024,2,Georgia,99748.333333,11040.0,0.1453
2024,2,Georgia,633526.33333,41718.0,0.0828
2024,2,Georgia,659613.33333,43308.0,0.082
2024,2,Georgia,64914.0,8029.0,0.184
2024,2,Georgia,8747.3333333,1421.0,0.1681
2024,2,Georgia,166306.0,10045.0,0.0751
2024,2,Georgia,566514.66667,42700.0,0.0957
2024,2,Hawaii,101770.0,16674.0,0.2194
2024,2,Hawaii,10156.333333,1727.0,0.2659
2024,2,Hawaii,91613.666667,14947.0,0.2151
2024,2,Hawaii,95069.0,14888.0,0.2086
2024,2,Hawaii,5133.6666667,1164.0,0.373
2024,2,Hawaii,1567.3333333,622.0,0.4155
2024,2,Hawaii,33300.0,4727.0,0.1969
2024,2,Hawaii,68380.333333,11944.0,0.2298
2024,2,Idaho,175373.0,8312.0,0.0649
2024,2,Idaho,20342.333333,2034.0,0.1406
2024,2,Idaho,155030.66667,6278.0,0.0552
2024,2,Idaho,158743.66667,6321.0,0.0542
2024,2,Idaho,15651.0,1855.0,0.1754
2024,2,Idaho,978.33333333,136.0,0.1426
2024,2,Idaho,74549.0,3201.0,0.0612
2024,2,Idaho,100803.0,5110.0,0.0674
2024,2,Illinois,1163831.3333,95425.0,0.1048
2024,2,Illinois,198008.66667,28809.0,0.1781
2024,2,Illinois,965822.66667,66616.0,0.089
2024,2,Illinois,1053717.6667,76609.0,0.0928
2024,2,Illinois,98382.0,16996.0,0.2314
2024,2,Illinois,11731.666667,1820.0,0.1587
2024,2,Illinois,212464.33333,10217.0,0.0622
2024,2,Illinois,950915.33333,85183.0,0.1142
2024,2,Indiana,602996.33333,33277.0,0.07
2024,2,Indiana,88516.666667,10783.0,0.1506
2024,2,Indiana,514479.66667,22494.0,0.0557
2024,2,Indiana,539192.66667,25039.0,0.0585
2024,2,Indiana,59027.666667,7666.0,0.1794
2024,2,Indiana,4776.0,572.0,0.1246
2024,2,Indiana,169705.66667,9262.0,0.0695
2024,2,Indiana,433014.33333,24007.0,0.0702
2024,2,Iowa,384888.33333,15260.0,0.0508
2024,2,Iowa,36419.666667,4770.0,0.1675
2024,2,Iowa,348468.66667,10490.0,0.0385
2024,2,Iowa,356238.0,11499.0,0.0411
2024,2,Iowa,26491.333333,3521.0,0.1879
2024,2,Iowa,2159.0,240.0,0.1172
2024,2,Iowa,210347.33333,8793.0,0.054
2024,2,Iowa,174404.33333,6455.0,0.0469
2024,2,Kansas,346023.33333,17222.0,0.0635
2024,2,Kansas,32769.0,4049.0,0.151
2024,2,Kansas,313254.33333,13173.0,0.0539
2024,2,Kansas,317875.66667,13786.0,0.0551
2024,2,Kansas,25945.0,3165.0,0.1682
2024,2,Kansas,2202.6666667,271.0,0.127
2024,2,Kansas,167138.66667,8505.0,0.0657
2024,2,Kansas,178443.66667,8699.0,0.0615
2024,2,Kentucky,394760.66667,23286.0,0.0742
2024,2,Kentucky,65937.0,8477.0,0.1593
2024,2,Kentucky,328823.66667,14809.0,0.0569
2024,2,Kentucky,343671.0,16792.0,0.0608
2024,2,Kentucky,48262.0,6177.0,0.1773
2024,2,Kentucky,2827.6666667,317.0,0.1157
2024,2,Kentucky,193281.0,12886.0,0.0847
2024,2,Kentucky,200056.33333,10237.0,0.0638
2024,2,Louisiana,348871.0,19089.0,0.0683
2024,2,Louisiana,63272.666667,5256.0,0.104
2024,2,Louisiana,285598.33333,13833.0,0.0604
2024,2,Louisiana,307965.33333,14879.0,0.0596
2024,2,Louisiana,36880.333333,3754.0,0.1453
2024,2,Louisiana,4025.3333333,456.0,0.1159
2024,2,Louisiana,80571.0,3668.0,0.057
2024,2,Louisiana,266743.66667,15319.0,0.0717
2024,2,Maine,134952.33333,10390.0,0.1051
2024,2,Maine,37063.666667,4685.0,0.1665
2024,2,Maine,97888.666667,5705.0,0.0807
2024,2,Maine,114133.0,7080.0,0.084
2024,2,Maine,20032.0,3206.0,0.2323
2024,2,Maine,787.33333333,104.0,0.1396
2024,2,Maine,75638.333333,5732.0,0.1037
2024,2,Maine,59283.333333,4656.0,0.1069
2024,2,Maryland,712579.66667,91253.0,0.1602
2024,2,Maryland,110548.66667,21103.0,0.2397
2024,2,Maryland,602031.0,70150.0,0.1457
2024,2,Maryland,642477.0,74421.0,0.1446
2024,2,Maryland,62596.666667,15392.0,0.323
2024,2,Maryland,7506.0,1440.0,0.1979
2024,2,Maryland,46215.666667,4223.0,0.1112
2024,2,Maryland,666187.0,87021.0,0.1637
2024,2,Massachusetts,791493.66667,125682.0,0.1947
2024,2,Massachusetts,190012.0,44234.0,0.2855
2024,2,Massachusetts,601481.66667,81448.0,0.166
2024,2,Massachusetts,701934.66667,97582.0,0.1701
2024,2,Massachusetts,84794.333333,26986.0,0.4026
2024,2,Massachusetts,4764.6666667,1114.0,0.238
2024,2,Massachusetts,32835.666667,5161.0,0.1953
2024,2,Massachusetts,758340.66667,120498.0,0.1947
2024,2,Michigan,723361.66667,76492.0,0.1361
2024,2,Michigan,131345.0,23129.0,0.2218
2024,2,Michigan,592016.66667,53363.0,0.1166
2024,2,Michigan,620864.0,55222.0,0.1138
2024,2,Michigan,95209.333333,19841.0,0.2861
2024,2,Michigan,7288.3333333,1429.0,0.2004
2024,2,Michigan,183734.33333,15423.0,0.1117
2024,2,Michigan,539400.33333,61043.0,0.1441
2024,2,Minnesota,383987.66667,43354.0,0.1524
2024,2,Minnesota,69199.333333,15802.0,0.2947
2024,2,Minnesota,314788.33333,27552.0,0.1194
2024,2,Minnesota,324732.33333,27802.0,0.1158
2024,2,Minnesota,56022.0,14799.0,0.3591
2024,2,Minnesota,3233.3333333,753.0,0.2455
2024,2,Minnesota,145034.33333,12132.0,0.1145
2024,2,Minnesota,238792.33333,31210.0,0.175
2024,2,Mississippi,325794.33333,13804.0,0.0521
2024,2,Mississippi,54717.666667,3618.0,0.0807
2024,2,Mississippi,271076.66667,10186.0,0.0463
2024,2,Mississippi,286071.66667,10934.0,0.0465
2024,2,Mississippi,35721.666667,2510.0,0.0964
2024,2,Mississippi,4001.0,360.0,0.0915
2024,2,Mississippi,186432.0,7290.0,0.0478
2024,2,Mississippi,138117.0,6455.0,0.0579
2024,2,Missouri,527920.66667,28253.0,0.0691
2024,2,Missouri,66580.333333,8288.0,0.1527
2024,2,Missouri,461340.33333,19965.0,0.0563
2024,2,Missouri,466922.66667,20242.0,0.0556
2024,2,Missouri,56210.0,7385.0,0.183
2024,2,Missouri,4788.0,626.0,0.1367
2024,2,Missouri,196890.33333,10202.0,0.0683
2024,2,Missouri,330935.33333,18049.0,0.0695
2024,2,Montana,164782.0,8656.0,0.073
2024,2,Montana,18277.0,2180.0,0.1575
2024,2,Montana,146505.0,6476.0,0.0619
2024,2,Montana,151525.66667,6839.0,0.0625
2024,2,Montana,12516.333333,1721.0,0.2049
2024,2,Montana,740.0,96.0,0.1341
2024,2,Montana,112679.33333,6122.0,0.0762
2024,2,Montana,52080.333333,2534.0,0.0663
2024,2,Nebraska,222512.66667,10395.0,0.0615
2024,2,Nebraska,20243.0,2732.0,0.1681
2024,2,Nebraska,202269.66667,7663.0,0.0501
2024,2,Nebraska,207572.33333,8419.0,0.0532
2024,2,Nebraska,13753.666667,1783.0,0.1848
2024,2,Nebraska,1186.6666667,193.0,0.1743
2024,2,Nebraska,111607.33333,4727.0,0.0564
2024,2,Nebraska,110832.66667,5666.0,0.0664
2024,2,Nevada,238736.33333,21414.0,0.1216
2024,2,Nevada,37771.666667,6069.0,0.2219
2024,2,Nevada,200964.66667,15345.0,0.1032
2024,2,Nevada,217391.33333,17409.0,0.1083
2024,2,Nevada,18973.333333,3572.0,0.2738
2024,2,Nevada,2371.6666667,433.0,0.1935
2024,2,Nevada,46653.333333,3546.0,0.105
2024,2,Nevada,191676.0,17846.0,0.1256
2024,2,New Hampshire,188281.0,18664.0,0.1292
2024,2,New Hampshire,19333.666667,4360.0,0.2795
2024,2,New Hampshire,168947.33333,14304.0,0.111
2024,2,New Hampshire,168427.66667,14182.0,0.109
2024,2,New Hampshire,19011.0,4332.0,0.3203
2024,2,New Hampshire,842.33333333,150.0,0.1861
2024,2,New Hampshire,80962.333333,7571.0,0.1248
2024,2,New Hampshire,106925.0,11027.0,0.132
2024,2,New Jersey,863378.66667,99167.0,0.1394
2024,2,New Jersey,118078.33333,19868.0,0.2023
2024,2,New Jersey,745300.33333,79299.0,0.1293
2024,2,New Jersey,788144.0,83148.0,0.1275
2024,2,New Jersey,66934.333333,14612.0,0.286
2024,2,New Jersey,8300.3333333,1407.0,0.1736
2024,2,New Jersey,9489.3333333,833.0,0.1114
2024,2,New Jersey,852526.66667,98249.0,0.1398
2024,2,New Mexico,195985.0,18623.0,0.1314
2024,2,New Mexico,37574.0,4919.0,0.191
2024,2,New Mexico,158411.0,13704.0,0.1182
2024,2,New Mexico,176316.66667,15520.0,0.121
2024,2,New Mexico,17746.0,2834.0,0.2454
2024,2,New Mexico,1922.3333333,269.0,0.1457
2024,2,New Mexico,76311.0,6781.0,0.1237
2024,2,New Mexico,119154.33333,11809.0,0.1365
2024,2,New York,1534010.6667,223263.0,0.1785
2024,2,New York,360762.0,84374.0,0.2828
2024,2,New York,1173248.6667,138889.0,0.1459
2024,2,New York,1361450.3333,181799.0,0.1629
2024,2,New York,157384.33333,37978.0,0.318
2024,2,New York,15176.0,3486.0,0.2327
2024,2,New York,177492.33333,19871.0,0.1402
2024,2,New York,1355560.6667,203332.0,0.1834
2024,2,North Carolina,854984.0,63733.0,0.0934
2024,2,North Carolina,105572.66667,13619.0,0.1651
2024,2,North Carolina,749411.33333,50114.0,0.0835
2024,2,North Carolina,766931.0,51034.0,0.0825
2024,2,North Carolina,80241.333333,11664.0,0.2049
2024,2,North Carolina,7811.6666667,1035.0,0.1386
2024,2,North Carolina,263974.33333,18406.0,0.0867
2024,2,North Carolina,590105.0,45257.0,0.0964
2024,2,North Dakota,85059.333333,3840.0,0.0603
2024,2,North Dakota,10947.0,1426.0,0.1613
2024,2,North Dakota,74112.333333,2414.0,0.044
2024,2,North Dakota,77122.666667,2751.0,0.0475
2024,2,North Dakota,7308.0,1000.0,0.1925
2024,2,North Dakota,628.66666667,89.0,0.1493
2024,2,North Dakota,48803.0,2505.0,0.0699
2024,2,North Dakota,36207.333333,1334.0,0.048
2024,2,Ohio,939992.66667,61398.0,0.0828
2024,2,Ohio,113376.33333,15433.0,0.1719
2024,2,Ohio,826616.33333,45965.0,0.0705
2024,2,Ohio,845250.0,47754.0,0.071
2024,2,Ohio,87840.333333,12761.0,0.2052
2024,2,Ohio,6902.3333333,883.0,0.1326
2024,2,Ohio,261615.0,13756.0,0.067
2024,2,Ohio,677950.66667,47615.0,0.0888
2024,2,Oklahoma,408593.66667,24414.0,0.0758
2024,2,Oklahoma,50723.0,5734.0,0.1381
2024,2,Oklahoma,357870.66667,18680.0,0.0666
2024,2,Oklahoma,363293.33333,18996.0,0.0658
2024,2,Oklahoma,41420.666667,4868.0,0.1637
2024,2,Oklahoma,3879.6666667,550.0,0.1488
2024,2,Oklahoma,196637.0,11505.0,0.0745
2024,2,Oklahoma,211068.33333,12845.0,0.077
2024,2,Oregon,356554.0,35377.0,0.1386
2024,2,Oregon,69109.0,9519.0,0.2051
2024,2,Oregon,287445.0,25858.0,0.1238
2024,2,Oregon,316275.66667,27971.0,0.1225
2024,2,Oregon,37947.333333,6792.0,0.2741
2024,2,Oregon,2331.0,614.0,0.2806
2024,2,Oregon,153395.0,12795.0,0.118
2024,2,Oregon,203072.33333,22580.0,0.1538
2024,2,Pennsylvania,1154085.6667,99717.0,0.1076
2024,2,Pennsylvania,149602.0,22727.0,0.1926
2024,2,Pennsylvania,1004483.6667,76990.0,0.0952
2024,2,Pennsylvania,1046745.0,79780.0,0.0942
2024,2,Pennsylvania,98679.666667,18356.0,0.2564
2024,2,Pennsylvania,8661.0,1581.0,0.1875
2024,2,Pennsylvania,161302.0,12070.0,0.0949
2024,2,Pennsylvania,992280.66667,87637.0,0.1096
2024,2,Puerto Rico,30069.0,1734.0,0.0863
2024,2,Rhode Island,74674.333333,9028.0,0.149
2024,2,Rhode Island,9166.3333333,1697.0,0.2435
2024,2,Rhode Island,65508.0,7331.0,0.1368
2024,2,Rhode Island,67012.333333,7566.0,0.1366
2024,2,Rhode Island,7161.0,1376.0,0.2922
2024,2,Rhode Island,501.0,86.0,0.177
2024,2,Rhode Island,204.66666667,23.0,0.1369
2024,2,Rhode Island,74455.666667,9005.0,0.1491
2024,2,South Carolina,595405.33333,37998.0,0.0777
2024,2,South Carolina,43997.0,5318.0,0.1517
2024,2,South Carolina,551408.33333,32680.0,0.072
2024,2,South Carolina,547741.33333,32437.0,0.0714
2024,2,South Carolina,42633.666667,4726.0,0.1579
2024,2,South Carolina,5030.3333333,835.0,0.171
2024,2,South Carolina,126277.0,8006.0,0.0776
2024,2,South Carolina,468823.0,29978.0,0.0778
2024,2,South Dakota,110697.33333,4958.0,0.0607
2024,2,South Dakota,12646.0,1323.0,0.1338
2024,2,South Dakota,98051.333333,3635.0,0.0506
2024,2,South Dakota,100928.0,3913.0,0.0524
2024,2,South Dakota,8962.6666667,891.0,0.1427
2024,2,South Dakota,806.66666667,154.0,0.1954
2024,2,South Dakota,69438.333333,3956.0,0.0774
2024,2,South Dakota,41245.333333,1001.0,0.0327
2024,2,Tennessee,599436.33333,32572.0,0.0681
2024,2,Tennessee,61811.333333,6724.0,0.1386
2024,2,Tennessee,537625.0,25848.0,0.0602
2024,2,Tennessee,544408.66667,26163.0,0.0597
2024,2,Tennessee,50212.0,5828.0,0.1662
2024,2,Tennessee,4815.6666667,581.0,0.1251
2024,2,Tennessee,200372.66667,9967.0,0.0624
2024,2,Tennessee,398403.66667,22571.0,0.071
2024,2,Territories,18241.333333,334.0,0.0345
2024,2,Texas,1796060.3333,175886.0,0.1275
2024,2,Texas,185559.33333,30726.0,0.2068
2024,2,Texas,1610501.0,145160.0,0.1179
2024,2,Texas,1638209.0,150225.0,0.1184
2024,2,Texas,136051.33333,22026.0,0.2443
2024,2,Texas,21800.0,3635.0,0.1738
2024,2,Texas,349463.66667,28995.0,0.1086
2024,2,Texas,1444383.3333,146703.0,0.1321
2024,2,Utah,183510.0,12051.0,0.0866
2024,2,Utah,18394.666667,2199.0,0.164
2024,2,Utah,165115.33333,9852.0,0.0784
2024,2,Utah,168313.0,9806.0,0.0763
2024,2,Utah,13823.333333,2040.0,0.2192
2024,2,Utah,1373.6666667,205.0,0.16
2024,2,Utah,40159.0,2969.0,0.1013
2024,2,Utah,143316.33333,9080.0,0.0827
2024,2,Vermont,98033.666667,10023.0,0.1345
2024,2,Vermont,20682.666667,3641.0,0.2221
2024,2,Vermont,77351.0,6382.0,0.1098
2024,2,Vermont,85528.0,7205.0,0.1103
2024,2,Vermont,12136.666667,2727.0,0.3082
2024,2,Vermont,369.0,91.0,0.2535
2024,2,Vermont,73519.666667,7176.0,0.1291
2024,2,Vermont,24219.333333,2809.0,0.1498
2024,2,Virgin Islands,12732.333333,411.0,0.0554
2024,2,Virginia,874770.66667,68159.0,0.0975
2024,2,Virginia,74478.666667,9765.0,0.1667
2024,2,Virginia,800292.0,58394.0,0.0912
2024,2,Virginia,813404.66667,58690.0,0.0898
2024,2,Virginia,54755.0,8463.0,0.2179
2024,2,Virginia,6611.0,1006.0,0.1591
2024,2,Virginia,148647.33333,8401.0,0.0713
2024,2,Virginia,724834.66667,59676.0,0.1028
2024,2,Washington,644279.33333,63054.0,0.1364
2024,2,Washington,81773.333333,10447.0,0.1849
2024,2,Washington,562506.0,52607.0,0.1296
2024,2,Washington,586406.66667,53588.0,0.1262
2024,2,Washington,53291.666667,8378.0,0.2504
2024,2,Washington,4581.0,1088.0,0.2467
2024,2,Washington,152981.33333,13538.0,0.124
2024,2,Washington,490909.0,49493.0,0.1402
2024,2,West Virginia,179541.0,13171.0,0.0948
2024,2,West Virginia,32668.333333,4967.0,0.1972
2024,2,West Virginia,146872.66667,8204.0,0.0721
2024,2,West Virginia,153337.33333,9464.0,0.0786
2024,2,West Virginia,25035.333333,3483.0,0.2001
2024,2,West Virginia,1168.3333333,224.0,0.1988
2024,2,West Virginia,60957.333333,4253.0,0.0902
2024,2,West Virginia,118418.33333,8902.0,0.0972
2024,2,Wisconsin,485082.66667,33122.0,0.093
2024,2,Wisconsin,75783.333333,10793.0,0.1863
2024,2,Wisconsin,409299.33333,22329.0,0.0749
2024,2,Wisconsin,428371.66667,23853.0,0.0756
2024,2,Wisconsin,53023.0,8715.0,0.2355
2024,2,Wisconsin,3688.0,554.0,0.1594
2024,2,Wisconsin,191327.33333,12217.0,0.0896
2024,2,Wisconsin,293656.0,20901.0,0.0952
2024,2,Wyoming,94744.0,4692.0,0.0694
2024,2,Wyoming,8782.0,1072.0,0.157
2024,2,Wyoming,85962.0,3620.0,0.0596
2024,2,Wyoming,87240.0,3694.0,0.0593
2024,2,Wyoming,7066.6666667,936.0,0.1913
2024,2,Wyoming,437.33333333,62.0,0.1538
2024,2,Wyoming,66873.666667,3516.0,0.0747
2024,2,Wyoming,27861.333333,1175.0,0.0572
2024,3,Alabama,373180.33333,17210.0,0.0577
2024,3,Alabama,53367.0,3309.0,0.0804
2024,3,Alabama,319813.33333,13901.0,0.054
2024,3,Alabama,323574.66667,13472.0,0.0511
2024,3,Alabama,46019.0,3421.0,0.1095
2024,3,Alabama,3586.6666667,317.0,0.0917
2024,3,Alabama,106619.66667,4409.0,0.0518
2024,3,Alabama,265839.66667,12760.0,0.06
2024,3,Alaska,101605.0,9986.0,0.1481
2024,3,Alaska,21645.666667,3200.0,0.2041
2024,3,Alaska,79959.333333,6786.0,0.1311
2024,3,Alaska,91911.0,8246.0,0.1362
2024,3,Alaska,9016.3333333,1627.0,0.2599
2024,3,Alaska,677.66666667,113.0,0.1763
2024,3,Alaska,48693.0,5323.0,0.166
2024,3,Alaska,49376.666667,4269.0,0.1285
2024,3,Arizona,632063.66667,68682.0,0.142
2024,3,Arizona,60134.666667,8466.0,0.2029
2024,3,Arizona,571929.0,60216.0,0.1362
2024,3,Arizona,595962.66667,61802.0,0.1347
2024,3,Arizona,31447.666667,5871.0,0.2898
2024,3,Arizona,4653.3333333,1009.0,0.2241
2024,3,Arizona,100718.33333,9412.0,0.1299
2024,3,Arizona,528835.66667,59048.0,0.1442
2024,3,Arkansas,325062.66667,21480.0,0.0835
2024,3,Arkansas,43672.666667,5448.0,0.1591
2024,3,Arkansas,281390.0,16032.0,0.0719
2024,3,Arkansas,286245.33333,16874.0,0.0735
2024,3,Arkansas,36287.333333,4161.0,0.165
2024,3,Arkansas,2530.0,445.0,0.1834
2024,3,Arkansas,147928.33333,8638.0,0.0741
2024,3,Arkansas,175811.33333,12741.0,0.0913
2024,3,California,2826278.6667,552706.0,0.261
2024,3,California,958326.66667,226195.0,0.3137
2024,3,California,1867952.0,326511.0,0.2338
2024,3,California,2540621.0,470939.0,0.2466
2024,3,California,252793.0,71484.0,0.4052
2024,3,California,32864.666667,10283.0,0.3267
2024,3,California,314373.66667,54690.0,0.236
2024,3,California,2509764.3333,497826.0,0.2641
2024,3,Colorado,413964.66667,40096.0,0.131
2024,3,Colorado,53679.0,9100.0,0.2297
2024,3,Colorado,360285.66667,30996.0,0.1163
2024,3,Colorado,381858.0,32932.0,0.1163
2024,3,Colorado,29651.0,6707.0,0.3257
2024,3,Colorado,2455.6666667,457.0,0.199
2024,3,Colorado,101229.33333,8148.0,0.114
2024,3,Colorado,312430.66667,31931.0,0.1362
2024,3,Connecticut,256258.66667,30464.0,0.1471
2024,3,Connecticut,61254.666667,10275.0,0.2073
2024,3,Connecticut,195004.0,20189.0,0.1282
2024,3,Connecticut,228179.0,24190.0,0.1307
2024,3,Connecticut,25912.333333,5903.0,0.2962
2024,3,Connecticut,2167.3333333,371.0,0.1773
2024,3,Connecticut,12466.0,1360.0,0.1362
2024,3,Connecticut,243742.33333,29102.0,0.1477
2024,3,Delaware,148606.0,17011.0,0.1389
2024,3,Delaware,16565.0,3160.0,0.2385
2024,3,Delaware,132041.0,13851.0,0.1269
2024,3,Delaware,137412.66667,14154.0,0.1246
2024,3,Delaware,10070.333333,2627.0,0.3407
2024,3,Delaware,1123.0,230.0,0.2087
2024,3,Delaware,48925.0,4651.0,0.1127
2024,3,Delaware,99625.666667,12352.0,0.1523
2024,3,District Of Columbia,49581.0,7922.0,0.2162
2024,3,District Of Columbia,16847.0,3140.0,0.2475
2024,3,District Of Columbia,32734.0,4782.0,0.1996
2024,3,District Of Columbia,43117.333333,6554.0,0.2043
2024,3,District Of Columbia,5632.0,1203.0,0.3201
2024,3,District Of Columbia,831.66666667,165.0,0.204
2024,3,District Of Columbia,49557.0,7922.0,0.2162
2024,3,Florida,1919747.6667,210390.0,0.1342
2024,3,Florida,210259.0,31814.0,0.1892
2024,3,Florida,1709488.6667,178576.0,0.1276
2024,3,Florida,1779455.6667,185851.0,0.1268
2024,3,Florida,125715.33333,21626.0,0.247
2024,3,Florida,14576.666667,2913.0,0.2038
2024,3,Florida,127713.66667,12427.0,0.1198
2024,3,Florida,1788916.0,197800.0,0.1353
2024,3,Georgia,735838.0,57090.0,0.0982
2024,3,Georgia,98765.0,11516.0,0.1529
2024,3,Georgia,637073.0,45574.0,0.09
2024,3,Georgia,662074.66667,47541.0,0.0898
2024,3,Georgia,65270.333333,8173.0,0.1869
2024,3,Georgia,8493.0,1376.0,0.1672
2024,3,Georgia,166347.0,10724.0,0.0802
2024,3,Georgia,569045.0,46355.0,0.1036
2024,3,Hawaii,101919.0,16400.0,0.2167
2024,3,Hawaii,10040.333333,1660.0,0.2666
2024,3,Hawaii,91878.666667,14740.0,0.2122
2024,3,Hawaii,95180.333333,14662.0,0.2059
2024,3,Hawaii,5210.3333333,1144.0,0.3758
2024,3,Hawaii,1528.3333333,594.0,0.4198
2024,3,Hawaii,33342.666667,4804.0,0.201
2024,3,Hawaii,68492.333333,11593.0,0.2239
2024,3,Idaho,175678.0,8591.0,0.0676
2024,3,Idaho,20067.0,2047.0,0.143
2024,3,Idaho,155611.0,6544.0,0.058
2024,3,Idaho,159086.33333,6589.0,0.0569
2024,3,Idaho,15638.333333,1870.0,0.1775
2024,3,Idaho,953.33333333,132.0,0.1438
2024,3,Idaho,74706.0,3450.0,0.0669
2024,3,Idaho,100952.33333,5141.0,0.068
2024,3,Illinois,1169130.0,99021.0,0.1089
2024,3,Illinois,197826.0,28588.0,0.1784
2024,3,Illinois,971304.0,70433.0,0.094
2024,3,Illinois,1058168.6667,80051.0,0.0971
2024,3,Illinois,99641.333333,17197.0,0.2335
2024,3,Illinois,11320.0,1773.0,0.1611
2024,3,Illinois,213067.33333,10243.0,0.062
2024,3,Illinois,955630.66667,88755.0,0.1193
2024,3,Indiana,605806.0,34110.0,0.0716
2024,3,Indiana,87007.333333,10198.0,0.145
2024,3,Indiana,518798.66667,23912.0,0.0589
2024,3,Indiana,542026.0,25738.0,0.06
2024,3,Indiana,59194.333333,7814.0,0.1825
2024,3,Indiana,4585.6666667,558.0,0.1269
2024,3,Indiana,170072.33333,9220.0,0.0691
2024,3,Indiana,435457.66667,24880.0,0.0726
2024,3,Iowa,386673.66667,15635.0,0.0521
2024,3,Iowa,36023.333333,4612.0,0.1648
2024,3,Iowa,350650.33333,11023.0,0.0405
2024,3,Iowa,358030.66667,11851.0,0.0424
2024,3,Iowa,26563.333333,3486.0,0.1867
2024,3,Iowa,2079.6666667,298.0,0.1507
2024,3,Iowa,211125.0,8958.0,0.0552
2024,3,Iowa,175409.33333,6673.0,0.0485
2024,3,Kansas,347432.33333,18018.0,0.0663
2024,3,Kansas,32059.0,4127.0,0.1579
2024,3,Kansas,315373.33333,13891.0,0.0566
2024,3,Kansas,319269.33333,14540.0,0.058
2024,3,Kansas,26046.333333,3191.0,0.1699
2024,3,Kansas,2116.6666667,287.0,0.1421
2024,3,Kansas,167667.0,8910.0,0.0686
2024,3,Kansas,179323.66667,9091.0,0.0643
2024,3,Kentucky,394345.0,24203.0,0.0769
2024,3,Kentucky,64966.666667,8477.0,0.1609
2024,3,Kentucky,329378.33333,15726.0,0.0601
2024,3,Kentucky,343651.0,17640.0,0.0636
2024,3,Kentucky,47970.666667,6251.0,0.1804
2024,3,Kentucky,2723.3333333,312.0,0.1183
2024,3,Kentucky,192393.33333,13198.0,0.0866
2024,3,Kentucky,200548.33333,10856.0,0.0674
2024,3,Louisiana,348068.33333,19717.0,0.0706
2024,3,Louisiana,62178.333333,5318.0,0.1067
2024,3,Louisiana,285890.0,14399.0,0.0628
2024,3,Louisiana,307217.33333,15565.0,0.0624
2024,3,Louisiana,36962.333333,3702.0,0.1425
2024,3,Louisiana,3888.6666667,450.0,0.1178
2024,3,Louisiana,79945.333333,3960.0,0.0615
2024,3,Louisiana,266599.0,15660.0,0.0733
2024,3,Maine,134792.33333,10187.0,0.1047
2024,3,Maine,36524.333333,4570.0,0.1658
2024,3,Maine,98268.0,5617.0,0.0806
2024,3,Maine,114014.33333,6931.0,0.0837
2024,3,Maine,20009.333333,3157.0,0.2296
2024,3,Maine,768.66666667,99.0,0.1351
2024,3,Maine,75430.666667,5637.0,0.1036
2024,3,Maine,59330.0,4549.0,0.1061
2024,3,Maryland,713928.0,95858.0,0.1694
2024,3,Maryland,109621.0,21578.0,0.2487
2024,3,Maryland,604307.0,74280.0,0.155
2024,3,Maryland,644052.66667,79125.0,0.1547
2024,3,Maryland,62615.666667,15308.0,0.3234
2024,3,Maryland,7259.6666667,1425.0,0.2034
2024,3,Maryland,46297.0,4603.0,0.1234
2024,3,Maryland,667459.0,91245.0,0.1726
2024,3,Massachusetts,793726.33333,128485.0,0.2018
2024,3,Massachusetts,188713.0,43887.0,0.2879
2024,3,Massachusetts,605013.33333,84598.0,0.1747
2024,3,Massachusetts,704254.33333,100312.0,0.1773
2024,3,Massachusetts,84871.333333,27093.0,0.4073
2024,3,Massachusetts,4600.6666667,1080.0,0.2399
2024,3,Massachusetts,33014.666667,5257.0,0.2028
2024,3,Massachusetts,760406.66667,123204.0,0.2017
2024,3,Michigan,726583.0,77765.0,0.1401
2024,3,Michigan,130756.33333,22706.0,0.2212
2024,3,Michigan,595826.66667,55059.0,0.1217
2024,3,Michigan,623374.66667,56607.0,0.1182
2024,3,Michigan,96134.333333,19754.0,0.2855
2024,3,Michigan,7074.0,1404.0,0.2043
2024,3,Michigan,184303.33333,15527.0,0.1146
2024,3,Michigan,542055.0,62203.0,0.1482
2024,3,Minnesota,385112.0,44331.0,0.1578
2024,3,Minnesota,68289.333333,15445.0,0.2947
2024,3,Minnesota,316822.66667,28886.0,0.1264
2024,3,Minnesota,325985.0,29083.0,0.1226
2024,3,Minnesota,55991.666667,14518.0,0.3561
2024,3,Minnesota,3135.3333333,730.0,0.2485
2024,3,Minnesota,145115.0,12369.0,0.1187
2024,3,Minnesota,239837.66667,31949.0,0.1809
2024,3,Mississippi,324456.0,18118.0,0.0683
2024,3,Mississippi,52989.0,4428.0,0.1013
2024,3,Mississippi,271467.0,13690.0,0.0618
2024,3,Mississippi,285289.33333,14848.0,0.063
2024,3,Mississippi,35337.0,2896.0,0.112
2024,3,Mississippi,3829.6666667,374.0,0.1001
2024,3,Mississippi,185328.0,9220.0,0.0604
2024,3,Mississippi,137896.33333,8822.0,0.0789
2024,3,Missouri,529296.66667,28149.0,0.0688
2024,3,Missouri,65888.333333,8077.0,0.1506
2024,3,Missouri,463408.33333,20072.0,0.0564
2024,3,Missouri,468233.66667,20227.0,0.0555
2024,3,Missouri,56447.666667,7363.0,0.1817
2024,3,Missouri,4615.3333333,559.0,0.1268
2024,3,Missouri,196954.33333,9814.0,0.0656
2024,3,Missouri,332251.0,18332.0,0.0706
2024,3,Montana,165755.66667,8557.0,0.073
2024,3,Montana,18308.666667,2095.0,0.1535
2024,3,Montana,147447.0,6462.0,0.0624
2024,3,Montana,152402.0,6817.0,0.0631
2024,3,Montana,12630.333333,1663.0,0.1969
2024,3,Montana,723.33333333,77.0,0.1126
2024,3,Montana,113354.0,6090.0,0.0768
2024,3,Montana,52380.0,2466.0,0.0651
2024,3,Nebraska,223597.66667,10583.0,0.0626
2024,3,Nebraska,19955.0,2732.0,0.1696
2024,3,Nebraska,203642.66667,7851.0,0.0513
2024,3,Nebraska,208613.0,8583.0,0.0542
2024,3,Nebraska,13847.333333,1827.0,0.187
2024,3,Nebraska,1137.3333333,173.0,0.1627
2024,3,Nebraska,112037.0,4950.0,0.0592
2024,3,Nebraska,111488.66667,5630.0,0.0659
2024,3,Nevada,239216.0,21637.0,0.1241
2024,3,Nevada,37451.0,6076.0,0.2256
2024,3,Nevada,201765.0,15561.0,0.1055
2024,3,Nevada,217939.66667,17671.0,0.1109
2024,3,Nevada,18982.333333,3589.0,0.2776
2024,3,Nevada,2294.0,377.0,0.175
2024,3,Nevada,46805.333333,3486.0,0.1047
2024,3,Nevada,192011.66667,18133.0,0.1287
2024,3,New Hampshire,189633.66667,18372.0,0.1284
2024,3,New Hampshire,19099.333333,4126.0,0.2678
2024,3,New Hampshire,170534.33333,14246.0,0.1116
2024,3,New Hampshire,169789.66667,13939.0,0.1082
2024,3,New Hampshire,19018.666667,4291.0,0.319
2024,3,New Hampshire,825.33333333,142.0,0.1797
2024,3,New Hampshire,81473.666667,7222.0,0.1204
2024,3,New Hampshire,107768.0,11089.0,0.1339
2024,3,New Jersey,869665.0,103175.0,0.1454
2024,3,New Jersey,116038.0,20034.0,0.2084
2024,3,New Jersey,753627.0,83141.0,0.1355
2024,3,New Jersey,793936.0,86962.0,0.1336
2024,3,New Jersey,67694.666667,14772.0,0.2886
2024,3,New Jersey,8034.3333333,1441.0,0.1843
2024,3,New Jersey,9588.3333333,877.0,0.1162
2024,3,New Jersey,858775.66667,102192.0,0.1458
2024,3,New Mexico,196084.66667,18934.0,0.1344
2024,3,New Mexico,37012.0,4866.0,0.1931
2024,3,New Mexico,159072.66667,14068.0,0.1216
2024,3,New Mexico,176531.0,15885.0,0.1243
2024,3,New Mexico,17696.333333,2770.0,0.2442
2024,3,New Mexico,1857.3333333,279.0,0.1567
2024,3,New Mexico,76154.666667,7077.0,0.1296
2024,3,New Mexico,119413.0,11828.0,0.1376
2024,3,New York,1532349.6667,228298.0,0.1848
2024,3,New York,352081.33333,84481.0,0.2909
2024,3,New York,1180268.3333,143817.0,0.1522
2024,3,New York,1361105.0,187280.0,0.1698
2024,3,New York,156674.0,37647.0,0.3191
2024,3,New York,14570.666667,3371.0,0.2345
2024,3,New York,177013.66667,20126.0,0.1453
2024,3,New York,1354440.3333,208117.0,0.1898
2024,3,North Carolina,855063.0,67971.0,0.1
2024,3,North Carolina,103064.33333,12714.0,0.1587
2024,3,North Carolina,751998.66667,55257.0,0.0922
2024,3,North Carolina,767372.0,55020.0,0.0894
2024,3,North Carolina,80166.333333,11828.0,0.2095
2024,3,North Carolina,7524.6666667,1123.0,0.1552
2024,3,North Carolina,263241.33333,18966.0,0.09
2024,3,North Carolina,590920.33333,48937.0,0.1046
2024,3,North Dakota,85254.0,3577.0,0.0569
2024,3,North Dakota,10765.666667,1402.0,0.1621
2024,3,North Dakota,74488.333333,2175.0,0.0401
2024,3,North Dakota,77293.666667,2512.0,0.044
2024,3,North Dakota,7352.0,976.0,0.1876
2024,3,North Dakota,608.33333333,89.0,0.1551
2024,3,North Dakota,48865.333333,2362.0,0.0669
2024,3,North Dakota,36340.666667,1213.0,0.0441
2024,3,Ohio,942000.0,65466.0,0.0887
2024,3,Ohio,111201.0,15236.0,0.1738
2024,3,Ohio,830799.0,50230.0,0.0772
2024,3,Ohio,847978.33333,51801.0,0.0773
2024,3,Ohio,87416.0,12793.0,0.2078
2024,3,Ohio,6605.6666667,872.0,0.1367
2024,3,Ohio,261748.0,14363.0,0.0704
2024,3,Ohio,679839.33333,51077.0,0.0956
2024,3,Oklahoma,409237.0,25452.0,0.0788
2024,3,Oklahoma,49688.666667,5851.0,0.144
2024,3,Oklahoma,359548.33333,19601.0,0.0694
2024,3,Oklahoma,363773.66667,19966.0,0.069
2024,3,Oklahoma,41736.333333,4945.0,0.1654
2024,3,Oklahoma,3727.0,541.0,0.1508
2024,3,Oklahoma,196692.33333,11836.0,0.0763
2024,3,Oklahoma,211657.33333,13554.0,0.0811
2024,3,Oregon,357410.33333,35743.0,0.1417
2024,3,Oregon,68797.0,9141.0,0.2007
2024,3,Oregon,288613.33333,26602.0,0.1287
2024,3,Oregon,317002.66667,28371.0,0.1257
2024,3,Oregon,38153.333333,6686.0,0.2721
2024,3,Oregon,2254.3333333,686.0,0.3243
2024,3,Oregon,153778.33333,12816.0,0.1191
2024,3,Oregon,203545.33333,22927.0,0.1584
2024,3,Pennsylvania,1155739.3333,98371.0,0.1074
2024,3,Pennsylvania,145509.66667,21907.0,0.1926
2024,3,Pennsylvania,1010229.6667,76464.0,0.0953
2024,3,Pennsylvania,1049400.6667,78714.0,0.094
2024,3,Pennsylvania,98010.666667,18140.0,0.2583
2024,3,Pennsylvania,8328.0,1517.0,0.1881
2024,3,Pennsylvania,161047.0,12479.0,0.0995
2024,3,Pennsylvania,994201.33333,85877.0,0.1087
2024,3,Puerto Rico,29896.666667,1648.0,0.0847
2024,3,Rhode Island,75128.333333,9063.0,0.1515
2024,3,Rhode Island,9304.6666667,1570.0,0.2311
2024,3,Rhode Island,65823.666667,7493.0,0.1413
2024,3,Rhode Island,67265.333333,7664.0,0.1403
2024,3,Rhode Island,7369.6666667,1309.0,0.2762
2024,3,Rhode Island,493.33333333,90.0,0.1911
2024,3,Rhode Island,206.0,19.0,0.1242
2024,3,Rhode Island,74908.333333,9044.0,0.1515
2024,3,South Carolina,596756.33333,41359.0,0.0847
2024,3,South Carolina,42876.666667,5242.0,0.1538
2024,3,South Carolina,553879.66667,36117.0,0.0795
2024,3,South Carolina,549350.33333,35729.0,0.0787
2024,3,South Carolina,42585.666667,4799.0,0.1615
2024,3,South Carolina,4820.3333333,831.0,0.1771
2024,3,South Carolina,126252.66667,8513.0,0.0827
2024,3,South Carolina,470205.33333,32835.0,0.0852
2024,3,South Dakota,111195.0,4792.0,0.059
2024,3,South Dakota,12439.333333,1205.0,0.1239
2024,3,South Dakota,98755.666667,3587.0,0.0502
2024,3,South Dakota,101418.33333,3795.0,0.0512
2024,3,South Dakota,8994.3333333,870.0,0.1387
2024,3,South Dakota,782.33333333,127.0,0.1682
2024,3,South Dakota,69745.0,3808.0,0.075
2024,3,South Dakota,41440.333333,984.0,0.0323
2024,3,Tennessee,599701.33333,34465.0,0.072
2024,3,Tennessee,59875.333333,6561.0,0.1392
2024,3,Tennessee,539826.0,27904.0,0.0647
2024,3,Tennessee,545286.0,28047.0,0.0639
2024,3,Tennessee,49798.333333,5838.0,0.1679
2024,3,Tennessee,4617.0,580.0,0.1312
2024,3,Tennessee,200037.33333,10374.0,0.0649
2024,3,Tennessee,399016.33333,24055.0,0.0756
2024,3,Territories,18274.333333,365.0,0.0383
2024,3,Texas,1801733.0,185451.0,0.1342
2024,3,Texas,181408.33333,30661.0,0.2102
2024,3,Texas,1620324.6667,154790.0,0.1252
2024,3,Texas,1644303.0,159625.0,0.1255
2024,3,Texas,136293.33333,22133.0,0.2457
2024,3,Texas,21136.666667,3693.0,0.181
2024,3,Texas,349579.0,30515.0,0.114
2024,3,Texas,1449961.0,154767.0,0.1391
2024,3,Utah,183638.0,12467.0,0.0895
2024,3,Utah,18095.0,2206.0,0.1661
2024,3,Utah,165543.0,10261.0,0.0815
2024,3,Utah,168532.33333,10156.0,0.0789
2024,3,Utah,13774.333333,2088.0,0.2268
2024,3,Utah,1331.3333333,223.0,0.1791
2024,3,Utah,40181.333333,3081.0,0.1054
2024,3,Utah,143423.0,9384.0,0.0853
2024,3,Vermont,98302.0,10114.0,0.1376
2024,3,Vermont,20436.333333,3522.0,0.2207
2024,3,Vermont,77865.666667,6592.0,0.1145
2024,3,Vermont,85786.0,7358.0,0.1142
2024,3,Vermont,12156.333333,2644.0,0.3027
2024,3,Vermont,359.66666667,112.0,0.3191
2024,3,Vermont,73659.333333,7164.0,0.1307
2024,3,Vermont,24344.333333,2911.0,0.1574
2024,3,Virgin Islands,12797.0,432.0,0.0574
2024,3,Virginia,877771.33333,73290.0,0.1049
2024,3,Virginia,73392.0,9776.0,0.1706
2024,3,Virginia,804379.33333,63514.0,0.0991
2024,3,Virginia,816449.33333,63571.0,0.0972
2024,3,Virginia,54929.333333,8712.0,0.2255
2024,3,Virginia,6392.6666667,1007.0,0.1636
2024,3,Virginia,148615.66667,8734.0,0.0744
2024,3,Virginia,727870.33333,64461.0,0.1111
2024,3,Washington,645298.33333,65409.0,0.1424
2024,3,Washington,80181.333333,10065.0,0.1832
2024,3,Washington,565117.0,55344.0,0.1369
2024,3,Washington,587896.33333,56178.0,0.1331
2024,3,Washington,53007.0,8173.0,0.248
2024,3,Washington,4395.0,1058.0,0.2541
2024,3,Washington,153254.0,13899.0,0.1284
2024,3,Washington,491667.66667,51487.0,0.1467
2024,3,West Virginia,179381.33333,13504.0,0.0977
2024,3,West Virginia,31869.666667,5004.0,0.2037
2024,3,West Virginia,147511.66667,8500.0,0.0748
2024,3,West Virginia,153330.33333,9727.0,0.0812
2024,3,West Virginia,24938.0,3545.0,0.2038
2024,3,West Virginia,1113.0,232.0,0.2154
2024,3,West Virginia,60860.666667,4518.0,0.0961
2024,3,West Virginia,118357.66667,8973.0,0.0985
2024,3,Wisconsin,487184.0,33577.0,0.0952
2024,3,Wisconsin,74308.666667,10570.0,0.1873
2024,3,Wisconsin,412875.33333,23007.0,0.0777
2024,3,Wisconsin,430715.0,24482.0,0.0783
2024,3,Wisconsin,52899.0,8527.0,0.2322
2024,3,Wisconsin,3570.0,568.0,0.1689
2024,3,Wisconsin,192102.66667,12235.0,0.0908
2024,3,Wisconsin,294986.0,21338.0,0.098
2024,3,Wyoming,95112.0,4606.0,0.069
2024,3,Wyoming,8586.6666667,956.0,0.1446
2024,3,Wyoming,86525.333333,3650.0,0.0607
2024,3,Wyoming,87639.666667,3692.0,0.0599
2024,3,Wyoming,7045.6666667,856.0,0.179
2024,3,Wyoming,426.66666667,58.0,0.151
2024,3,Wyoming,67159.0,3447.0,0.0744
2024,3,Wyoming,27945.0,1158.0,0.0566
2024,4,Alabama,372585.66667,17293.0,0.0585
2024,4,Alabama,52409.333333,3664.0,0.0924
2024,4,Alabama,320176.33333,13629.0,0.0533
2024,4,Alabama,323124.66667,13648.0,0.0521
2024,4,Alabama,45994.333333,3324.0,0.109
2024,4,Alabama,3466.6666667,321.0,0.098
2024,4,Alabama,106231.33333,4421.0,0.0524
2024,4,Alabama,265649.66667,12843.0,0.061
2024,4,Alaska,102476.33333,9840.0,0.1452
2024,4,Alaska,21750.666667,3222.0,0.2111
2024,4,Alaska,80725.666667,6618.0,0.1261
2024,4,Alaska,92686.0,8086.0,0.1326
2024,4,Alaska,9121.3333333,1637.0,0.265
2024,4,Alaska,669.0,117.0,0.1896
2024,4,Alaska,49152.666667,5186.0,0.1618
2024,4,Alaska,49758.333333,4259.0,0.1271
2024,4,Arizona,634754.33333,70330.0,0.143
2024,4,Arizona,59688.0,8161.0,0.2001
2024,4,Arizona,575066.33333,62169.0,0.1378
2024,4,Arizona,598662.33333,63647.0,0.1361
2024,4,Arizona,31543.333333,5755.0,0.2911
2024,4,Arizona,4548.6666667,928.0,0.2142
2024,4,Arizona,100889.0,9637.0,0.1322
2024,4,Arizona,531347.0,60454.0,0.1449
2024,4,Arkansas,324763.33333,22792.0,0.0888
2024,4,Arkansas,42552.0,5444.0,0.1659
2024,4,Arkansas,282211.33333,17348.0,0.0775
2024,4,Arkansas,286193.0,18302.0,0.0796
2024,4,Arkansas,36165.333333,4145.0,0.1687
2024,4,Arkansas,2405.0,345.0,0.153
2024,4,Arkansas,147582.0,8836.0,0.0761
2024,4,Arkansas,175871.0,13864.0,0.0993
2024,4,California,2842470.6667,541100.0,0.256
2024,4,California,958649.0,221491.0,0.3106
2024,4,California,1883821.6667,319609.0,0.2283
2024,4,California,2555637.3333,460103.0,0.2413
2024,4,California,254872.33333,71020.0,0.4041
2024,4,California,31961.0,9977.0,0.3279
2024,4,California,315947.33333,53923.0,0.2324
2024,4,California,2524433.0,486988.0,0.259
2024,4,Colorado,416865.66667,41996.0,0.1361
2024,4,Colorado,53272.666667,9184.0,0.236
2024,4,Colorado,363593.0,32812.0,0.1217
2024,4,Colorado,384599.66667,34752.0,0.1215
2024,4,Colorado,29846.666667,6782.0,0.3324
2024,4,Colorado,2419.3333333,462.0,0.2076
2024,4,Colorado,101837.0,8649.0,0.1196
2024,4,Colorado,314726.33333,33330.0,0.1412
2024,4,Connecticut,256027.0,30891.0,0.1484
2024,4,Connecticut,60053.666667,10364.0,0.2145
2024,4,Connecticut,195973.33333,20527.0,0.1284
2024,4,Connecticut,228041.33333,24599.0,0.1319
2024,4,Connecticut,25877.333333,5879.0,0.2984
2024,4,Connecticut,2108.3333333,413.0,0.205
2024,4,Connecticut,12434.0,1316.0,0.133
2024,4,Connecticut,243543.0,29573.0,0.1492
2024,4,Delaware,149353.0,17380.0,0.1398
2024,4,Delaware,16453.666667,3238.0,0.2486
2024,4,Delaware,132899.33333,14142.0,0.1271
2024,4,Delaware,138123.0,14510.0,0.1255
2024,4,Delaware,10149.666667,2629.0,0.3438
2024,4,Delaware,1080.3333333,241.0,0.2291
2024,4,Delaware,49255.333333,4788.0,0.1136
2024,4,Delaware,100042.33333,12586.0,0.1532
2024,4,District Of Columbia,49445.666667,7807.0,0.2138
2024,4,District Of Columbia,16630.666667,3164.0,0.2581
2024,4,District Of Columbia,32815.0,4643.0,0.1913
2024,4,District Of Columbia,43054.666667,6421.0,0.2
2024,4,District Of Columbia,5603.6666667,1219.0,0.3333
2024,4,District Of Columbia,787.33333333,167.0,0.2194
2024,4,District Of Columbia,49420.666667,7806.0,0.2138
2024,4,Florida,1922789.6667,210691.0,0.1333
2024,4,Florida,204281.0,34530.0,0.2139
2024,4,Florida,1718508.6667,176161.0,0.1241
2024,4,Florida,1783426.3333,186150.0,0.1257
2024,4,Florida,125355.33333,21610.0,0.2516
2024,4,Florida,14008.0,2931.0,0.217
2024,4,Florida,127585.66667,12657.0,0.121
2024,4,Florida,1792081.0,197866.0,0.1342
2024,4,Georgia,738681.66667,58187.0,0.1
2024,4,Georgia,97162.0,11432.0,0.1563
2024,4,Georgia,641519.66667,46755.0,0.0919
2024,4,Georgia,665060.66667,48626.0,0.0916
2024,4,Georgia,65439.0,8261.0,0.1924
2024,4,Georgia,8182.0,1300.0,0.1678
2024,4,Georgia,166277.33333,10966.0,0.0824
2024,4,Georgia,571973.66667,47204.0,0.1053
2024,4,Hawaii,102292.66667,15617.0,0.2079
2024,4,Hawaii,10104.666667,1716.0,0.2756
2024,4,Hawaii,92188.0,13901.0,0.2018
2024,4,Hawaii,95505.666667,13859.0,0.1961
2024,4,Hawaii,5303.0,1147.0,0.3771
2024,4,Hawaii,1484.0,611.0,0.4421
2024,4,Hawaii,33515.0,4565.0,0.1928
2024,4,Hawaii,68691.333333,11050.0,0.2149
2024,4,Idaho,176203.33333,9344.0,0.0731
2024,4,Idaho,19848.666667,2211.0,0.1603
2024,4,Idaho,156354.66667,7133.0,0.0625
2024,4,Idaho,159546.0,7239.0,0.0621
2024,4,Idaho,15725.0,1968.0,0.1887
2024,4,Idaho,932.33333333,137.0,0.1524
2024,4,Idaho,74914.666667,3812.0,0.0732
2024,4,Idaho,101269.33333,5532.0,0.073
2024,4,Illinois,1173633.6667,99211.0,0.1081
2024,4,Illinois,196755.0,27922.0,0.1775
2024,4,Illinois,976878.66667,71289.0,0.0938
2024,4,Illinois,1061722.6667,80451.0,0.0966
2024,4,Illinois,100961.66667,17067.0,0.2313
2024,4,Illinois,10949.333333,1693.0,0.1602
2024,4,Illinois,213632.0,10520.0,0.0634
2024,4,Illinois,959578.66667,88670.0,0.118
2024,4,Indiana,606923.33333,34724.0,0.0728
2024,4,Indiana,85154.666667,9926.0,0.1478
2024,4,Indiana,521768.66667,24798.0,0.0606
2024,4,Indiana,543386.66667,26665.0,0.0619
2024,4,Indiana,59154.0,7456.0,0.1788
2024,4,Indiana,4382.6666667,603.0,0.1458
2024,4,Indiana,170158.0,9626.0,0.0724
2024,4,Indiana,436489.33333,25086.0,0.073
2024,4,Iowa,388082.66667,16002.0,0.0526
2024,4,Iowa,35579.333333,4521.0,0.1646
2024,4,Iowa,352503.33333,11481.0,0.0415
2024,4,Iowa,359385.0,12310.0,0.0434
2024,4,Iowa,26700.0,3463.0,0.1874
2024,4,Iowa,1997.6666667,229.0,0.1212
2024,4,Iowa,211790.66667,9305.0,0.0565
2024,4,Iowa,176153.0,6692.0,0.0479
2024,4,Kansas,349145.33333,18807.0,0.0687
2024,4,Kansas,31514.333333,4131.0,0.1636
2024,4,Kansas,317631.0,14676.0,0.059
2024,4,Kansas,320804.33333,15160.0,0.0598
2024,4,Kansas,26287.333333,3366.0,0.1815
2024,4,Kansas,2053.6666667,281.0,0.1449
2024,4,Kansas,168257.33333,9169.0,0.0702
2024,4,Kansas,180448.0,9617.0,0.0672
2024,4,Kentucky,395022.66667,23989.0,0.0763
2024,4,Kentucky,64804.0,8511.0,0.1638
2024,4,Kentucky,330218.66667,15478.0,0.059
2024,4,Kentucky,344203.66667,17385.0,0.0626
2024,4,Kentucky,48215.333333,6319.0,0.1841
2024,4,Kentucky,2603.6666667,285.0,0.1149
2024,4,Kentucky,192244.66667,12938.0,0.0853
2024,4,Kentucky,201388.0,10923.0,0.0675
2024,4,Louisiana,347751.0,19042.0,0.0686
2024,4,Louisiana,60810.0,5033.0,0.1056
2024,4,Louisiana,286941.0,14009.0,0.061
2024,4,Louisiana,307417.66667,15016.0,0.0603
2024,4,Louisiana,36639.666667,3605.0,0.1437
2024,4,Louisiana,3693.6666667,421.0,0.1194
2024,4,Louisiana,79682.333333,3835.0,0.0601
2024,4,Louisiana,266557.0,15104.0,0.0711
2024,4,Maine,134671.0,10667.0,0.1089
2024,4,Maine,36137.0,4834.0,0.1794
2024,4,Maine,98534.0,5833.0,0.0821
2024,4,Maine,113820.33333,7302.0,0.0872
2024,4,Maine,20100.0,3253.0,0.2396
2024,4,Maine,750.66666667,112.0,0.1602
2024,4,Maine,75325.0,5944.0,0.1087
2024,4,Maine,59315.666667,4723.0,0.1091
2024,4,Maryland,715693.33333,95355.0,0.1675
2024,4,Maryland,108398.66667,21844.0,0.2568
2024,4,Maryland,607294.66667,73511.0,0.1518
2024,4,Maryland,646020.66667,78548.0,0.1523
2024,4,Maryland,62680.333333,15361.0,0.3271
2024,4,Maryland,6992.3333333,1446.0,0.2151
2024,4,Maryland,46386.666667,4554.0,0.1205
2024,4,Maryland,669138.33333,90794.0,0.1708
2024,4,Massachusetts,796856.0,129675.0,0.2005
2024,4,Massachusetts,188666.33333,44341.0,0.2921
2024,4,Massachusetts,608189.66667,85334.0,0.1724
2024,4,Massachusetts,706676.0,101011.0,0.1755
2024,4,Massachusetts,85755.0,27654.0,0.4127
2024,4,Massachusetts,4425.0,1010.0,0.2335
2024,4,Massachusetts,33182.666667,5651.0,0.2129
2024,4,Massachusetts,763384.0,124004.0,0.2
2024,4,Michigan,728647.66667,81207.0,0.1455
2024,4,Michigan,129824.33333,22956.0,0.2297
2024,4,Michigan,598823.33333,58251.0,0.1271
2024,4,Michigan,625389.0,59830.0,0.1237
2024,4,Michigan,96475.666667,20011.0,0.294
2024,4,Michigan,6783.0,1366.0,0.2092
2024,4,Michigan,184625.66667,17158.0,0.1254
2024,4,Michigan,543801.33333,64015.0,0.152
2024,4,Minnesota,387120.33333,45751.0,0.1613
2024,4,Minnesota,68197.666667,15688.0,0.3037
2024,4,Minnesota,318922.66667,30063.0,0.1296
2024,4,Minnesota,327625.0,30150.0,0.1255
2024,4,Minnesota,56426.666667,14876.0,0.3672
2024,4,Minnesota,3068.6666667,725.0,0.2549
2024,4,Minnesota,145386.66667,12924.0,0.1231
2024,4,Minnesota,241576.33333,32814.0,0.1838
2024,4,Mississippi,324234.0,25790.0,0.0979
2024,4,Mississippi,51645.666667,4700.0,0.1116
2024,4,Mississippi,272588.33333,21090.0,0.0953
2024,4,Mississippi,285308.33333,22123.0,0.0943
2024,4,Mississippi,35235.0,3189.0,0.1254
2024,4,Mississippi,3690.6666667,478.0,0.1352
2024,4,Mississippi,184960.66667,12376.0,0.0817
2024,4,Mississippi,138069.33333,13314.0,0.1199
2024,4,Missouri,530755.66667,29465.0,0.0717
2024,4,Missouri,65060.0,8258.0,0.1585
2024,4,Missouri,465695.66667,21207.0,0.0591
2024,4,Missouri,469522.0,21551.0,0.0588
2024,4,Missouri,56806.333333,7326.0,0.1843
2024,4,Missouri,4427.3333333,588.0,0.1404
2024,4,Missouri,197187.33333,9991.0,0.0667
2024,4,Missouri,333477.33333,19470.0,0.0746
2024,4,Montana,166673.0,9353.0,0.079
2024,4,Montana,18262.0,2193.0,0.1614
2024,4,Montana,148411.0,7160.0,0.0683
2024,4,Montana,153306.66667,7473.0,0.0684
2024,4,Montana,12677.333333,1784.0,0.2121
2024,4,Montana,689.0,96.0,0.1468
2024,4,Montana,114033.33333,6698.0,0.0837
2024,4,Montana,52620.0,2655.0,0.0693
2024,4,Nebraska,224850.66667,10906.0,0.0636
2024,4,Nebraska,19643.0,2693.0,0.1734
2024,4,Nebraska,205207.66667,8213.0,0.0527
2024,4,Nebraska,209792.0,8874.0,0.0552
2024,4,Nebraska,13965.0,1878.0,0.1947
2024,4,Nebraska,1093.6666667,154.0,0.1528
2024,4,Nebraska,112510.0,5134.0,0.0607
2024,4,Nebraska,112269.66667,5767.0,0.0664
2024,4,Nevada,239948.66667,21540.0,0.1235
2024,4,Nevada,37043.0,5972.0,0.2275
2024,4,Nevada,202905.66667,15568.0,0.1051
2024,4,Nevada,218592.66667,17639.0,0.1106
2024,4,Nevada,19131.666667,3518.0,0.2749
2024,4,Nevada,2224.3333333,383.0,0.1861
2024,4,Nevada,47016.666667,3751.0,0.1122
2024,4,Nevada,192540.66667,17770.0,0.1263
2024,4,New Hampshire,190629.66667,19661.0,0.1344
2024,4,New Hampshire,19025.0,4544.0,0.2994
2024,4,New Hampshire,171604.66667,15117.0,0.1153
2024,4,New Hampshire,170665.33333,15123.0,0.1145
2024,4,New Hampshire,19160.333333,4387.0,0.3253
2024,4,New Hampshire,804.0,151.0,0.1974
2024,4,New Hampshire,81835.333333,7849.0,0.1278
2024,4,New Hampshire,108399.33333,11756.0,0.139
2024,4,New Jersey,873498.33333,107345.0,0.1495
2024,4,New Jersey,114212.33333,20060.0,0.2139
2024,4,New Jersey,759286.0,87285.0,0.1398
2024,4,New Jersey,797608.0,90836.0,0.1378
2024,4,New Jersey,68170.333333,15117.0,0.2952
2024,4,New Jersey,7720.0,1392.0,0.1861
2024,4,New Jersey,9648.3333333,906.0,0.1193
2024,4,New Jersey,862583.33333,106318.0,0.1499
2024,4,New Mexico,197092.33333,19629.0,0.1407
2024,4,New Mexico,36911.333333,5230.0,0.2136
2024,4,New Mexico,160181.0,14399.0,0.1252
2024,4,New Mexico,177384.66667,16460.0,0.1302
2024,4,New Mexico,17892.333333,2890.0,0.2556
2024,4,New Mexico,1815.3333333,279.0,0.1625
2024,4,New Mexico,76288.666667,7350.0,0.1369
2024,4,New Mexico,120282.0,12242.0,0.1433
2024,4,New York,1532335.6667,234201.0,0.1881
2024,4,New York,345141.66667,84205.0,0.297
2024,4,New York,1187194.0,149996.0,0.1559
2024,4,New York,1361531.6667,192769.0,0.173
2024,4,New York,156821.0,38151.0,0.3244
2024,4,New York,13983.0,3281.0,0.24
2024,4,New York,176868.66667,20710.0,0.1484
2024,4,New York,1354604.6667,213442.0,0.1931
2024,4,North Carolina,855659.33333,68036.0,0.1003
2024,4,North Carolina,100608.0,13096.0,0.1695
2024,4,North Carolina,755051.33333,54940.0,0.0914
2024,4,North Carolina,768186.0,54943.0,0.0892
2024,4,North Carolina,80233.333333,11976.0,0.2155
2024,4,North Carolina,7240.0,1117.0,0.1637
2024,4,North Carolina,262800.66667,19298.0,0.0919
2024,4,North Carolina,591968.33333,48672.0,0.1041
2024,4,North Dakota,85593.0,4096.0,0.0646
2024,4,North Dakota,10629.0,1491.0,0.1761
2024,4,North Dakota,74964.0,2605.0,0.0474
2024,4,North Dakota,77605.333333,2967.0,0.0515
2024,4,North Dakota,7402.6666667,1047.0,0.2009
2024,4,North Dakota,585.0,82.0,0.1475
2024,4,North Dakota,48990.666667,2683.0,0.0755
2024,4,North Dakota,36553.333333,1412.0,0.0507
2024,4,Ohio,944197.0,67316.0,0.0907
2024,4,Ohio,109577.33333,15058.0,0.1767
2024,4,Ohio,834619.66667,52258.0,0.0795
2024,4,Ohio,850284.66667,53548.0,0.0793
2024,4,Ohio,87622.333333,12930.0,0.2134
2024,4,Ohio,6290.0,838.0,0.14
2024,4,Ohio,261838.66667,14892.0,0.0728
2024,4,Ohio,681947.66667,52405.0,0.0975
2024,4,Oklahoma,410248.0,26628.0,0.0826
2024,4,Oklahoma,48766.666667,5835.0,0.1483
2024,4,Oklahoma,361481.33333,20793.0,0.0734
2024,4,Oklahoma,364533.0,20966.0,0.0724
2024,4,Oklahoma,42134.0,5110.0,0.1725
2024,4,Oklahoma,3581.0,552.0,0.1618
2024,4,Oklahoma,196913.66667,12492.0,0.0808
2024,4,Oklahoma,212451.66667,14059.0,0.084
2024,4,Oregon,359543.33333,35947.0,0.1414
2024,4,Oregon,69176.666667,9193.0,0.203
2024,4,Oregon,290366.66667,26754.0,0.1281
2024,4,Oregon,318719.33333,28547.0,0.1256
2024,4,Oregon,38633.333333,6823.0,0.2752
2024,4,Oregon,2190.6666667,577.0,0.2816
2024,4,Oregon,154564.66667,13589.0,0.1255
2024,4,Oregon,204902.0,22358.0,0.1533
2024,4,Pennsylvania,1159110.0,103192.0,0.1113
2024,4,Pennsylvania,143692.0,23080.0,0.2084
2024,4,Pennsylvania,1015418.0,80112.0,0.0981
2024,4,Pennsylvania,1052937.0,83224.0,0.0979
2024,4,Pennsylvania,98124.666667,18488.0,0.2658
2024,4,Pennsylvania,8048.3333333,1480.0,0.1916
2024,4,Pennsylvania,160888.0,13139.0,0.1042
2024,4,Pennsylvania,997747.33333,90040.0,0.1124
2024,4,Puerto Rico,29569.0,1512.0,0.0798
2024,4,Rhode Island,75450.333333,9260.0,0.1524
2024,4,Rhode Island,9313.6666667,1624.0,0.2363
2024,4,Rhode Island,66136.666667,7636.0,0.1417
2024,4,Rhode Island,67511.333333,7791.0,0.1403
2024,4,Rhode Island,7463.3333333,1366.0,0.2851
2024,4,Rhode Island,475.66666667,103.0,0.2269
2024,4,Rhode Island,209.33333333,29.0,0.1758
2024,4,Rhode Island,75225.666667,9231.0,0.1523
2024,4,South Carolina,598626.33333,40289.0,0.0822
2024,4,South Carolina,42228.0,5035.0,0.1516
2024,4,South Carolina,556398.33333,35254.0,0.0771
2024,4,South Carolina,551284.33333,34777.0,0.0762
2024,4,South Carolina,42691.0,4773.0,0.1616
2024,4,South Carolina,4651.0,739.0,0.1669
2024,4,South Carolina,126375.66667,8272.0,0.0804
2024,4,South Carolina,471954.66667,32007.0,0.0827
2024,4,South Dakota,111720.66667,5262.0,0.064
2024,4,South Dakota,12252.333333,1222.0,0.1279
2024,4,South Dakota,99468.333333,4040.0,0.0555
2024,4,South Dakota,101919.0,4255.0,0.0565
2024,4,South Dakota,9042.3333333,882.0,0.1405
2024,4,South Dakota,759.33333333,125.0,0.1731
2024,4,South Dakota,70083.666667,4203.0,0.0817
2024,4,South Dakota,41628.333333,1059.0,0.0344
2024,4,Tennessee,603284.66667,34431.0,0.0716
2024,4,Tennessee,60246.666667,6572.0,0.1404
2024,4,Tennessee,543038.0,27859.0,0.0642
2024,4,Tennessee,548029.0,28019.0,0.0634
2024,4,Tennessee,50757.333333,5854.0,0.1682
2024,4,Tennessee,4498.3333333,558.0,0.1312
2024,4,Tennessee,200825.66667,10443.0,0.0651
2024,4,Tennessee,401826.0,23958.0,0.0749
2024,4,Territories,18355.666667,321.0,0.0342
2024,4,Texas,1810008.6667,182359.0,0.1317
2024,4,Texas,176423.66667,30951.0,0.2213
2024,4,Texas,1633585.0,151408.0,0.1216
2024,4,Texas,1652786.0,156739.0,0.1228
2024,4,Texas,136840.66667,22009.0,0.2482
2024,4,Texas,20382.0,3611.0,0.1869
2024,4,Texas,350245.66667,29754.0,0.1115
2024,4,Texas,1457587.0,152445.0,0.1366
2024,4,Utah,183387.0,12799.0,0.0915
2024,4,Utah,17613.333333,2147.0,0.168
2024,4,Utah,165773.66667,10652.0,0.0838
2024,4,Utah,168427.0,10535.0,0.0812
2024,4,Utah,13679.333333,2055.0,0.2281
2024,4,Utah,1280.6666667,209.0,0.1765
2024,4,Utah,40153.0,3276.0,0.1113
2024,4,Utah,143201.0,9522.0,0.0862
2024,4,Vermont,98802.666667,10293.0,0.1381
2024,4,Vermont,20273.666667,3630.0,0.23
2024,4,Vermont,78529.0,6663.0,0.1134
2024,4,Vermont,86185.333333,7511.0,0.1147
2024,4,Vermont,12271.0,2684.0,0.3077
2024,4,Vermont,346.33333333,98.0,0.2952
2024,4,Vermont,74001.666667,7360.0,0.1326
2024,4,Vermont,24500.666667,2899.0,0.1538
2024,4,Virgin Islands,12831.666667,466.0,0.0623
2024,4,Virginia,881198.66667,72582.0,0.1033
2024,4,Virginia,72005.666667,9751.0,0.1759
2024,4,Virginia,809193.0,62831.0,0.097
2024,4,Virginia,819508.33333,62949.0,0.0956
2024,4,Virginia,55532.0,8699.0,0.2268
2024,4,Virginia,6158.3333333,934.0,0.1597
2024,4,Virginia,148677.0,9215.0,0.0782
2024,4,Virginia,731241.66667,63271.0,0.1083
2024,4,Washington,647684.66667,64237.0,0.1395
2024,4,Washington,79639.666667,9952.0,0.185
2024,4,Washington,568045.0,54285.0,0.1334
2024,4,Washington,590238.33333,55070.0,0.1299
2024,4,Washington,53193.333333,8168.0,0.2499
2024,4,Washington,4253.0,999.0,0.2486
2024,4,Washington,153772.33333,13697.0,0.1263
2024,4,Washington,493545.66667,50513.0,0.1435
2024,4,West Virginia,179502.0,14042.0,0.1018
2024,4,West Virginia,31228.666667,5161.0,0.2172
2024,4,West Virginia,148273.33333,8881.0,0.0778
2024,4,West Virginia,153506.0,10418.0,0.0871
2024,4,West Virginia,24909.666667,3423.0,0.1994
2024,4,West Virginia,1086.3333333,201.0,0.1935
2024,4,West Virginia,60759.666667,4601.0,0.0986
2024,4,West Virginia,118582.33333,9427.0,0.1034
2024,4,Wisconsin,490079.33333,35231.0,0.0984
2024,4,Wisconsin,73414.333333,10606.0,0.192
2024,4,Wisconsin,416665.0,24625.0,0.0813
2024,4,Wisconsin,433459.33333,26069.0,0.0819
2024,4,Wisconsin,53151.666667,8601.0,0.2366
2024,4,Wisconsin,3468.3333333,561.0,0.1743
2024,4,Wisconsin,193074.66667,12982.0,0.0947
2024,4,Wisconsin,296909.66667,22246.0,0.1007
2024,4,Wyoming,95325.666667,4747.0,0.0707
2024,4,Wyoming,8393.0,970.0,0.152
2024,4,Wyoming,86932.666667,3777.0,0.0622
2024,4,Wyoming,87885.666667,3777.0,0.0609
2024,4,Wyoming,7035.0,905.0,0.19
2024,4,Wyoming,405.0,65.0,0.1771
2024,4,Wyoming,67349.0,3633.0,0.0778
2024,4,Wyoming,27969.333333,1114.0,0.0545
2025,1,Alabama,368538.66667,16761.0,0.0572
2025,1,Alabama,51158.666667,3585.0,0.0907
2025,1,Alabama,317380.0,13176.0,0.052
2025,1,Alabama,322082.33333,13263.0,0.0509
2025,1,Alabama,42783.333333,3140.0,0.1086
2025,1,Alabama,3673.0,358.0,0.0984
2025,1,Alabama,104656.66667,4408.0,0.0533
2025,1,Alabama,263200.33333,12320.0,0.0587
2025,1,Alaska,102004.33333,8457.0,0.1255
2025,1,Alaska,20740.333333,2611.0,0.1743
2025,1,Alaska,81264.0,5846.0,0.1116
2025,1,Alaska,92852.333333,6941.0,0.1142
2025,1,Alaska,8455.6666667,1399.0,0.2368
2025,1,Alaska,696.33333333,117.0,0.1731
2025,1,Alaska,48972.0,4661.0,0.1454
2025,1,Alaska,49538.333333,3438.0,0.1035
2025,1,Arizona,630894.0,65929.0,0.1342
2025,1,Arizona,58790.333333,7721.0,0.1878
2025,1,Arizona,572103.66667,58208.0,0.1293
2025,1,Arizona,596762.0,59644.0,0.1276
2025,1,Arizona,29243.0,5375.0,0.2822
2025,1,Arizona,4889.0,910.0,0.189
2025,1,Arizona,100106.66667,9134.0,0.1266
2025,1,Arizona,528268.66667,56590.0,0.1356
2025,1,Arkansas,321559.66667,21557.0,0.0862
2025,1,Arkansas,41668.333333,5567.0,0.1736
2025,1,Arkansas,279891.33333,15990.0,0.0733
2025,1,Arkansas,285802.33333,17020.0,0.0757
2025,1,Arkansas,33183.333333,4168.0,0.1846
2025,1,Arkansas,2574.0,369.0,0.1446
2025,1,Arkansas,145487.66667,8666.0,0.0774
2025,1,Arkansas,174815.66667,12795.0,0.0932
2025,1,California,2847556.0,534601.0,0.2496
2025,1,California,955909.0,217172.0,0.2999
2025,1,California,1891647.0,317429.0,0.2239
2025,1,California,2575291.3333,457122.0,0.2355
2025,1,California,237911.0,66936.0,0.3998
2025,1,California,34353.666667,10543.0,0.3161
2025,1,California,316062.66667,54306.0,0.2336
2025,1,California,2529201.3333,480075.0,0.2516
2025,1,Colorado,414697.0,41602.0,0.1364
2025,1,Colorado,49664.666667,8878.0,0.2396
2025,1,Colorado,365032.33333,32724.0,0.1222
2025,1,Colorado,384769.66667,34489.0,0.1217
2025,1,Colorado,27469.666667,6568.0,0.3408
2025,1,Colorado,2457.6666667,545.0,0.2303
2025,1,Colorado,100376.0,8479.0,0.1207
2025,1,Colorado,314025.0,33110.0,0.1412
2025,1,Connecticut,256642.0,31491.0,0.1519
2025,1,Connecticut,60387.0,10667.0,0.219
2025,1,Connecticut,196255.0,20824.0,0.1313
2025,1,Connecticut,230067.0,25321.0,0.136
2025,1,Connecticut,24297.333333,5704.0,0.3035
2025,1,Connecticut,2277.6666667,466.0,0.2082
2025,1,Connecticut,12478.0,1400.0,0.1412
2025,1,Connecticut,244115.66667,30090.0,0.1525
2025,1,Delaware,149514.33333,18265.0,0.1484
2025,1,Delaware,15350.0,3219.0,0.2619
2025,1,Delaware,134164.33333,15046.0,0.1358
2025,1,Delaware,138930.0,15470.0,0.1348
2025,1,Delaware,9417.6666667,2527.0,0.3534
2025,1,Delaware,1166.6666667,268.0,0.2318
2025,1,Delaware,49927.333333,5483.0,0.1302
2025,1,Delaware,99514.333333,12775.0,0.1578
2025,1,District Of Columbia,48503.333333,7826.0,0.2205
2025,1,District Of Columbia,15634.333333,3132.0,0.2669
2025,1,District Of Columbia,32869.0,4694.0,0.1975
2025,1,District Of Columbia,42538.666667,6488.0,0.2073
2025,1,District Of Columbia,5163.6666667,1178.0,0.3446
2025,1,District Of Columbia,801.0,160.0,0.2023
2025,1,District Of Columbia,48472.0,7826.0,0.2205
2025,1,Florida,1922253.3333,201610.0,0.1273
2025,1,Florida,187934.66667,30709.0,0.1995
2025,1,Florida,1734318.6667,170901.0,0.1196
2025,1,Florida,1791717.3333,178606.0,0.1201
2025,1,Florida,115505.66667,19924.0,0.2461
2025,1,Florida,15030.333333,3080.0,0.2047
2025,1,Florida,126336.66667,11626.0,0.1133
2025,1,Florida,1792826.0,189834.0,0.1284
2025,1,Georgia,744227.66667,59034.0,0.1003
2025,1,Georgia,98342.666667,12158.0,0.1617
2025,1,Georgia,645885.0,46876.0,0.0913
2025,1,Georgia,673527.0,49403.0,0.0918
2025,1,Georgia,61963.333333,8070.0,0.1941
2025,1,Georgia,8737.3333333,1561.0,0.1797
2025,1,Georgia,166583.33333,10931.0,0.0819
2025,1,Georgia,577187.33333,48081.0,0.1057
2025,1,Hawaii,102805.0,15138.0,0.1982
2025,1,Hawaii,9363.3333333,1546.0,0.2571
2025,1,Hawaii,93441.666667,13592.0,0.1932
2025,1,Hawaii,96166.666667,13438.0,0.1871
2025,1,Hawaii,5095.6666667,1092.0,0.3586
2025,1,Hawaii,1542.6666667,608.0,0.4056
2025,1,Hawaii,33883.666667,4485.0,0.1855
2025,1,Hawaii,68833.333333,10649.0,0.2041
2025,1,Idaho,174694.33333,9360.0,0.0751
2025,1,Idaho,19538.333333,2287.0,0.1666
2025,1,Idaho,155156.0,7073.0,0.0638
2025,1,Idaho,159066.0,7241.0,0.0637
2025,1,Idaho,14603.666667,1963.0,0.1982
2025,1,Idaho,1024.6666667,156.0,0.1566
2025,1,Idaho,73131.0,3728.0,0.0757
2025,1,Idaho,101533.66667,5631.0,0.0747
2025,1,Illinois,1168487.0,99847.0,0.1122
2025,1,Illinois,182192.33333,27264.0,0.1865
2025,1,Illinois,986294.66667,72583.0,0.0976
2025,1,Illinois,1063195.0,81096.0,0.1001
2025,1,Illinois,93508.666667,16784.0,0.2452
2025,1,Illinois,11783.333333,1967.0,0.1703
2025,1,Illinois,212356.0,10611.0,0.0678
2025,1,Illinois,955724.0,89206.0,0.1217
2025,1,Indiana,598411.33333,37959.0,0.0825
2025,1,Indiana,79777.0,10861.0,0.1708
2025,1,Indiana,518634.33333,27098.0,0.0683
2025,1,Indiana,538276.33333,29063.0,0.0699
2025,1,Indiana,55478.333333,8086.0,0.2028
2025,1,Indiana,4656.6666667,810.0,0.1774
2025,1,Indiana,167021.0,10459.0,0.0825
2025,1,Indiana,431101.66667,27483.0,0.0824
2025,1,Iowa,384906.66667,16953.0,0.059
2025,1,Iowa,34704.0,4936.0,0.1833
2025,1,Iowa,350202.66667,12017.0,0.0461
2025,1,Iowa,357888.0,12967.0,0.0484
2025,1,Iowa,24830.0,3668.0,0.2109
2025,1,Iowa,2188.6666667,318.0,0.1485
2025,1,Iowa,209376.66667,9746.0,0.0634
2025,1,Iowa,175396.66667,7198.0,0.0538
2025,1,Kansas,353251.33333,23536.0,0.0873
2025,1,Kansas,33527.333333,4833.0,0.1804
2025,1,Kansas,319724.0,18703.0,0.0771
2025,1,Kansas,325444.66667,19243.0,0.0772
2025,1,Kansas,25498.666667,3907.0,0.2173
2025,1,Kansas,2308.0,386.0,0.1705
2025,1,Kansas,170315.0,11139.0,0.0873
2025,1,Kansas,182482.66667,12372.0,0.0873
2025,1,Kentucky,392942.66667,28049.0,0.091
2025,1,Kentucky,62886.0,9514.0,0.1834
2025,1,Kentucky,330056.66667,18535.0,0.0723
2025,1,Kentucky,344590.33333,20534.0,0.0755
2025,1,Kentucky,45493.333333,7066.0,0.2122
2025,1,Kentucky,2859.0,449.0,0.1557
2025,1,Kentucky,190888.33333,15148.0,0.1027
2025,1,Kentucky,200635.66667,12744.0,0.0799
2025,1,Louisiana,346321.0,19677.0,0.0712
2025,1,Louisiana,58262.333333,5126.0,0.1101
2025,1,Louisiana,288058.66667,14551.0,0.0633
2025,1,Louisiana,308043.0,15612.0,0.0628
2025,1,Louisiana,34353.0,3557.0,0.1495
2025,1,Louisiana,3925.0,508.0,0.1292
2025,1,Louisiana,79037.333333,3979.0,0.0637
2025,1,Louisiana,265789.0,15614.0,0.0734
2025,1,Maine,133053.0,11700.0,0.1241
2025,1,Maine,36294.333333,5522.0,0.2052
2025,1,Maine,96758.666667,6178.0,0.0917
2025,1,Maine,113584.66667,8110.0,0.1003
2025,1,Maine,18657.333333,3446.0,0.2721
2025,1,Maine,811.0,144.0,0.1863
2025,1,Maine,74370.666667,6363.0,0.1217
2025,1,Maine,58639.666667,5335.0,0.127
2025,1,Maryland,706874.0,98767.0,0.1772
2025,1,Maryland,98305.333333,20929.0,0.2673
2025,1,Maryland,608568.66667,77838.0,0.1625
2025,1,Maryland,642280.66667,81923.0,0.1616
2025,1,Maryland,57293.333333,15318.0,0.3541
2025,1,Maryland,7300.0,1526.0,0.2126
2025,1,Maryland,45491.333333,4440.0,0.1214
2025,1,Maryland,661212.0,94311.0,0.1811
2025,1,Massachusetts,799592.33333,131459.0,0.2063
2025,1,Massachusetts,193309.33333,46387.0,0.2993
2025,1,Massachusetts,606283.0,85072.0,0.1764
2025,1,Massachusetts,713191.66667,103353.0,0.1819
2025,1,Massachusetts,81518.666667,26907.0,0.4187
2025,1,Massachusetts,4882.0,1199.0,0.2492
2025,1,Massachusetts,33523.666667,5544.0,0.2123
2025,1,Massachusetts,765772.33333,125892.0,0.206
2025,1,Michigan,708323.0,81008.0,0.1526
2025,1,Michigan,116937.0,22211.0,0.241
2025,1,Michigan,591386.0,58797.0,0.1341
2025,1,Michigan,613129.66667,59904.0,0.1301
2025,1,Michigan,88136.333333,19516.0,0.3091
2025,1,Michigan,7057.0,1588.0,0.2262
2025,1,Michigan,179022.0,16658.0,0.1312
2025,1,Michigan,529059.0,64314.0,0.1593
2025,1,Minnesota,386041.0,46612.0,0.1696
2025,1,Minnesota,62454.0,15464.0,0.3155
2025,1,Minnesota,323587.0,31148.0,0.1379
2025,1,Minnesota,330153.33333,31021.0,0.1331
2025,1,Minnesota,52618.666667,14800.0,0.3829
2025,1,Minnesota,3269.0,791.0,0.2526
2025,1,Minnesota,144079.0,12774.0,0.1282
2025,1,Minnesota,241786.33333,33816.0,0.1932
2025,1,Mississippi,322004.0,26424.0,0.1013
2025,1,Mississippi,50463.666667,4766.0,0.1144
2025,1,Mississippi,271540.33333,21658.0,0.0988
2025,1,Mississippi,285281.33333,22787.0,0.0978
2025,1,Mississippi,32787.666667,3073.0,0.1285
2025,1,Mississippi,3935.0,564.0,0.1423
2025,1,Mississippi,183382.66667,13112.0,0.0879
2025,1,Mississippi,137432.0,13217.0,0.1194
2025,1,Missouri,527152.66667,34764.0,0.0881
2025,1,Missouri,63193.333333,9450.0,0.1875
2025,1,Missouri,463959.33333,25314.0,0.0736
2025,1,Missouri,469903.66667,25900.0,0.0733
2025,1,Missouri,52572.0,8104.0,0.2209
2025,1,Missouri,4677.0,760.0,0.1661
2025,1,Missouri,194979.66667,11507.0,0.0822
2025,1,Missouri,332070.33333,23256.0,0.0914
2025,1,Montana,166553.0,9783.0,0.0852
2025,1,Montana,16580.0,2211.0,0.1778
2025,1,Montana,149973.0,7572.0,0.0739
2025,1,Montana,154015.66667,7812.0,0.0736
2025,1,Montana,11781.333333,1866.0,0.2347
2025,1,Montana,756.0,105.0,0.1454
2025,1,Montana,113872.0,7169.0,0.0931
2025,1,Montana,52648.0,2613.0,0.0691
2025,1,Nebraska,226441.66667,11344.0,0.0676
2025,1,Nebraska,19147.666667,2791.0,0.1815
2025,1,Nebraska,207294.0,8553.0,0.0561
2025,1,Nebraska,212013.33333,9105.0,0.0579
2025,1,Nebraska,13196.666667,2035.0,0.2171
2025,1,Nebraska,1231.6666667,204.0,0.1711
2025,1,Nebraska,113697.66667,5212.0,0.0629
2025,1,Nebraska,112672.0,6129.0,0.0721
2025,1,Nevada,237883.0,19948.0,0.1148
2025,1,Nevada,34419.333333,5385.0,0.2112
2025,1,Nevada,203463.66667,14563.0,0.0983
2025,1,Nevada,217844.66667,16397.0,0.1029
2025,1,Nevada,17683.333333,3192.0,0.2634
2025,1,Nevada,2355.0,359.0,0.1564
2025,1,Nevada,46609.333333,3529.0,0.1072
2025,1,Nevada,190886.33333,16394.0,0.1166
2025,1,New Hampshire,189949.0,20532.0,0.145
2025,1,New Hampshire,19820.333333,5113.0,0.319
2025,1,New Hampshire,170128.66667,15419.0,0.1228
2025,1,New Hampshire,170296.33333,15624.0,0.1227
2025,1,New Hampshire,18757.666667,4713.0,0.3522
2025,1,New Hampshire,895.0,195.0,0.2221
2025,1,New Hampshire,81586.333333,8277.0,0.1403
2025,1,New Hampshire,107970.0,12182.0,0.1481
2025,1,New Jersey,871901.33333,108341.0,0.1522
2025,1,New Jersey,107752.0,20237.0,0.2237
2025,1,New Jersey,764149.33333,88104.0,0.1418
2025,1,New Jersey,800321.0,92147.0,0.1406
2025,1,New Jersey,63053.333333,14449.0,0.3012
2025,1,New Jersey,8527.0,1745.0,0.2076
2025,1,New Jersey,9591.0,970.0,0.1285
2025,1,New Jersey,860790.66667,107118.0,0.1524
2025,1,New Mexico,200633.66667,18807.0,0.1305
2025,1,New Mexico,39227.0,5413.0,0.2016
2025,1,New Mexico,161406.66667,13394.0,0.1142
2025,1,New Mexico,180566.66667,15552.0,0.1193
2025,1,New Mexico,18041.0,2949.0,0.2501
2025,1,New Mexico,2026.0,306.0,0.1522
2025,1,New Mexico,77463.666667,6896.0,0.1256
2025,1,New Mexico,122641.0,11872.0,0.1336
2025,1,New York,1541511.3333,223938.0,0.182
2025,1,New York,346784.0,84088.0,0.2927
2025,1,New York,1194727.3333,139850.0,0.1483
2025,1,New York,1378043.0,183908.0,0.1668
2025,1,New York,148363.66667,36551.0,0.3257
2025,1,New York,15104.666667,3479.0,0.2306
2025,1,New York,178114.66667,20501.0,0.1508
2025,1,New York,1362498.6667,203378.0,0.1859
2025,1,North Carolina,839103.66667,68915.0,0.103
2025,1,North Carolina,97368.666667,12892.0,0.1692
2025,1,North Carolina,741735.0,56023.0,0.0945
2025,1,North Carolina,757744.33333,55705.0,0.0914
2025,1,North Carolina,73744.333333,11973.0,0.2283
2025,1,North Carolina,7615.0,1237.0,0.1656
2025,1,North Carolina,256094.33333,19409.0,0.0948
2025,1,North Carolina,582184.33333,49433.0,0.1066
2025,1,North Dakota,85078.333333,3939.0,0.0651
2025,1,North Dakota,11083.666667,1438.0,0.1626
2025,1,North Dakota,73994.666667,2501.0,0.0484
2025,1,North Dakota,77188.0,2804.0,0.0513
2025,1,North Dakota,7244.3333333,1037.0,0.1977
2025,1,North Dakota,646.0,98.0,0.1553
2025,1,North Dakota,48354.0,2575.0,0.0771
2025,1,North Dakota,36677.666667,1364.0,0.0503
2025,1,Ohio,928483.33333,70034.0,0.0976
2025,1,Ohio,102808.0,16007.0,0.1931
2025,1,Ohio,825675.33333,54027.0,0.0851
2025,1,Ohio,840361.33333,55262.0,0.0847
2025,1,Ohio,81247.333333,13702.0,0.2347
2025,1,Ohio,6874.6666667,1070.0,0.1574
2025,1,Ohio,256521.0,15417.0,0.0786
2025,1,Ohio,671576.66667,54590.0,0.1047
2025,1,Oklahoma,406873.33333,30977.0,0.098
2025,1,Oklahoma,47278.0,6049.0,0.1576
2025,1,Oklahoma,359595.33333,24928.0,0.0897
2025,1,Oklahoma,364260.33333,24998.0,0.0878
2025,1,Oklahoma,38760.0,5241.0,0.1899
2025,1,Oklahoma,3853.0,738.0,0.194
2025,1,Oklahoma,195131.0,13520.0,0.0899
2025,1,Oklahoma,210883.0,17376.0,0.1052
2025,1,Oregon,363630.66667,36694.0,0.1451
2025,1,Oregon,68574.666667,9470.0,0.2104
2025,1,Oregon,295056.0,27224.0,0.131
2025,1,Oregon,324455.0,29191.0,0.1288
2025,1,Oregon,36734.666667,6851.0,0.2861
2025,1,Oregon,2441.0,652.0,0.2803
2025,1,Oregon,157848.33333,13302.0,0.1245
2025,1,Oregon,205700.66667,23391.0,0.1602
2025,1,Pennsylvania,1136619.0,103775.0,0.1155
2025,1,Pennsylvania,136212.66667,23312.0,0.2167
2025,1,Pennsylvania,1000406.3333,80463.0,0.1018
2025,1,Pennsylvania,1038941.3333,83860.0,0.1016
2025,1,Pennsylvania,89032.666667,18122.0,0.2821
2025,1,Pennsylvania,8645.0,1793.0,0.2099
2025,1,Pennsylvania,155683.33333,13167.0,0.1101
2025,1,Pennsylvania,980392.66667,90590.0,0.1164
2025,1,Puerto Rico,30686.333333,1307.0,0.0672
2025,1,Rhode Island,75844.666667,9336.0,0.1559
2025,1,Rhode Island,8966.0,1746.0,0.2592
2025,1,Rhode Island,66878.666667,7590.0,0.1428
2025,1,Rhode Island,68377.333333,7915.0,0.1446
2025,1,Rhode Island,6965.0,1315.0,0.2828
2025,1,Rhode Island,502.33333333,106.0,0.2218
2025,1,Rhode Island,196.66666667,22.0,0.1654
2025,1,Rhode Island,75629.333333,9313.0,0.1559
2025,1,South Carolina,599850.0,42520.0,0.0861
2025,1,South Carolina,41377.0,5255.0,0.1583
2025,1,South Carolina,558473.0,37265.0,0.0809
2025,1,South Carolina,555310.66667,36902.0,0.0801
2025,1,South Carolina,39562.0,4761.0,0.1702
2025,1,South Carolina,4977.3333333,857.0,0.1734
2025,1,South Carolina,126074.33333,8241.0,0.0803
2025,1,South Carolina,473473.0,34263.0,0.0876
2025,1,South Dakota,110089.33333,5258.0,0.0674
2025,1,South Dakota,12940.333333,1349.0,0.1357
2025,1,South Dakota,97149.0,3909.0,0.0574
2025,1,South Dakota,100681.0,4198.0,0.059
2025,1,South Dakota,8565.0,906.0,0.1515
2025,1,South Dakota,843.33333333,154.0,0.1904
2025,1,South Dakota,69024.333333,4128.0,0.0849
2025,1,South Dakota,41044.333333,1129.0,0.0384
2025,1,Tennessee,598561.33333,36144.0,0.0767
2025,1,Tennessee,54826.0,6514.0,0.1519
2025,1,Tennessee,543735.33333,29630.0,0.0692
2025,1,Tennessee,547443.66667,29664.0,0.0683
2025,1,Tennessee,46296.666667,5776.0,0.1805
2025,1,Tennessee,4821.0,704.0,0.1481
2025,1,Tennessee,198998.0,11008.0,0.0709
2025,1,Tennessee,398945.33333,25101.0,0.0795
2025,1,Territories,18362.0,287.0,0.0287
2025,1,Texas,1811610.6667,185181.0,0.1336
2025,1,Texas,178839.66667,31177.0,0.2182
2025,1,Texas,1632771.0,154004.0,0.1238
2025,1,Texas,1660824.3333,159388.0,0.1245
2025,1,Texas,129299.0,21651.0,0.254
2025,1,Texas,21487.333333,4142.0,0.1941
2025,1,Texas,349475.0,30156.0,0.1141
2025,1,Texas,1459975.6667,154882.0,0.1382
2025,1,Utah,180599.33333,13201.0,0.0966
2025,1,Utah,15696.0,2034.0,0.1736
2025,1,Utah,164903.33333,11167.0,0.0894
2025,1,Utah,166254.66667,10868.0,0.0859
2025,1,Utah,12965.0,2088.0,0.237
2025,1,Utah,1379.6666667,245.0,0.1859
2025,1,Utah,38549.0,3243.0,0.116
2025,1,Utah,141600.66667,9915.0,0.0915
2025,1,Vermont,102534.66667,11566.0,0.1543
2025,1,Vermont,21713.666667,4379.0,0.2609
2025,1,Vermont,80821.0,7187.0,0.1236
2025,1,Vermont,89898.666667,8597.0,0.1308
2025,1,Vermont,12230.333333,2834.0,0.3214
2025,1,Vermont,405.66666667,135.0,0.3325
2025,1,Vermont,76740.0,8335.0,0.1498
2025,1,Vermont,25477.666667,3193.0,0.1673
2025,1,Virgin Islands,12675.666667,383.0,0.0522
2025,1,Virginia,876386.66667,80847.0,0.1167
2025,1,Virginia,64378.333333,10087.0,0.198
2025,1,Virginia,812008.33333,70760.0,0.1102
2025,1,Virginia,818612.33333,70481.0,0.1084
2025,1,Virginia,51112.333333,9102.0,0.2529
2025,1,Virginia,6662.0,1264.0,0.1929
2025,1,Virginia,146285.66667,9622.0,0.0847
2025,1,Virginia,728785.33333,71123.0,0.123
2025,1,Washington,649334.33333,65246.0,0.1426
2025,1,Washington,80736.333333,10458.0,0.1901
2025,1,Washington,568598.0,54788.0,0.1361
2025,1,Washington,594708.0,55918.0,0.1326
2025,1,Washington,50083.0,8264.0,0.2622
2025,1,Washington,4543.3333333,1064.0,0.2394
2025,1,Washington,154398.66667,13409.0,0.1262
2025,1,Washington,494494.0,51798.0,0.1475
2025,1,West Virginia,173917.33333,15135.0,0.1159
2025,1,West Virginia,29679.333333,5515.0,0.2452
2025,1,West Virginia,144238.0,9620.0,0.089
2025,1,West Virginia,149926.0,11278.0,0.0992
2025,1,West Virginia,22786.0,3605.0,0.2294
2025,1,West Virginia,1205.3333333,252.0,0.2156
2025,1,West Virginia,58627.333333,4880.0,0.1115
2025,1,West Virginia,115151.33333,10242.0,0.1181
2025,1,Wisconsin,485783.66667,35896.0,0.1044
2025,1,Wisconsin,69590.0,10985.0,0.2087
2025,1,Wisconsin,416193.66667,24911.0,0.0856
2025,1,Wisconsin,432911.66667,26456.0,0.0864
2025,1,Wisconsin,49187.666667,8777.0,0.2583
2025,1,Wisconsin,3684.3333333,663.0,0.1876
2025,1,Wisconsin,191467.66667,12995.0,0.1004
2025,1,Wisconsin,294225.66667,22896.0,0.1069
2025,1,Wyoming,94192.666667,4851.0,0.0748
2025,1,Wyoming,8145.3333333,982.0,0.1538
2025,1,Wyoming,86047.333333,3869.0,0.0661
2025,1,Wyoming,87278.666667,3900.0,0.0651
2025,1,Wyoming,6472.6666667,880.0,0.1959
2025,1,Wyoming,441.33333333,71.0,0.1663
2025,1,Wyoming,66478.666667,3778.0,0.0845
2025,1,Wyoming,27704.0,1072.0,0.0532
2025,2,Alabama,365862.66667,15169.0,0.0519
2025,2,Alabama,49109.0,3341.0,0.0884
2025,2,Alabama,316753.66667,11828.0,0.0465
2025,2,Alabama,319996.66667,11915.0,0.0457
2025,2,Alabama,42326.0,2930.0,0.1034
2025,2,Alabama,3540.0,324.0,0.0957
2025,2,Alabama,103528.33333,3836.0,0.0465
2025,2,Alabama,261663.33333,11291.0,0.054
2025,2,Alaska,103105.66667,8236.0,0.1176
2025,2,Alaska,20938.333333,2449.0,0.1596
2025,2,Alaska,82167.333333,5787.0,0.1058
2025,2,Alaska,93837.333333,6745.0,0.1064
2025,2,Alaska,8590.0,1380.0,0.2284
2025,2,Alaska,678.33333333,111.0,0.1705
2025,2,Alaska,49482.0,4483.0,0.1348
2025,2,Alaska,50093.333333,3377.0,0.0979
2025,2,Arizona,634427.66667,63702.0,0.1283
2025,2,Arizona,58965.0,7323.0,0.1774
2025,2,Arizona,575462.66667,56379.0,0.1238
2025,2,Arizona,600043.0,57726.0,0.1221
2025,2,Arizona,29607.0,5133.0,0.2672
2025,2,Arizona,4777.6666667,843.0,0.1829
2025,2,Arizona,100224.0,8942.0,0.1227
2025,2,Arizona,531667.33333,54534.0,0.1292
2025,2,Arkansas,320737.33333,19039.0,0.0749
2025,2,Arkansas,40711.333333,5124.0,0.1603
2025,2,Arkansas,280026.0,13915.0,0.0626
2025,2,Arkansas,285027.0,14858.0,0.0649
2025,2,Arkansas,33213.666667,3776.0,0.1648
2025,2,Arkansas,2496.6666667,405.0,0.17
2025,2,Arkansas,144897.33333,7870.0,0.069
2025,2,Arkansas,174595.66667,11074.0,0.0795
2025,2,California,2855372.6667,524686.0,0.2437
2025,2,California,952602.66667,214636.0,0.2964
2025,2,California,1902770.0,310050.0,0.2171
2025,2,California,2581821.3333,447307.0,0.2291
2025,2,California,240107.0,67413.0,0.4002
2025,2,California,33444.333333,9966.0,0.3118
2025,2,California,317267.0,53740.0,0.2266
2025,2,California,2535857.3333,470740.0,0.2459
2025,2,Colorado,418627.66667,39484.0,0.126
2025,2,Colorado,49632.0,8650.0,0.2305
2025,2,Colorado,368995.66667,30834.0,0.1118
2025,2,Colorado,388450.0,32607.0,0.1118
2025,2,Colorado,27754.666667,6415.0,0.3317
2025,2,Colorado,2423.0,462.0,0.2038
2025,2,Colorado,100922.66667,8134.0,0.112
2025,2,Colorado,317404.0,31330.0,0.1303
2025,2,Connecticut,257137.66667,29512.0,0.1402
2025,2,Connecticut,59763.666667,10318.0,0.2124
2025,2,Connecticut,197374.0,19194.0,0.1185
2025,2,Connecticut,230428.0,23516.0,0.1241
2025,2,Connecticut,24465.0,5540.0,0.2941
2025,2,Connecticut,2244.6666667,456.0,0.2104
2025,2,Connecticut,12491.0,1329.0,0.1315
2025,2,Connecticut,244598.66667,28181.0,0.1406
2025,2,Delaware,150140.33333,15695.0,0.1252
2025,2,Delaware,15362.666667,2907.0,0.2351
2025,2,Delaware,134777.66667,12788.0,0.1132
2025,2,Delaware,139491.33333,13113.0,0.112
2025,2,Delaware,9507.0,2369.0,0.3317
2025,2,Delaware,1142.0,213.0,0.1928
2025,2,Delaware,50250.0,4518.0,0.1044
2025,2,Delaware,99820.333333,11169.0,0.1361
2025,2,District Of Columbia,49004.666667,7554.0,0.2084
2025,2,District Of Columbia,15775.333333,3056.0,0.2558
2025,2,District Of Columbia,33229.333333,4498.0,0.1851
2025,2,District Of Columbia,42998.0,6186.0,0.1934
2025,2,District Of Columbia,5226.6666667,1206.0,0.3448
2025,2,District Of Columbia,780.0,162.0,0.2134
2025,2,District Of Columbia,48970.666667,7552.0,0.2084
2025,2,Florida,1922633.6667,203175.0,0.127
2025,2,Florida,183214.0,29945.0,0.1987
2025,2,Florida,1739419.6667,173230.0,0.1196
2025,2,Florida,1793189.3333,180241.0,0.1198
2025,2,Florida,114931.0,19877.0,0.2471
2025,2,Florida,14513.333333,3057.0,0.2132
2025,2,Florida,125956.0,11511.0,0.1105
2025,2,Florida,1793620.6667,191497.0,0.1282
2025,2,Georgia,738228.66667,54675.0,0.0936
2025,2,Georgia,91596.333333,10873.0,0.1543
2025,2,Georgia,646632.33333,43802.0,0.0852
2025,2,Georgia,668176.66667,45467.0,0.0849
2025,2,Georgia,61615.0,7800.0,0.19
2025,2,Georgia,8437.0,1408.0,0.1734
2025,2,Georgia,164657.66667,10294.0,0.078
2025,2,Georgia,573117.0,44360.0,0.0981
2025,2,Hawaii,103683.66667,14836.0,0.1923
2025,2,Hawaii,9680.3333333,1604.0,0.2553
2025,2,Hawaii,94003.333333,13232.0,0.1867
2025,2,Hawaii,96909.333333,13216.0,0.1821
2025,2,Hawaii,5265.3333333,1040.0,0.3289
2025,2,Hawaii,1509.0,580.0,0.4036
2025,2,Hawaii,34123.666667,4505.0,0.1846
2025,2,Hawaii,69468.333333,10329.0,0.1959
2025,2,Idaho,175407.33333,8974.0,0.0692
2025,2,Idaho,19600.0,2252.0,0.1549
2025,2,Idaho,155807.33333,6722.0,0.0584
2025,2,Idaho,159553.66667,6928.0,0.0585
2025,2,Idaho,14848.333333,1910.0,0.1855
2025,2,Idaho,1005.3333333,136.0,0.1374
2025,2,Idaho,73287.0,3708.0,0.0713
2025,2,Idaho,102093.66667,5265.0,0.0677
2025,2,Illinois,1171421.3333,96309.0,0.1049
2025,2,Illinois,180333.66667,26836.0,0.1822
2025,2,Illinois,991087.66667,69473.0,0.0902
2025,2,Illinois,1065848.0,78392.0,0.0936
2025,2,Illinois,94138.0,16103.0,0.2328
2025,2,Illinois,11435.333333,1814.0,0.1638
2025,2,Illinois,211619.66667,9819.0,0.0601
2025,2,Illinois,959399.0,86465.0,0.1146
2025,2,Indiana,598628.0,33411.0,0.0707
2025,2,Indiana,77598.666667,9810.0,0.1568
2025,2,Indiana,521029.33333,23601.0,0.0576
2025,2,Indiana,538709.0,25379.0,0.0592
2025,2,Indiana,55425.666667,7375.0,0.1857
2025,2,Indiana,4493.3333333,657.0,0.1524
2025,2,Indiana,166569.33333,8964.0,0.0686
2025,2,Indiana,431773.0,24430.0,0.0715
2025,2,Iowa,385655.33333,15373.0,0.0507
2025,2,Iowa,34230.0,4596.0,0.1692
2025,2,Iowa,351425.33333,10777.0,0.039
2025,2,Iowa,358543.66667,11664.0,0.0411
2025,2,Iowa,25001.333333,3403.0,0.1915
2025,2,Iowa,2110.3333333,306.0,0.1513
2025,2,Iowa,209629.66667,9053.0,0.0555
2025,2,Iowa,175895.33333,6311.0,0.045
2025,2,Kansas,354308.33333,18682.0,0.0671
2025,2,Kansas,32608.0,4345.0,0.1637
2025,2,Kansas,321700.33333,14337.0,0.0569
2025,2,Kansas,326490.33333,14934.0,0.0579
2025,2,Kansas,25580.0,3424.0,0.1872
2025,2,Kansas,2238.0,324.0,0.1523
2025,2,Kansas,170605.33333,9013.0,0.0682
2025,2,Kansas,183254.0,9647.0,0.066
2025,2,Kentucky,391567.66667,24378.0,0.078
2025,2,Kentucky,61792.666667,8759.0,0.1751
2025,2,Kentucky,329775.0,15619.0,0.0595
2025,2,Kentucky,343808.66667,17781.0,0.0641
2025,2,Kentucky,45016.0,6232.0,0.1933
2025,2,Kentucky,2743.0,365.0,0.1376
2025,2,Kentucky,189564.0,13329.0,0.0891
2025,2,Kentucky,200591.33333,10909.0,0.0675
2025,2,Louisiana,345123.33333,18919.0,0.0685
2025,2,Louisiana,56694.0,4852.0,0.107
2025,2,Louisiana,288429.33333,14067.0,0.0609
2025,2,Louisiana,307376.0,15139.0,0.0607
2025,2,Louisiana,33986.333333,3365.0,0.1433
2025,2,Louisiana,3761.0,415.0,0.1141
2025,2,Louisiana,78544.666667,3710.0,0.0592
2025,2,Louisiana,265109.33333,15126.0,0.0712
2025,2,Maine,132754.33333,10671.0,0.1094
2025,2,Maine,35960.666667,5060.0,0.1838
2025,2,Maine,96793.666667,5611.0,0.0802
2025,2,Maine,113276.33333,7406.0,0.0883
2025,2,Maine,18682.333333,3139.0,0.2423
2025,2,Maine,795.66666667,126.0,0.1703
2025,2,Maine,74033.333333,5846.0,0.108
2025,2,Maine,58676.0,4825.0,0.1112
2025,2,Maryland,710646.66667,88940.0,0.1565
2025,2,Maryland,98945.666667,19187.0,0.2407
2025,2,Maryland,611701.0,69753.0,0.1427
2025,2,Maryland,645546.0,73084.0,0.1412
2025,2,Maryland,57943.666667,14474.0,0.3299
2025,2,Maryland,7157.0,1382.0,0.1994
2025,2,Maryland,45573.333333,4130.0,0.11
2025,2,Maryland,664907.33333,84789.0,0.1597
2025,2,Massachusetts,803587.0,128560.0,0.1961
2025,2,Massachusetts,194503.33333,45747.0,0.2906
2025,2,Massachusetts,609083.66667,82813.0,0.1663
2025,2,Massachusetts,715638.66667,100640.0,0.172
2025,2,Massachusetts,83232.333333,26820.0,0.4081
2025,2,Massachusetts,4716.0,1100.0,0.2402
2025,2,Massachusetts,33693.0,5198.0,0.1903
2025,2,Massachusetts,769602.0,123344.0,0.1964
2025,2,Michigan,709323.66667,73260.0,0.1333
2025,2,Michigan,115841.33333,20569.0,0.224
2025,2,Michigan,593482.33333,52691.0,0.1152
2025,2,Michigan,613943.0,53680.0,0.1119
2025,2,Michigan,88512.0,18187.0,0.2887
2025,2,Michigan,6868.6666667,1393.0,0.2086
2025,2,Michigan,178850.33333,15353.0,0.1147
2025,2,Michigan,530237.33333,57875.0,0.1393
2025,2,Minnesota,387206.66667,44055.0,0.1539
2025,2,Minnesota,61662.666667,14613.0,0.2991
2025,2,Minnesota,325544.0,29442.0,0.124
2025,2,Minnesota,331376.66667,29261.0,0.1196
2025,2,Minnesota,52656.0,13979.0,0.361
2025,2,Minnesota,3174.0,815.0,0.2758
2025,2,Minnesota,144061.66667,12308.0,0.1173
2025,2,Minnesota,242967.66667,31725.0,0.175
2025,2,Mississippi,319981.66667,25431.0,0.0976
2025,2,Mississippi,48601.333333,4441.0,0.1103
2025,2,Mississippi,271380.33333,20990.0,0.0953
2025,2,Mississippi,283729.66667,21971.0,0.0942
2025,2,Mississippi,32451.0,2966.0,0.1262
2025,2,Mississippi,3801.0,494.0,0.1338
2025,2,Mississippi,181819.33333,12410.0,0.0833
2025,2,Mississippi,136990.66667,12914.0,0.1169
2025,2,Missouri,527747.33333,28950.0,0.0706
2025,2,Missouri,62689.666667,8697.0,0.1704
2025,2,Missouri,465057.66667,20253.0,0.0565
2025,2,Missouri,470082.33333,21162.0,0.0576
2025,2,Missouri,53072.0,7206.0,0.1906
2025,2,Missouri,4593.0,582.0,0.1327
2025,2,Missouri,194685.33333,9876.0,0.067
2025,2,Missouri,332961.33333,19073.0,0.0727
2025,2,Montana,167363.0,8750.0,0.0725
2025,2,Montana,16561.0,2126.0,0.1673
2025,2,Montana,150802.0,6624.0,0.0613
2025,2,Montana,154746.66667,6881.0,0.0614
2025,2,Montana,11884.333333,1780.0,0.2228
2025,2,Montana,732.0,89.0,0.1259
2025,2,Montana,114418.66667,6381.0,0.0781
2025,2,Montana,52913.0,2368.0,0.0608
2025,2,Nebraska,226894.66667,10066.0,0.058
2025,2,Nebraska,18654.0,2597.0,0.1708
2025,2,Nebraska,208240.66667,7469.0,0.0472
2025,2,Nebraska,212532.66667,7948.0,0.0488
2025,2,Nebraska,13159.333333,1920.0,0.2063
2025,2,Nebraska,1202.6666667,198.0,0.1744
2025,2,Nebraska,113884.33333,4802.0,0.0562
2025,2,Nebraska,112941.0,5260.0,0.0598
2025,2,Nevada,239140.0,19415.0,0.1103
2025,2,Nevada,34230.333333,5311.0,0.2091
2025,2,Nevada,204909.66667,14104.0,0.0936
2025,2,Nevada,219019.33333,15859.0,0.0981
2025,2,Nevada,17819.666667,3196.0,0.2624
2025,2,Nevada,2301.0,360.0,0.1664
2025,2,Nevada,46860.333333,3335.0,0.0985
2025,2,Nevada,191898.0,16069.0,0.1132
2025,2,New Hampshire,190614.66667,19424.0,0.1319
2025,2,New Hampshire,19633.0,4782.0,0.301
2025,2,New Hampshire,170981.66667,14642.0,0.1115
2025,2,New Hampshire,171091.33333,14892.0,0.1118
2025,2,New Hampshire,18662.0,4382.0,0.3297
2025,2,New Hampshire,861.33333333,150.0,0.185
2025,2,New Hampshire,81734.333333,7839.0,0.1268
2025,2,New Hampshire,108488.0,11525.0,0.1353
2025,2,New Jersey,874620.0,99066.0,0.137
2025,2,New Jersey,105717.66667,18450.0,0.2061
2025,2,New Jersey,768902.33333,80616.0,0.1273
2025,2,New Jersey,803137.0,83686.0,0.1255
2025,2,New Jersey,63200.666667,13854.0,0.2885
2025,2,New Jersey,8282.3333333,1526.0,0.1894
2025,2,New Jersey,9563.0,841.0,0.1103
2025,2,New Jersey,863575.66667,98079.0,0.1373
2025,2,New Mexico,199816.0,17789.0,0.1236
2025,2,New Mexico,38023.333333,5012.0,0.1938
2025,2,New Mexico,161792.66667,12777.0,0.1083
2025,2,New Mexico,180134.66667,14713.0,0.1128
2025,2,New Mexico,17719.333333,2781.0,0.242
2025,2,New Mexico,1962.0,295.0,0.1555
2025,2,New Mexico,76881.333333,6402.0,0.116
2025,2,New Mexico,122411.66667,11352.0,0.1285
2025,2,New York,1536706.6667,217854.0,0.1736
2025,2,New York,341496.33333,81376.0,0.2854
2025,2,New York,1195210.3333,136478.0,0.1407
2025,2,New York,1373735.6667,179683.0,0.1592
2025,2,New York,148259.0,34746.0,0.3096
2025,2,New York,14712.0,3425.0,0.2362
2025,2,New York,176211.0,19418.0,0.1378
2025,2,New York,1359632.0,198387.0,0.1781
2025,2,North Carolina,838452.66667,63160.0,0.0942
2025,2,North Carolina,94953.666667,12288.0,0.1658
2025,2,North Carolina,743499.0,50872.0,0.0853
2025,2,North Carolina,757067.33333,50644.0,0.0829
2025,2,North Carolina,73972.333333,11427.0,0.2186
2025,2,North Carolina,7413.0,1089.0,0.1538
2025,2,North Carolina,254902.0,17919.0,0.0873
2025,2,North Carolina,582731.66667,45186.0,0.0972
2025,2,North Dakota,85186.0,3822.0,0.0597
2025,2,North Dakota,10871.333333,1395.0,0.1587
2025,2,North Dakota,74314.666667,2427.0,0.044
2025,2,North Dakota,77265.0,2726.0,0.0468
2025,2,North Dakota,7297.3333333,1001.0,0.1928
2025,2,North Dakota,623.66666667,95.0,0.1581
2025,2,North Dakota,48432.0,2509.0,0.0704
2025,2,North Dakota,36707.0,1311.0,0.0463
2025,2,Ohio,929833.66667,61581.0,0.0836
2025,2,Ohio,100773.0,14673.0,0.1805
2025,2,Ohio,829060.66667,46908.0,0.0716
2025,2,Ohio,842021.0,48191.0,0.0717
2025,2,Ohio,81218.333333,12507.0,0.2161
2025,2,Ohio,6594.3333333,883.0,0.1406
2025,2,Ohio,256082.0,13409.0,0.0665
2025,2,Ohio,673373.66667,48141.0,0.09
2025,2,Oklahoma,406968.66667,24734.0,0.077
2025,2,Oklahoma,46379.333333,5617.0,0.1479
2025,2,Oklahoma,360589.33333,19117.0,0.0675
2025,2,Oklahoma,364194.66667,19331.0,0.0667
2025,2,Oklahoma,39044.666667,4821.0,0.1741
2025,2,Oklahoma,3729.3333333,582.0,0.1629
2025,2,Oklahoma,194820.66667,11449.0,0.0748
2025,2,Oklahoma,211309.0,13208.0,0.0789
2025,2,Oregon,366772.33333,34336.0,0.1304
2025,2,Oregon,70358.666667,9175.0,0.1945
2025,2,Oregon,296413.66667,25161.0,0.1164
2025,2,Oregon,326719.0,27036.0,0.1144
2025,2,Oregon,37680.0,6720.0,0.2721
2025,2,Oregon,2373.3333333,580.0,0.2584
2025,2,Oregon,158863.66667,12433.0,0.1102
2025,2,Oregon,207829.33333,21902.0,0.1456
2025,2,Pennsylvania,1136709.6667,92699.0,0.1013
2025,2,Pennsylvania,132855.66667,20830.0,0.1975
2025,2,Pennsylvania,1003854.0,71869.0,0.0888
2025,2,Pennsylvania,1039184.3333,74330.0,0.0882
2025,2,Pennsylvania,89166.0,16811.0,0.2627
2025,2,Pennsylvania,8359.3333333,1558.0,0.1907
2025,2,Pennsylvania,155202.0,11826.0,0.0964
2025,2,Pennsylvania,980990.33333,80855.0,0.1021
2025,2,Puerto Rico,29568.0,1418.0,0.075
2025,2,Rhode Island,75431.333333,8881.0,0.1449
2025,2,Rhode Island,8567.0,1793.0,0.2673
2025,2,Rhode Island,66864.333333,7088.0,0.1298
2025,2,Rhode Island,68142.666667,7506.0,0.1334
2025,2,Rhode Island,6806.6666667,1271.0,0.2778
2025,2,Rhode Island,482.0,104.0,0.2222
2025,2,Rhode Island,197.33333333,20.0,0.1258
2025,2,Rhode Island,75215.666667,8860.0,0.1449
2025,2,South Carolina,599818.0,38656.0,0.0782
2025,2,South Carolina,40399.0,4923.0,0.1528
2025,2,South Carolina,559419.0,33733.0,0.073
2025,2,South Carolina,555468.33333,33385.0,0.0723
2025,2,South Carolina,39534.666667,4445.0,0.161
2025,2,South Carolina,4815.0,826.0,0.1766
2025,2,South Carolina,125715.66667,7773.0,0.0754
2025,2,South Carolina,473804.33333,30871.0,0.079
2025,2,South Dakota,110353.0,5008.0,0.0614
2025,2,South Dakota,12702.333333,1367.0,0.1382
2025,2,South Dakota,97650.666667,3641.0,0.0508
2025,2,South Dakota,100954.0,3992.0,0.0534
2025,2,South Dakota,8580.0,868.0,0.1444
2025,2,South Dakota,819.0,148.0,0.1873
2025,2,South Dakota,69174.0,4052.0,0.0795
2025,2,South Dakota,41158.666667,955.0,0.0311
2025,2,Tennessee,600669.0,32916.0,0.0687
2025,2,Tennessee,54657.333333,5890.0,0.1363
2025,2,Tennessee,546011.66667,27026.0,0.062
2025,2,Tennessee,548748.66667,26921.0,0.0609
2025,2,Tennessee,47210.0,5393.0,0.1656
2025,2,Tennessee,4710.3333333,602.0,0.1325
2025,2,Tennessee,199157.66667,10112.0,0.0638
2025,2,Tennessee,400905.0,22772.0,0.0711
2025,2,Territories,18628.666667,196.0,0.0204
2025,2,Texas,1816240.6667,181225.0,0.1295
2025,2,Texas,173180.66667,30101.0,0.2167
2025,2,Texas,1643060.0,151124.0,0.1199
2025,2,Texas,1666279.0,156253.0,0.1207
2025,2,Texas,128882.66667,20894.0,0.247
2025,2,Texas,21079.0,4078.0,0.2022
2025,2,Texas,349285.66667,29991.0,0.1122
2025,2,Texas,1464802.0,151092.0,0.1336
2025,2,Utah,180751.0,12827.0,0.0931
2025,2,Utah,15519.333333,1979.0,0.1692
2025,2,Utah,165231.66667,10848.0,0.086
2025,2,Utah,166466.66667,10545.0,0.0825
2025,2,Utah,12930.333333,2033.0,0.2348
2025,2,Utah,1354.0,249.0,0.1967
2025,2,Utah,38573.333333,3133.0,0.1106
2025,2,Utah,141725.0,9655.0,0.0884
2025,2,Vermont,102289.33333,10814.0,0.1383
2025,2,Vermont,21475.666667,4088.0,0.2392
2025,2,Vermont,80813.666667,6726.0,0.1101
2025,2,Vermont,89657.333333,7993.0,0.116
2025,2,Vermont,12240.666667,2698.0,0.3026
2025,2,Vermont,391.33333333,123.0,0.3228
2025,2,Vermont,76468.0,7654.0,0.1316
2025,2,Vermont,25513.333333,3135.0,0.1586
2025,2,Virgin Islands,12771.0,407.0,0.0541
2025,2,Virginia,878480.0,69341.0,0.0984
2025,2,Virginia,63390.0,9127.0,0.1811
2025,2,Virginia,815090.0,60214.0,0.092
2025,2,Virginia,820622.66667,59906.0,0.0904
2025,2,Virginia,51429.0,8392.0,0.2332
2025,2,Virginia,6428.3333333,1043.0,0.1678
2025,2,Virginia,145882.66667,8435.0,0.0725
2025,2,Virginia,731295.66667,60810.0,0.1035
2025,2,Washington,649389.66667,61415.0,0.1314
2025,2,Washington,79396.0,9967.0,0.1822
2025,2,Washington,569993.66667,51448.0,0.1247
2025,2,Washington,595240.66667,52829.0,0.1223
2025,2,Washington,49747.333333,7645.0,0.2457
2025,2,Washington,4401.6666667,941.0,0.2276
2025,2,Washington,154026.66667,12623.0,0.1143
2025,2,Washington,494915.33333,48758.0,0.1367
2025,2,West Virginia,173184.33333,13066.0,0.0976
2025,2,West Virginia,28933.666667,4798.0,0.215
2025,2,West Virginia,144250.66667,8268.0,0.0741
2025,2,West Virginia,149387.0,9664.0,0.0826
2025,2,West Virginia,22664.333333,3190.0,0.203
2025,2,West Virginia,1133.0,212.0,0.1949
2025,2,West Virginia,58240.333333,4357.0,0.0971
2025,2,West Virginia,114802.66667,8699.0,0.0979
2025,2,Wisconsin,488110.0,34009.0,0.0947
2025,2,Wisconsin,68949.0,10465.0,0.1966
2025,2,Wisconsin,419161.0,23544.0,0.077
2025,2,Wisconsin,434875.66667,24879.0,0.0775
2025,2,Wisconsin,49654.666667,8463.0,0.244
2025,2,Wisconsin,3579.6666667,667.0,0.2002
2025,2,Wisconsin,192068.0,12329.0,0.09
2025,2,Wisconsin,295956.0,21676.0,0.0976
2025,2,Wyoming,94649.666667,4241.0,0.0625
2025,2,Wyoming,8060.0,871.0,0.1367
2025,2,Wyoming,86589.666667,3370.0,0.0548
2025,2,Wyoming,87719.0,3416.0,0.0543
2025,2,Wyoming,6499.0,768.0,0.1694
2025,2,Wyoming,431.66666667,57.0,0.1418
2025,2,Wyoming,66823.666667,3265.0,0.069
2025,2,Wyoming,27817.0,976.0,0.0475
2025,3,Alabama,366017.66667,15919.0,0.0546
2025,3,Alabama,48752.0,3602.0,0.0959
2025,3,Alabama,317265.66667,12317.0,0.0484
2025,3,Alabama,319738.0,12590.0,0.0484
2025,3,Alabama,42826.0,3026.0,0.1059
2025,3,Alabama,3453.6666667,303.0,0.0915
2025,3,Alabama,103334.0,4363.0,0.053
2025,3,Alabama,262004.33333,11516.0,0.0551
2025,3,Alaska,103983.0,8979.0,0.1305
2025,3,Alaska,21091.333333,2724.0,0.1812
2025,3,Alaska,82891.666667,6255.0,0.1163
2025,3,Alaska,94624.0,7382.0,0.1186
2025,3,Alaska,8698.3333333,1479.0,0.249
2025,3,Alaska,660.66666667,118.0,0.1925
2025,3,Alaska,49932.0,4909.0,0.1503
2025,3,Alaska,50498.333333,3716.0,0.1094
2025,3,Arizona,636856.0,64889.0,0.1328
2025,3,Arizona,58355.333333,7370.0,0.1832
2025,3,Arizona,578500.66667,57519.0,0.1283
2025,3,Arizona,602450.66667,58870.0,0.1266
2025,3,Arizona,29829.666667,5201.0,0.2726
2025,3,Arizona,4575.6666667,818.0,0.1862
2025,3,Arizona,100357.0,9101.0,0.1264
2025,3,Arizona,533973.33333,55566.0,0.1339
2025,3,Arkansas,320712.33333,19434.0,0.0765
2025,3,Arkansas,40049.0,5011.0,0.1597
2025,3,Arkansas,280663.33333,14423.0,0.0648
2025,3,Arkansas,284981.33333,15256.0,0.0667
2025,3,Arkansas,33333.333333,3704.0,0.162
2025,3,Arkansas,2397.6666667,474.0,0.2092
2025,3,Arkansas,144662.0,7691.0,0.0677
2025,3,Arkansas,174819.33333,11649.0,0.0836
2025,3,California,2863800.3333,538000.0,0.2497
2025,3,California,950724.0,216373.0,0.3001
2025,3,California,1913076.3333,321627.0,0.2243
2025,3,California,2588958.6667,459344.0,0.235
2025,3,California,242299.66667,68596.0,0.405
2025,3,California,32542.0,10060.0,0.3234
2025,3,California,318637.33333,55218.0,0.234
2025,3,California,2543010.0,482597.0,0.2516
2025,3,Colorado,422217.33333,39947.0,0.1269
2025,3,Colorado,49693.0,8871.0,0.2372
2025,3,Colorado,372524.33333,31076.0,0.112
2025,3,Colorado,391781.0,32841.0,0.1121
2025,3,Colorado,28067.666667,6601.0,0.3379
2025,3,Colorado,2368.6666667,505.0,0.2274
2025,3,Colorado,101606.0,8361.0,0.1153
2025,3,Colorado,320311.33333,31572.0,0.1304
2025,3,Connecticut,259088.0,30436.0,0.1451
2025,3,Connecticut,60237.333333,10652.0,0.2193
2025,3,Connecticut,198850.66667,19784.0,0.1227
2025,3,Connecticut,231857.33333,24366.0,0.1292
2025,3,Connecticut,25039.666667,5632.0,0.2954
2025,3,Connecticut,2191.0,438.0,0.2058
2025,3,Connecticut,12593.0,1366.0,0.1361
2025,3,Connecticut,246446.0,29068.0,0.1455
2025,3,Delaware,151386.0,16367.0,0.1308
2025,3,Delaware,15508.0,3113.0,0.2507
2025,3,Delaware,135878.0,13254.0,0.1176
2025,3,Delaware,140522.66667,13656.0,0.1171
2025,3,Delaware,9742.3333333,2476.0,0.3369
2025,3,Delaware,1121.0,235.0,0.2164
2025,3,Delaware,50751.666667,4863.0,0.1126
2025,3,Delaware,100566.33333,11497.0,0.1404
2025,3,District Of Columbia,48963.666667,7705.0,0.2141
2025,3,District Of Columbia,15625.666667,3026.0,0.2562
2025,3,District Of Columbia,33338.0,4679.0,0.1935
2025,3,District Of Columbia,43013.666667,6393.0,0.2009
2025,3,District Of Columbia,5205.6666667,1127.0,0.3247
2025,3,District Of Columbia,744.33333333,185.0,0.2632
2025,3,District Of Columbia,48931.666667,7704.0,0.2141
2025,3,Florida,1928764.3333,213035.0,0.1348
2025,3,Florida,180137.66667,30648.0,0.2072
2025,3,Florida,1748626.6667,182387.0,0.1273
2025,3,Florida,1798925.0,189381.0,0.1274
2025,3,Florida,115869.33333,20526.0,0.2564
2025,3,Florida,13970.0,3128.0,0.2285
2025,3,Florida,125921.0,12101.0,0.1177
2025,3,Florida,1799846.6667,200786.0,0.136
2025,3,Georgia,738819.0,56692.0,0.0969
2025,3,Georgia,88815.333333,10667.0,0.1564
2025,3,Georgia,650003.66667,46025.0,0.089
2025,3,Georgia,668762.33333,47629.0,0.0888
2025,3,Georgia,61897.666667,7685.0,0.1869
2025,3,Georgia,8159.0,1378.0,0.1762
2025,3,Georgia,164133.66667,10697.0,0.081
2025,3,Georgia,574243.66667,45974.0,0.1015
2025,3,Hawaii,103936.0,15230.0,0.1982
2025,3,Hawaii,9492.3333333,1543.0,0.2613
2025,3,Hawaii,94443.666667,13687.0,0.193
2025,3,Hawaii,97182.333333,13607.0,0.1879
2025,3,Hawaii,5283.6666667,1055.0,0.3478
2025,3,Hawaii,1470.0,568.0,0.4089
2025,3,Hawaii,34205.333333,4673.0,0.1924
2025,3,Hawaii,69644.333333,10556.0,0.201
2025,3,Idaho,176789.66667,8648.0,0.0674
2025,3,Idaho,19910.666667,2085.0,0.1483
2025,3,Idaho,156879.0,6563.0,0.0574
2025,3,Idaho,160637.33333,6616.0,0.0565
2025,3,Idaho,15176.666667,1885.0,0.1849
2025,3,Idaho,975.66666667,147.0,0.1567
2025,3,Idaho,73710.333333,3421.0,0.0669
2025,3,Idaho,103054.66667,5227.0,0.0677
2025,3,Illinois,1172494.0,95395.0,0.1044
2025,3,Illinois,179189.0,26412.0,0.1821
2025,3,Illinois,993305.0,68983.0,0.0898
2025,3,Illinois,1066805.0,77528.0,0.093
2025,3,Illinois,94660.333333,16059.0,0.2329
2025,3,Illinois,11028.666667,1808.0,0.1705
2025,3,Illinois,210636.66667,9773.0,0.0599
2025,3,Illinois,961468.66667,85597.0,0.1141
2025,3,Indiana,600882.33333,34067.0,0.0721
2025,3,Indiana,76564.0,9942.0,0.1615
2025,3,Indiana,524318.33333,24125.0,0.0587
2025,3,Indiana,540718.66667,26067.0,0.0608
2025,3,Indiana,55856.666667,7372.0,0.1856
2025,3,Indiana,4307.0,628.0,0.1538
2025,3,Indiana,166957.0,9208.0,0.0705
2025,3,Indiana,433647.0,24844.0,0.0728
2025,3,Iowa,387415.33333,15288.0,0.0508
2025,3,Iowa,33705.333333,4552.0,0.1703
2025,3,Iowa,353710.0,10736.0,0.0392
2025,3,Iowa,360336.66667,11598.0,0.0412
2025,3,Iowa,25071.666667,3381.0,0.1914
2025,3,Iowa,2007.0,309.0,0.16
2025,3,Iowa,210354.66667,8798.0,0.0544
2025,3,Iowa,176930.66667,6482.0,0.0466
2025,3,Kansas,356036.66667,18629.0,0.0671
2025,3,Kansas,31996.666667,4286.0,0.1652
2025,3,Kansas,324040.0,14343.0,0.057
2025,3,Kansas,328119.33333,14941.0,0.058
2025,3,Kansas,25771.0,3392.0,0.1859
2025,3,Kansas,2146.3333333,296.0,0.1467
2025,3,Kansas,171199.0,9176.0,0.0696
2025,3,Kansas,184390.33333,9435.0,0.0648
2025,3,Kentucky,390951.33333,24847.0,0.0795
2025,3,Kentucky,60523.666667,8742.0,0.1773
2025,3,Kentucky,330427.66667,16105.0,0.0612
2025,3,Kentucky,343493.66667,18247.0,0.0657
2025,3,Kentucky,44839.333333,6270.0,0.1945
2025,3,Kentucky,2618.3333333,330.0,0.1307
2025,3,Kentucky,188669.0,13181.0,0.0881
2025,3,Kentucky,200889.66667,11509.0,0.0711
2025,3,Louisiana,346170.33333,19551.0,0.0703
2025,3,Louisiana,56496.333333,5080.0,0.1123
2025,3,Louisiana,289674.0,14471.0,0.0622
2025,3,Louisiana,308260.0,15653.0,0.0624
2025,3,Louisiana,34264.333333,3497.0,0.1479
2025,3,Louisiana,3646.0,401.0,0.1141
2025,3,Louisiana,78645.0,3846.0,0.0608
2025,3,Louisiana,266071.33333,15629.0,0.0732
2025,3,Maine,133014.0,10367.0,0.1076
2025,3,Maine,35896.666667,5023.0,0.1841
2025,3,Maine,97117.333333,5344.0,0.0774
2025,3,Maine,113471.66667,7036.0,0.0851
2025,3,Maine,18770.333333,3229.0,0.2494
2025,3,Maine,772.0,102.0,0.1411
2025,3,Maine,74160.333333,5668.0,0.106
2025,3,Maine,58809.666667,4698.0,0.1095
2025,3,Maryland,714346.33333,90335.0,0.1591
2025,3,Maryland,99187.333333,19522.0,0.2457
2025,3,Maryland,615159.0,70813.0,0.145
2025,3,Maryland,648808.66667,74197.0,0.1435
2025,3,Maryland,58616.666667,14741.0,0.3343
2025,3,Maryland,6921.0,1397.0,0.2099
2025,3,Maryland,45722.0,4472.0,0.12
2025,3,Maryland,668470.66667,85852.0,0.1619
2025,3,Massachusetts,808674.0,128531.0,0.198
2025,3,Massachusetts,194804.33333,45655.0,0.2928
2025,3,Massachusetts,613869.66667,82876.0,0.168
2025,3,Massachusetts,719809.66667,100229.0,0.1732
2025,3,Massachusetts,84281.0,27192.0,0.4118
2025,3,Massachusetts,4583.3333333,1110.0,0.2503
2025,3,Massachusetts,33927.333333,4945.0,0.183
2025,3,Massachusetts,774459.0,123569.0,0.1986
2025,3,Michigan,712669.66667,71344.0,0.1311
2025,3,Michigan,116353.33333,20082.0,0.2191
2025,3,Michigan,596316.33333,51262.0,0.1133
2025,3,Michigan,616622.0,52446.0,0.1105
2025,3,Michigan,89471.333333,17617.0,0.2796
2025,3,Michigan,6576.3333333,1281.0,0.2021
2025,3,Michigan,179380.33333,14756.0,0.1121
2025,3,Michigan,533048.0,56550.0,0.1371
2025,3,Minnesota,390021.33333,44433.0,0.1562
2025,3,Minnesota,61847.0,14559.0,0.3004
2025,3,Minnesota,328174.33333,29874.0,0.1265
2025,3,Minnesota,333600.33333,29717.0,0.1223
2025,3,Minnesota,53317.333333,13959.0,0.3609
2025,3,Minnesota,3103.6666667,757.0,0.2638
2025,3,Minnesota,144620.0,12579.0,0.121
2025,3,Minnesota,245224.66667,31835.0,0.1764
2025,3,Mississippi,319949.0,15813.0,0.0605
2025,3,Mississippi,47791.666667,3790.0,0.0958
2025,3,Mississippi,272157.33333,12023.0,0.0542
2025,3,Mississippi,283632.0,13023.0,0.0556
2025,3,Mississippi,32642.666667,2347.0,0.0991
2025,3,Mississippi,3674.3333333,443.0,0.1249
2025,3,Mississippi,181613.33333,8365.0,0.056
2025,3,Mississippi,137176.66667,7385.0,0.0664
2025,3,Missouri,529329.66667,30141.0,0.0735
2025,3,Missouri,62219.0,8655.0,0.1715
2025,3,Missouri,467110.66667,21486.0,0.0598
2025,3,Missouri,471390.66667,22280.0,0.0606
2025,3,Missouri,53505.0,7269.0,0.1919
2025,3,Missouri,4434.0,592.0,0.1419
2025,3,Missouri,194803.0,10459.0,0.0707
2025,3,Missouri,334428.66667,19682.0,0.0751
2025,3,Montana,168427.66667,8851.0,0.0743
2025,3,Montana,16596.0,2153.0,0.1724
2025,3,Montana,151831.66667,6698.0,0.0628
2025,3,Montana,155754.33333,7002.0,0.0633
2025,3,Montana,11960.666667,1764.0,0.2223
2025,3,Montana,712.66666667,85.0,0.1265
2025,3,Montana,115147.33333,6269.0,0.0777
2025,3,Montana,53252.0,2581.0,0.067
2025,3,Nebraska,228123.33333,10313.0,0.0596
2025,3,Nebraska,18312.0,2732.0,0.1842
2025,3,Nebraska,209811.33333,7581.0,0.0479
2025,3,Nebraska,213779.66667,8211.0,0.0504
2025,3,Nebraska,13187.0,1928.0,0.2105
2025,3,Nebraska,1156.6666667,174.0,0.1628
2025,3,Nebraska,114366.33333,4962.0,0.0582
2025,3,Nebraska,113688.0,5347.0,0.061
2025,3,Nevada,240337.66667,20496.0,0.1167
2025,3,Nevada,34105.333333,5595.0,0.2211
2025,3,Nevada,206232.33333,14901.0,0.0992
2025,3,Nevada,220081.33333,16843.0,0.1044
2025,3,Nevada,18034.0,3293.0,0.2689
2025,3,Nevada,2222.3333333,360.0,0.1729
2025,3,Nevada,47176.333333,3484.0,0.1026
2025,3,Nevada,192779.0,16990.0,0.1202
2025,3,New Hampshire,192229.66667,19044.0,0.1304
2025,3,New Hampshire,19632.0,4697.0,0.2977
2025,3,New Hampshire,172597.66667,14347.0,0.1101
2025,3,New Hampshire,172586.66667,14618.0,0.1108
2025,3,New Hampshire,18806.666667,4270.0,0.3209
2025,3,New Hampshire,836.33333333,156.0,0.1987
2025,3,New Hampshire,82369.333333,7690.0,0.1261
2025,3,New Hampshire,109466.0,11308.0,0.1334
2025,3,New Jersey,879321.66667,99836.0,0.1386
2025,3,New Jersey,104007.0,18474.0,0.2109
2025,3,New Jersey,775314.66667,81362.0,0.1286
2025,3,New Jersey,807661.66667,84507.0,0.1272
2025,3,New Jersey,63636.333333,13906.0,0.2905
2025,3,New Jersey,8023.6666667,1423.0,0.183
2025,3,New Jersey,9573.6666667,841.0,0.1109
2025,3,New Jersey,868321.66667,98821.0,0.1389
2025,3,New Mexico,199843.0,18044.0,0.1261
2025,3,New Mexico,37430.666667,4935.0,0.1956
2025,3,New Mexico,162412.33333,13109.0,0.1112
2025,3,New Mexico,180314.33333,15028.0,0.1156
2025,3,New Mexico,17609.0,2741.0,0.2437
2025,3,New Mexico,1919.6666667,275.0,0.1504
2025,3,New Mexico,76676.666667,6343.0,0.1161
2025,3,New Mexico,122646.66667,11662.0,0.1324
2025,3,New York,1538819.6667,222220.0,0.1788
2025,3,New York,336456.0,81459.0,0.2913
2025,3,New York,1202363.6667,140761.0,0.1462
2025,3,New York,1375291.3333,183768.0,0.1646
2025,3,New York,149320.0,35204.0,0.3147
2025,3,New York,14208.333333,3248.0,0.2329
2025,3,New York,176173.0,19788.0,0.1434
2025,3,New York,1361818.3333,202379.0,0.1833
2025,3,North Carolina,839935.0,65595.0,0.098
2025,3,North Carolina,93764.666667,12366.0,0.1694
2025,3,North Carolina,746170.33333,53229.0,0.0893
2025,3,North Carolina,758189.66667,53061.0,0.087
2025,3,North Carolina,74599.666667,11372.0,0.2172
2025,3,North Carolina,7145.6666667,1162.0,0.1699
2025,3,North Carolina,254720.33333,18306.0,0.0896
2025,3,North Carolina,584407.0,47220.0,0.1017
2025,3,North Dakota,85621.666667,3824.0,0.0604
2025,3,North Dakota,10789.666667,1475.0,0.1697
2025,3,North Dakota,74832.0,2349.0,0.043
2025,3,North Dakota,77637.333333,2673.0,0.0465
2025,3,North Dakota,7382.6666667,1081.0,0.2046
2025,3,North Dakota,601.66666667,70.0,0.1215
2025,3,North Dakota,48670.333333,2488.0,0.0707
2025,3,North Dakota,36903.666667,1334.0,0.0475
2025,3,Ohio,935968.33333,63734.0,0.0867
2025,3,Ohio,101420.33333,14955.0,0.1847
2025,3,Ohio,834548.0,48779.0,0.0746
2025,3,Ohio,846944.33333,50004.0,0.0746
2025,3,Ohio,82617.333333,12851.0,0.2201
2025,3,Ohio,6406.6666667,879.0,0.146
2025,3,Ohio,256884.33333,13694.0,0.0683
2025,3,Ohio,678697.33333,50017.0,0.0936
2025,3,Oklahoma,407400.0,25603.0,0.0798
2025,3,Oklahoma,45559.333333,5462.0,0.1465
2025,3,Oklahoma,361840.66667,20141.0,0.071
2025,3,Oklahoma,364426.66667,20267.0,0.07
2025,3,Oklahoma,39379.0,4732.0,0.1702
2025,3,Oklahoma,3594.3333333,604.0,0.1772
2025,3,Oklahoma,194863.66667,11870.0,0.0776
2025,3,Oklahoma,211711.33333,13658.0,0.0816
2025,3,Oregon,369251.33333,35491.0,0.1353
2025,3,Oregon,71257.0,9428.0,0.1995
2025,3,Oregon,297994.33333,26063.0,0.1212
2025,3,Oregon,328722.0,28023.0,0.1191
2025,3,Oregon,38217.666667,6882.0,0.2769
2025,3,Oregon,2311.6666667,586.0,0.2714
2025,3,Oregon,159765.33333,12911.0,0.1148
2025,3,Oregon,209411.0,22578.0,0.1506
2025,3,Pennsylvania,1142352.0,93035.0,0.1023
2025,3,Pennsylvania,131848.33333,20876.0,0.2011
2025,3,Pennsylvania,1010503.6667,72159.0,0.0896
2025,3,Pennsylvania,1044241.3333,74487.0,0.089
2025,3,Pennsylvania,89999.666667,17088.0,0.266
2025,3,Pennsylvania,8111.0,1460.0,0.1846
2025,3,Pennsylvania,155394.33333,11836.0,0.0974
2025,3,Pennsylvania,986475.0,81189.0,0.1031
2025,3,Puerto Rico,28850.0,1432.0,0.0765
2025,3,Rhode Island,75402.0,8682.0,0.144
2025,3,Rhode Island,8106.0,1610.0,0.2596
2025,3,Rhode Island,67296.0,7072.0,0.1307
2025,3,Rhode Island,68250.333333,7329.0,0.1321
2025,3,Rhode Island,6687.0,1256.0,0.2882
2025,3,Rhode Island,464.66666667,97.0,0.2123
2025,3,Rhode Island,198.66666667,16.0,0.106
2025,3,Rhode Island,75187.333333,8666.0,0.1441
2025,3,South Carolina,601701.0,40279.0,0.0813
2025,3,South Carolina,39933.333333,5099.0,0.1603
2025,3,South Carolina,561767.66667,35180.0,0.0759
2025,3,South Carolina,557294.0,34882.0,0.0753
2025,3,South Carolina,39705.0,4574.0,0.1654
2025,3,South Carolina,4702.0,823.0,0.1811
2025,3,South Carolina,125822.0,8049.0,0.078
2025,3,South Carolina,475586.33333,32217.0,0.0822
2025,3,South Dakota,110906.0,5085.0,0.0628
2025,3,South Dakota,12637.333333,1299.0,0.1327
2025,3,South Dakota,98268.666667,3786.0,0.0532
2025,3,South Dakota,101410.0,4081.0,0.055
2025,3,South Dakota,8690.3333333,857.0,0.1407
2025,3,South Dakota,805.66666667,147.0,0.1912
2025,3,South Dakota,69502.0,4096.0,0.0809
2025,3,South Dakota,41385.333333,988.0,0.0325
2025,3,Tennessee,602208.0,34698.0,0.0722
2025,3,Tennessee,53757.666667,6270.0,0.1481
2025,3,Tennessee,548450.33333,28428.0,0.0648
2025,3,Tennessee,550149.0,28447.0,0.0641
2025,3,Tennessee,47505.666667,5685.0,0.1749
2025,3,Tennessee,4553.3333333,566.0,0.1306
2025,3,Tennessee,199196.0,10598.0,0.0666
2025,3,Tennessee,402408.0,24070.0,0.0749
2025,3,Territories,18725.0,241.0,0.0257
2025,3,Texas,1820990.3333,192528.0,0.1374
2025,3,Texas,169449.33333,30957.0,0.2278
2025,3,Texas,1651541.0,161571.0,0.1276
2025,3,Texas,1671489.3333,166969.0,0.1287
2025,3,Texas,129197.0,21464.0,0.2534
2025,3,Texas,20304.0,4095.0,0.2107
2025,3,Texas,349124.66667,31553.0,0.1178
2025,3,Texas,1469730.6667,160825.0,0.142
2025,3,Utah,181389.33333,12633.0,0.092
2025,3,Utah,15531.0,1989.0,0.1728
2025,3,Utah,165858.33333,10644.0,0.0847
2025,3,Utah,167041.66667,10395.0,0.0815
2025,3,Utah,13049.666667,1989.0,0.2323
2025,3,Utah,1298.0,249.0,0.2075
2025,3,Utah,38762.666667,3089.0,0.1092
2025,3,Utah,142164.0,9507.0,0.0875
2025,3,Vermont,102980.66667,10791.0,0.1396
2025,3,Vermont,21364.666667,4027.0,0.2392
2025,3,Vermont,81616.0,6764.0,0.1119
2025,3,Vermont,90249.333333,8015.0,0.1178
2025,3,Vermont,12347.666667,2645.0,0.2984
2025,3,Vermont,383.66666667,131.0,0.356
2025,3,Vermont,76939.0,7558.0,0.1317
2025,3,Vermont,25734.333333,3197.0,0.1626
2025,3,Virgin Islands,12834.666667,479.0,0.0656
2025,3,Virginia,883291.66667,72149.0,0.1023
2025,3,Virginia,63746.0,9475.0,0.1885
2025,3,Virginia,819545.66667,62674.0,0.0957
2025,3,Virginia,824776.0,62648.0,0.0945
2025,3,Virginia,52281.0,8494.0,0.2342
2025,3,Virginia,6234.6666667,1007.0,0.1697
2025,3,Virginia,146078.0,8569.0,0.074
2025,3,Virginia,735930.33333,63492.0,0.1079
2025,3,Washington,652081.33333,64679.0,0.1388
2025,3,Washington,78993.666667,10239.0,0.1887
2025,3,Washington,573087.66667,54440.0,0.1322
2025,3,Washington,597860.33333,55822.0,0.1296
2025,3,Washington,49940.0,7890.0,0.2526
2025,3,Washington,4281.0,967.0,0.2401
2025,3,Washington,154391.66667,13280.0,0.1212
2025,3,Washington,497254.0,51376.0,0.1442
2025,3,West Virginia,173663.33333,12901.0,0.0968
2025,3,West Virginia,28748.0,4695.0,0.2122
2025,3,West Virginia,144915.33333,8206.0,0.0738
2025,3,West Virginia,149745.66667,9558.0,0.0821
2025,3,West Virginia,22840.333333,3165.0,0.2009
2025,3,West Virginia,1077.3333333,178.0,0.1721
2025,3,West Virginia,58375.0,4236.0,0.0941
2025,3,West Virginia,115146.0,8652.0,0.0981
2025,3,Wisconsin,491235.66667,34767.0,0.0975
2025,3,Wisconsin,68439.0,10588.0,0.2022
2025,3,Wisconsin,422796.66667,24179.0,0.0795
2025,3,Wisconsin,437726.0,25521.0,0.08
2025,3,Wisconsin,50017.333333,8542.0,0.2474
2025,3,Wisconsin,3492.3333333,704.0,0.217
2025,3,Wisconsin,193211.0,12605.0,0.0928
2025,3,Wisconsin,297943.33333,22157.0,0.1004
2025,3,Wyoming,95227.0,4208.0,0.0624
2025,3,Wyoming,8035.6666667,835.0,0.1329
2025,3,Wyoming,87191.333333,3373.0,0.0551
2025,3,Wyoming,88259.333333,3395.0,0.0542
2025,3,Wyoming,6551.3333333,734.0,0.1632
2025,3,Wyoming,416.33333333,79.0,0.2036
2025,3,Wyoming,67264.333333,3292.0,0.0701
2025,3,Wyoming,27954.333333,916.0,0.0447
